minecraft:acacia_door[facing=east,half=lower,hinge=left,open=false,powered=false]	3136
minecraft:acacia_door[facing=east,half=lower,hinge=left,open=false,powered=true]	3136
minecraft:acacia_door[facing=east,half=lower,hinge=left,open=true,powered=false]	3140
minecraft:acacia_door[facing=east,half=lower,hinge=left,open=true,powered=true]	3140
minecraft:acacia_door[facing=east,half=lower,hinge=right,open=false,powered=false]	3136
minecraft:acacia_door[facing=east,half=lower,hinge=right,open=false,powered=true]	3136
minecraft:acacia_door[facing=east,half=lower,hinge=right,open=true,powered=false]	3140
minecraft:acacia_door[facing=east,half=lower,hinge=right,open=true,powered=true]	3140
minecraft:acacia_door[facing=east,half=upper,hinge=left,open=false,powered=false]	3144
minecraft:acacia_door[facing=east,half=upper,hinge=left,open=false,powered=true]	3146
minecraft:acacia_door[facing=east,half=upper,hinge=left,open=true,powered=false]	3144
minecraft:acacia_door[facing=east,half=upper,hinge=left,open=true,powered=true]	3146
minecraft:acacia_door[facing=east,half=upper,hinge=right,open=false,powered=false]	3145
minecraft:acacia_door[facing=east,half=upper,hinge=right,open=false,powered=true]	3147
minecraft:acacia_door[facing=east,half=upper,hinge=right,open=true,powered=false]	3145
minecraft:acacia_door[facing=east,half=upper,hinge=right,open=true,powered=true]	3147
minecraft:acacia_door[facing=north,half=lower,hinge=left,open=false,powered=false]	3139
minecraft:acacia_door[facing=north,half=lower,hinge=left,open=false,powered=true]	3139
minecraft:acacia_door[facing=north,half=lower,hinge=left,open=true,powered=false]	3143
minecraft:acacia_door[facing=north,half=lower,hinge=left,open=true,powered=true]	3143
minecraft:acacia_door[facing=north,half=lower,hinge=right,open=false,powered=false]	3139
minecraft:acacia_door[facing=north,half=lower,hinge=right,open=false,powered=true]	3139
minecraft:acacia_door[facing=north,half=lower,hinge=right,open=true,powered=false]	3143
minecraft:acacia_door[facing=north,half=lower,hinge=right,open=true,powered=true]	3143
minecraft:acacia_door[facing=north,half=upper,hinge=left,open=false,powered=false]	3144
minecraft:acacia_door[facing=north,half=upper,hinge=left,open=false,powered=true]	3146
minecraft:acacia_door[facing=north,half=upper,hinge=left,open=true,powered=false]	3144
minecraft:acacia_door[facing=north,half=upper,hinge=left,open=true,powered=true]	3146
minecraft:acacia_door[facing=north,half=upper,hinge=right,open=false,powered=false]	3145
minecraft:acacia_door[facing=north,half=upper,hinge=right,open=false,powered=true]	3147
minecraft:acacia_door[facing=north,half=upper,hinge=right,open=true,powered=false]	3145
minecraft:acacia_door[facing=north,half=upper,hinge=right,open=true,powered=true]	3147
minecraft:acacia_door[facing=south,half=lower,hinge=left,open=false,powered=false]	3137
minecraft:acacia_door[facing=south,half=lower,hinge=left,open=false,powered=true]	3137
minecraft:acacia_door[facing=south,half=lower,hinge=left,open=true,powered=false]	3141
minecraft:acacia_door[facing=south,half=lower,hinge=left,open=true,powered=true]	3141
minecraft:acacia_door[facing=south,half=lower,hinge=right,open=false,powered=false]	3137
minecraft:acacia_door[facing=south,half=lower,hinge=right,open=false,powered=true]	3137
minecraft:acacia_door[facing=south,half=lower,hinge=right,open=true,powered=false]	3141
minecraft:acacia_door[facing=south,half=lower,hinge=right,open=true,powered=true]	3141
minecraft:acacia_door[facing=south,half=upper,hinge=left,open=false,powered=false]	3144
minecraft:acacia_door[facing=south,half=upper,hinge=left,open=false,powered=true]	3146
minecraft:acacia_door[facing=south,half=upper,hinge=left,open=true,powered=false]	3144
minecraft:acacia_door[facing=south,half=upper,hinge=left,open=true,powered=true]	3146
minecraft:acacia_door[facing=south,half=upper,hinge=right,open=false,powered=false]	3145
minecraft:acacia_door[facing=south,half=upper,hinge=right,open=false,powered=true]	3147
minecraft:acacia_door[facing=south,half=upper,hinge=right,open=true,powered=false]	3145
minecraft:acacia_door[facing=south,half=upper,hinge=right,open=true,powered=true]	3147
minecraft:acacia_door[facing=west,half=lower,hinge=left,open=false,powered=false]	3138
minecraft:acacia_door[facing=west,half=lower,hinge=left,open=false,powered=true]	3138
minecraft:acacia_door[facing=west,half=lower,hinge=left,open=true,powered=false]	3142
minecraft:acacia_door[facing=west,half=lower,hinge=left,open=true,powered=true]	3142
minecraft:acacia_door[facing=west,half=lower,hinge=right,open=false,powered=false]	3138
minecraft:acacia_door[facing=west,half=lower,hinge=right,open=false,powered=true]	3138
minecraft:acacia_door[facing=west,half=lower,hinge=right,open=true,powered=false]	3142
minecraft:acacia_door[facing=west,half=lower,hinge=right,open=true,powered=true]	3142
minecraft:acacia_door[facing=west,half=upper,hinge=left,open=false,powered=false]	3144
minecraft:acacia_door[facing=west,half=upper,hinge=left,open=false,powered=true]	3146
minecraft:acacia_door[facing=west,half=upper,hinge=left,open=true,powered=false]	3144
minecraft:acacia_door[facing=west,half=upper,hinge=left,open=true,powered=true]	3146
minecraft:acacia_door[facing=west,half=upper,hinge=right,open=false,powered=false]	3145
minecraft:acacia_door[facing=west,half=upper,hinge=right,open=false,powered=true]	3147
minecraft:acacia_door[facing=west,half=upper,hinge=right,open=true,powered=false]	3145
minecraft:acacia_door[facing=west,half=upper,hinge=right,open=true,powered=true]	3147
minecraft:acacia_fence[east=false,north=false,south=false,west=false]	3072
minecraft:acacia_fence[east=false,north=false,south=false,west=true]	3072
minecraft:acacia_fence[east=false,north=false,south=true,west=false]	3072
minecraft:acacia_fence[east=false,north=false,south=true,west=true]	3072
minecraft:acacia_fence[east=false,north=true,south=false,west=false]	3072
minecraft:acacia_fence[east=false,north=true,south=false,west=true]	3072
minecraft:acacia_fence[east=false,north=true,south=true,west=false]	3072
minecraft:acacia_fence[east=false,north=true,south=true,west=true]	3072
minecraft:acacia_fence[east=true,north=false,south=false,west=false]	3072
minecraft:acacia_fence[east=true,north=false,south=false,west=true]	3072
minecraft:acacia_fence[east=true,north=false,south=true,west=false]	3072
minecraft:acacia_fence[east=true,north=false,south=true,west=true]	3072
minecraft:acacia_fence[east=true,north=true,south=false,west=false]	3072
minecraft:acacia_fence[east=true,north=true,south=false,west=true]	3072
minecraft:acacia_fence[east=true,north=true,south=true,west=false]	3072
minecraft:acacia_fence[east=true,north=true,south=true,west=true]	3072
minecraft:acacia_fence_gate[facing=east,in_wall=false,open=false,powered=false]	2995
minecraft:acacia_fence_gate[facing=east,in_wall=false,open=false,powered=true]	3003
minecraft:acacia_fence_gate[facing=east,in_wall=false,open=true,powered=false]	2999
minecraft:acacia_fence_gate[facing=east,in_wall=false,open=true,powered=true]	3007
minecraft:acacia_fence_gate[facing=east,in_wall=true,open=false,powered=false]	2995
minecraft:acacia_fence_gate[facing=east,in_wall=true,open=false,powered=true]	3003
minecraft:acacia_fence_gate[facing=east,in_wall=true,open=true,powered=false]	2999
minecraft:acacia_fence_gate[facing=east,in_wall=true,open=true,powered=true]	3007
minecraft:acacia_fence_gate[facing=north,in_wall=false,open=false,powered=false]	2994
minecraft:acacia_fence_gate[facing=north,in_wall=false,open=false,powered=true]	3002
minecraft:acacia_fence_gate[facing=north,in_wall=false,open=true,powered=false]	2998
minecraft:acacia_fence_gate[facing=north,in_wall=false,open=true,powered=true]	3006
minecraft:acacia_fence_gate[facing=north,in_wall=true,open=false,powered=false]	2994
minecraft:acacia_fence_gate[facing=north,in_wall=true,open=false,powered=true]	3002
minecraft:acacia_fence_gate[facing=north,in_wall=true,open=true,powered=false]	2998
minecraft:acacia_fence_gate[facing=north,in_wall=true,open=true,powered=true]	3006
minecraft:acacia_fence_gate[facing=south,in_wall=false,open=false,powered=false]	2992
minecraft:acacia_fence_gate[facing=south,in_wall=false,open=false,powered=true]	3000
minecraft:acacia_fence_gate[facing=south,in_wall=false,open=true,powered=false]	2996
minecraft:acacia_fence_gate[facing=south,in_wall=false,open=true,powered=true]	3004
minecraft:acacia_fence_gate[facing=south,in_wall=true,open=false,powered=false]	2992
minecraft:acacia_fence_gate[facing=south,in_wall=true,open=false,powered=true]	3000
minecraft:acacia_fence_gate[facing=south,in_wall=true,open=true,powered=false]	2996
minecraft:acacia_fence_gate[facing=south,in_wall=true,open=true,powered=true]	3004
minecraft:acacia_fence_gate[facing=west,in_wall=false,open=false,powered=false]	2993
minecraft:acacia_fence_gate[facing=west,in_wall=false,open=false,powered=true]	3001
minecraft:acacia_fence_gate[facing=west,in_wall=false,open=true,powered=false]	2997
minecraft:acacia_fence_gate[facing=west,in_wall=false,open=true,powered=true]	3005
minecraft:acacia_fence_gate[facing=west,in_wall=true,open=false,powered=false]	2993
minecraft:acacia_fence_gate[facing=west,in_wall=true,open=false,powered=true]	3001
minecraft:acacia_fence_gate[facing=west,in_wall=true,open=true,powered=false]	2997
minecraft:acacia_fence_gate[facing=west,in_wall=true,open=true,powered=true]	3005
minecraft:acacia_stairs[facing=east,half=bottom,shape=inner_left]	2608
minecraft:acacia_stairs[facing=east,half=bottom,shape=inner_right]	2608
minecraft:acacia_stairs[facing=east,half=bottom,shape=outer_left]	2608
minecraft:acacia_stairs[facing=east,half=bottom,shape=outer_right]	2608
minecraft:acacia_stairs[facing=east,half=bottom,shape=straight]	2608
minecraft:acacia_stairs[facing=east,half=top,shape=inner_left]	2612
minecraft:acacia_stairs[facing=east,half=top,shape=inner_right]	2612
minecraft:acacia_stairs[facing=east,half=top,shape=outer_left]	2612
minecraft:acacia_stairs[facing=east,half=top,shape=outer_right]	2612
minecraft:acacia_stairs[facing=east,half=top,shape=straight]	2612
minecraft:acacia_stairs[facing=north,half=bottom,shape=inner_left]	2611
minecraft:acacia_stairs[facing=north,half=bottom,shape=inner_right]	2611
minecraft:acacia_stairs[facing=north,half=bottom,shape=outer_left]	2611
minecraft:acacia_stairs[facing=north,half=bottom,shape=outer_right]	2611
minecraft:acacia_stairs[facing=north,half=bottom,shape=straight]	2611
minecraft:acacia_stairs[facing=north,half=top,shape=inner_left]	2615
minecraft:acacia_stairs[facing=north,half=top,shape=inner_right]	2615
minecraft:acacia_stairs[facing=north,half=top,shape=outer_left]	2615
minecraft:acacia_stairs[facing=north,half=top,shape=outer_right]	2615
minecraft:acacia_stairs[facing=north,half=top,shape=straight]	2615
minecraft:acacia_stairs[facing=south,half=bottom,shape=inner_left]	2610
minecraft:acacia_stairs[facing=south,half=bottom,shape=inner_right]	2610
minecraft:acacia_stairs[facing=south,half=bottom,shape=outer_left]	2610
minecraft:acacia_stairs[facing=south,half=bottom,shape=outer_right]	2610
minecraft:acacia_stairs[facing=south,half=bottom,shape=straight]	2610
minecraft:acacia_stairs[facing=south,half=top,shape=inner_left]	2614
minecraft:acacia_stairs[facing=south,half=top,shape=inner_right]	2614
minecraft:acacia_stairs[facing=south,half=top,shape=outer_left]	2614
minecraft:acacia_stairs[facing=south,half=top,shape=outer_right]	2614
minecraft:acacia_stairs[facing=south,half=top,shape=straight]	2614
minecraft:acacia_stairs[facing=west,half=bottom,shape=inner_left]	2609
minecraft:acacia_stairs[facing=west,half=bottom,shape=inner_right]	2609
minecraft:acacia_stairs[facing=west,half=bottom,shape=outer_left]	2609
minecraft:acacia_stairs[facing=west,half=bottom,shape=outer_right]	2609
minecraft:acacia_stairs[facing=west,half=bottom,shape=straight]	2609
minecraft:acacia_stairs[facing=west,half=top,shape=inner_left]	2613
minecraft:acacia_stairs[facing=west,half=top,shape=inner_right]	2613
minecraft:acacia_stairs[facing=west,half=top,shape=outer_left]	2613
minecraft:acacia_stairs[facing=west,half=top,shape=outer_right]	2613
minecraft:acacia_stairs[facing=west,half=top,shape=straight]	2613
minecraft:activator_rail[powered=false,shape=ascending_east]	2514
minecraft:activator_rail[powered=false,shape=ascending_north]	2516
minecraft:activator_rail[powered=false,shape=ascending_south]	2517
minecraft:activator_rail[powered=false,shape=ascending_west]	2515
minecraft:activator_rail[powered=false,shape=east_west]	2513
minecraft:activator_rail[powered=false,shape=north_south]	2512
minecraft:activator_rail[powered=true,shape=ascending_east]	2522
minecraft:activator_rail[powered=true,shape=ascending_north]	2524
minecraft:activator_rail[powered=true,shape=ascending_south]	2525
minecraft:activator_rail[powered=true,shape=ascending_west]	2523
minecraft:activator_rail[powered=true,shape=east_west]	2521
minecraft:activator_rail[powered=true,shape=north_south]	2520
minecraft:air	0
minecraft:anvil[damage=0,facing=east]	2323
minecraft:anvil[damage=0,facing=north]	2322
minecraft:anvil[damage=0,facing=south]	2320
minecraft:anvil[damage=0,facing=west]	2321
minecraft:anvil[damage=1,facing=east]	2327
minecraft:anvil[damage=1,facing=north]	2326
minecraft:anvil[damage=1,facing=south]	2324
minecraft:anvil[damage=1,facing=west]	2325
minecraft:anvil[damage=2,facing=east]	2331
minecraft:anvil[damage=2,facing=north]	2330
minecraft:anvil[damage=2,facing=south]	2328
minecraft:anvil[damage=2,facing=west]	2329
minecraft:barrier	2656
minecraft:beacon	2208
minecraft:bed[facing=east,occupied=false,part=foot]	419
minecraft:bed[facing=east,occupied=false,part=head]	427
minecraft:bed[facing=east,occupied=true,part=foot]	419
minecraft:bed[facing=east,occupied=true,part=head]	431
minecraft:bed[facing=north,occupied=false,part=foot]	418
minecraft:bed[facing=north,occupied=false,part=head]	426
minecraft:bed[facing=north,occupied=true,part=foot]	418
minecraft:bed[facing=north,occupied=true,part=head]	430
minecraft:bed[facing=south,occupied=false,part=foot]	416
minecraft:bed[facing=south,occupied=false,part=head]	424
minecraft:bed[facing=south,occupied=true,part=foot]	416
minecraft:bed[facing=south,occupied=true,part=head]	428
minecraft:bed[facing=west,occupied=false,part=foot]	417
minecraft:bed[facing=west,occupied=false,part=head]	425
minecraft:bed[facing=west,occupied=true,part=foot]	417
minecraft:bed[facing=west,occupied=true,part=head]	429
minecraft:bedrock	112
minecraft:beetroots[age=0]	3312
minecraft:beetroots[age=1]	3313
minecraft:beetroots[age=2]	3314
minecraft:beetroots[age=3]	3315
minecraft:birch_door[facing=east,half=lower,hinge=left,open=false,powered=false]	3104
minecraft:birch_door[facing=east,half=lower,hinge=left,open=false,powered=true]	3104
minecraft:birch_door[facing=east,half=lower,hinge=left,open=true,powered=false]	3108
minecraft:birch_door[facing=east,half=lower,hinge=left,open=true,powered=true]	3108
minecraft:birch_door[facing=east,half=lower,hinge=right,open=false,powered=false]	3104
minecraft:birch_door[facing=east,half=lower,hinge=right,open=false,powered=true]	3104
minecraft:birch_door[facing=east,half=lower,hinge=right,open=true,powered=false]	3108
minecraft:birch_door[facing=east,half=lower,hinge=right,open=true,powered=true]	3108
minecraft:birch_door[facing=east,half=upper,hinge=left,open=false,powered=false]	3112
minecraft:birch_door[facing=east,half=upper,hinge=left,open=false,powered=true]	3114
minecraft:birch_door[facing=east,half=upper,hinge=left,open=true,powered=false]	3112
minecraft:birch_door[facing=east,half=upper,hinge=left,open=true,powered=true]	3114
minecraft:birch_door[facing=east,half=upper,hinge=right,open=false,powered=false]	3113
minecraft:birch_door[facing=east,half=upper,hinge=right,open=false,powered=true]	3115
minecraft:birch_door[facing=east,half=upper,hinge=right,open=true,powered=false]	3113
minecraft:birch_door[facing=east,half=upper,hinge=right,open=true,powered=true]	3115
minecraft:birch_door[facing=north,half=lower,hinge=left,open=false,powered=false]	3107
minecraft:birch_door[facing=north,half=lower,hinge=left,open=false,powered=true]	3107
minecraft:birch_door[facing=north,half=lower,hinge=left,open=true,powered=false]	3111
minecraft:birch_door[facing=north,half=lower,hinge=left,open=true,powered=true]	3111
minecraft:birch_door[facing=north,half=lower,hinge=right,open=false,powered=false]	3107
minecraft:birch_door[facing=north,half=lower,hinge=right,open=false,powered=true]	3107
minecraft:birch_door[facing=north,half=lower,hinge=right,open=true,powered=false]	3111
minecraft:birch_door[facing=north,half=lower,hinge=right,open=true,powered=true]	3111
minecraft:birch_door[facing=north,half=upper,hinge=left,open=false,powered=false]	3112
minecraft:birch_door[facing=north,half=upper,hinge=left,open=false,powered=true]	3114
minecraft:birch_door[facing=north,half=upper,hinge=left,open=true,powered=false]	3112
minecraft:birch_door[facing=north,half=upper,hinge=left,open=true,powered=true]	3114
minecraft:birch_door[facing=north,half=upper,hinge=right,open=false,powered=false]	3113
minecraft:birch_door[facing=north,half=upper,hinge=right,open=false,powered=true]	3115
minecraft:birch_door[facing=north,half=upper,hinge=right,open=true,powered=false]	3113
minecraft:birch_door[facing=north,half=upper,hinge=right,open=true,powered=true]	3115
minecraft:birch_door[facing=south,half=lower,hinge=left,open=false,powered=false]	3105
minecraft:birch_door[facing=south,half=lower,hinge=left,open=false,powered=true]	3105
minecraft:birch_door[facing=south,half=lower,hinge=left,open=true,powered=false]	3109
minecraft:birch_door[facing=south,half=lower,hinge=left,open=true,powered=true]	3109
minecraft:birch_door[facing=south,half=lower,hinge=right,open=false,powered=false]	3105
minecraft:birch_door[facing=south,half=lower,hinge=right,open=false,powered=true]	3105
minecraft:birch_door[facing=south,half=lower,hinge=right,open=true,powered=false]	3109
minecraft:birch_door[facing=south,half=lower,hinge=right,open=true,powered=true]	3109
minecraft:birch_door[facing=south,half=upper,hinge=left,open=false,powered=false]	3112
minecraft:birch_door[facing=south,half=upper,hinge=left,open=false,powered=true]	3114
minecraft:birch_door[facing=south,half=upper,hinge=left,open=true,powered=false]	3112
minecraft:birch_door[facing=south,half=upper,hinge=left,open=true,powered=true]	3114
minecraft:birch_door[facing=south,half=upper,hinge=right,open=false,powered=false]	3113
minecraft:birch_door[facing=south,half=upper,hinge=right,open=false,powered=true]	3115
minecraft:birch_door[facing=south,half=upper,hinge=right,open=true,powered=false]	3113
minecraft:birch_door[facing=south,half=upper,hinge=right,open=true,powered=true]	3115
minecraft:birch_door[facing=west,half=lower,hinge=left,open=false,powered=false]	3106
minecraft:birch_door[facing=west,half=lower,hinge=left,open=false,powered=true]	3106
minecraft:birch_door[facing=west,half=lower,hinge=left,open=true,powered=false]	3110
minecraft:birch_door[facing=west,half=lower,hinge=left,open=true,powered=true]	3110
minecraft:birch_door[facing=west,half=lower,hinge=right,open=false,powered=false]	3106
minecraft:birch_door[facing=west,half=lower,hinge=right,open=false,powered=true]	3106
minecraft:birch_door[facing=west,half=lower,hinge=right,open=true,powered=false]	3110
minecraft:birch_door[facing=west,half=lower,hinge=right,open=true,powered=true]	3110
minecraft:birch_door[facing=west,half=upper,hinge=left,open=false,powered=false]	3112
minecraft:birch_door[facing=west,half=upper,hinge=left,open=false,powered=true]	3114
minecraft:birch_door[facing=west,half=upper,hinge=left,open=true,powered=false]	3112
minecraft:birch_door[facing=west,half=upper,hinge=left,open=true,powered=true]	3114
minecraft:birch_door[facing=west,half=upper,hinge=right,open=false,powered=false]	3113
minecraft:birch_door[facing=west,half=upper,hinge=right,open=false,powered=true]	3115
minecraft:birch_door[facing=west,half=upper,hinge=right,open=true,powered=false]	3113
minecraft:birch_door[facing=west,half=upper,hinge=right,open=true,powered=true]	3115
minecraft:birch_fence[east=false,north=false,south=false,west=false]	3024
minecraft:birch_fence[east=false,north=false,south=false,west=true]	3024
minecraft:birch_fence[east=false,north=false,south=true,west=false]	3024
minecraft:birch_fence[east=false,north=false,south=true,west=true]	3024
minecraft:birch_fence[east=false,north=true,south=false,west=false]	3024
minecraft:birch_fence[east=false,north=true,south=false,west=true]	3024
minecraft:birch_fence[east=false,north=true,south=true,west=false]	3024
minecraft:birch_fence[east=false,north=true,south=true,west=true]	3024
minecraft:birch_fence[east=true,north=false,south=false,west=false]	3024
minecraft:birch_fence[east=true,north=false,south=false,west=true]	3024
minecraft:birch_fence[east=true,north=false,south=true,west=false]	3024
minecraft:birch_fence[east=true,north=false,south=true,west=true]	3024
minecraft:birch_fence[east=true,north=true,south=false,west=false]	3024
minecraft:birch_fence[east=true,north=true,south=false,west=true]	3024
minecraft:birch_fence[east=true,north=true,south=true,west=false]	3024
minecraft:birch_fence[east=true,north=true,south=true,west=true]	3024
minecraft:birch_fence_gate[facing=east,in_wall=false,open=false,powered=false]	2947
minecraft:birch_fence_gate[facing=east,in_wall=false,open=false,powered=true]	2955
minecraft:birch_fence_gate[facing=east,in_wall=false,open=true,powered=false]	2951
minecraft:birch_fence_gate[facing=east,in_wall=false,open=true,powered=true]	2959
minecraft:birch_fence_gate[facing=east,in_wall=true,open=false,powered=false]	2947
minecraft:birch_fence_gate[facing=east,in_wall=true,open=false,powered=true]	2955
minecraft:birch_fence_gate[facing=east,in_wall=true,open=true,powered=false]	2951
minecraft:birch_fence_gate[facing=east,in_wall=true,open=true,powered=true]	2959
minecraft:birch_fence_gate[facing=north,in_wall=false,open=false,powered=false]	2946
minecraft:birch_fence_gate[facing=north,in_wall=false,open=false,powered=true]	2954
minecraft:birch_fence_gate[facing=north,in_wall=false,open=true,powered=false]	2950
minecraft:birch_fence_gate[facing=north,in_wall=false,open=true,powered=true]	2958
minecraft:birch_fence_gate[facing=north,in_wall=true,open=false,powered=false]	2946
minecraft:birch_fence_gate[facing=north,in_wall=true,open=false,powered=true]	2954
minecraft:birch_fence_gate[facing=north,in_wall=true,open=true,powered=false]	2950
minecraft:birch_fence_gate[facing=north,in_wall=true,open=true,powered=true]	2958
minecraft:birch_fence_gate[facing=south,in_wall=false,open=false,powered=false]	2944
minecraft:birch_fence_gate[facing=south,in_wall=false,open=false,powered=true]	2952
minecraft:birch_fence_gate[facing=south,in_wall=false,open=true,powered=false]	2948
minecraft:birch_fence_gate[facing=south,in_wall=false,open=true,powered=true]	2956
minecraft:birch_fence_gate[facing=south,in_wall=true,open=false,powered=false]	2944
minecraft:birch_fence_gate[facing=south,in_wall=true,open=false,powered=true]	2952
minecraft:birch_fence_gate[facing=south,in_wall=true,open=true,powered=false]	2948
minecraft:birch_fence_gate[facing=south,in_wall=true,open=true,powered=true]	2956
minecraft:birch_fence_gate[facing=west,in_wall=false,open=false,powered=false]	2945
minecraft:birch_fence_gate[facing=west,in_wall=false,open=false,powered=true]	2953
minecraft:birch_fence_gate[facing=west,in_wall=false,open=true,powered=false]	2949
minecraft:birch_fence_gate[facing=west,in_wall=false,open=true,powered=true]	2957
minecraft:birch_fence_gate[facing=west,in_wall=true,open=false,powered=false]	2945
minecraft:birch_fence_gate[facing=west,in_wall=true,open=false,powered=true]	2953
minecraft:birch_fence_gate[facing=west,in_wall=true,open=true,powered=false]	2949
minecraft:birch_fence_gate[facing=west,in_wall=true,open=true,powered=true]	2957
minecraft:birch_stairs[facing=east,half=bottom,shape=inner_left]	2160
minecraft:birch_stairs[facing=east,half=bottom,shape=inner_right]	2160
minecraft:birch_stairs[facing=east,half=bottom,shape=outer_left]	2160
minecraft:birch_stairs[facing=east,half=bottom,shape=outer_right]	2160
minecraft:birch_stairs[facing=east,half=bottom,shape=straight]	2160
minecraft:birch_stairs[facing=east,half=top,shape=inner_left]	2164
minecraft:birch_stairs[facing=east,half=top,shape=inner_right]	2164
minecraft:birch_stairs[facing=east,half=top,shape=outer_left]	2164
minecraft:birch_stairs[facing=east,half=top,shape=outer_right]	2164
minecraft:birch_stairs[facing=east,half=top,shape=straight]	2164
minecraft:birch_stairs[facing=north,half=bottom,shape=inner_left]	2163
minecraft:birch_stairs[facing=north,half=bottom,shape=inner_right]	2163
minecraft:birch_stairs[facing=north,half=bottom,shape=outer_left]	2163
minecraft:birch_stairs[facing=north,half=bottom,shape=outer_right]	2163
minecraft:birch_stairs[facing=north,half=bottom,shape=straight]	2163
minecraft:birch_stairs[facing=north,half=top,shape=inner_left]	2167
minecraft:birch_stairs[facing=north,half=top,shape=inner_right]	2167
minecraft:birch_stairs[facing=north,half=top,shape=outer_left]	2167
minecraft:birch_stairs[facing=north,half=top,shape=outer_right]	2167
minecraft:birch_stairs[facing=north,half=top,shape=straight]	2167
minecraft:birch_stairs[facing=south,half=bottom,shape=inner_left]	2162
minecraft:birch_stairs[facing=south,half=bottom,shape=inner_right]	2162
minecraft:birch_stairs[facing=south,half=bottom,shape=outer_left]	2162
minecraft:birch_stairs[facing=south,half=bottom,shape=outer_right]	2162
minecraft:birch_stairs[facing=south,half=bottom,shape=straight]	2162
minecraft:birch_stairs[facing=south,half=top,shape=inner_left]	2166
minecraft:birch_stairs[facing=south,half=top,shape=inner_right]	2166
minecraft:birch_stairs[facing=south,half=top,shape=outer_left]	2166
minecraft:birch_stairs[facing=south,half=top,shape=outer_right]	2166
minecraft:birch_stairs[facing=south,half=top,shape=straight]	2166
minecraft:birch_stairs[facing=west,half=bottom,shape=inner_left]	2161
minecraft:birch_stairs[facing=west,half=bottom,shape=inner_right]	2161
minecraft:birch_stairs[facing=west,half=bottom,shape=outer_left]	2161
minecraft:birch_stairs[facing=west,half=bottom,shape=outer_right]	2161
minecraft:birch_stairs[facing=west,half=bottom,shape=straight]	2161
minecraft:birch_stairs[facing=west,half=top,shape=inner_left]	2165
minecraft:birch_stairs[facing=west,half=top,shape=inner_right]	2165
minecraft:birch_stairs[facing=west,half=top,shape=outer_left]	2165
minecraft:birch_stairs[facing=west,half=top,shape=outer_right]	2165
minecraft:birch_stairs[facing=west,half=top,shape=straight]	2165
minecraft:black_glazed_terracotta[facing=east]	4003
minecraft:black_glazed_terracotta[facing=north]	4002
minecraft:black_glazed_terracotta[facing=south]	4000
minecraft:black_glazed_terracotta[facing=west]	4001
minecraft:black_shulker_box[facing=down]	3744
minecraft:black_shulker_box[facing=east]	3749
minecraft:black_shulker_box[facing=north]	3746
minecraft:black_shulker_box[facing=south]	3747
minecraft:black_shulker_box[facing=up]	3745
minecraft:black_shulker_box[facing=west]	3748
minecraft:blue_glazed_terracotta[facing=east]	3939
minecraft:blue_glazed_terracotta[facing=north]	3938
minecraft:blue_glazed_terracotta[facing=south]	3936
minecraft:blue_glazed_terracotta[facing=west]	3937
minecraft:blue_shulker_box[facing=down]	3680
minecraft:blue_shulker_box[facing=east]	3685
minecraft:blue_shulker_box[facing=north]	3682
minecraft:blue_shulker_box[facing=south]	3683
minecraft:blue_shulker_box[facing=up]	3681
minecraft:blue_shulker_box[facing=west]	3684
minecraft:bone_block[axis=x]	3460
minecraft:bone_block[axis=y]	3456
minecraft:bone_block[axis=z]	3464
minecraft:bookshelf	752
minecraft:brewing_stand[has_bottle_0=false,has_bottle_1=false,has_bottle_2=false]	1872
minecraft:brewing_stand[has_bottle_0=false,has_bottle_1=false,has_bottle_2=true]	1876
minecraft:brewing_stand[has_bottle_0=false,has_bottle_1=true,has_bottle_2=false]	1874
minecraft:brewing_stand[has_bottle_0=false,has_bottle_1=true,has_bottle_2=true]	1878
minecraft:brewing_stand[has_bottle_0=true,has_bottle_1=false,has_bottle_2=false]	1873
minecraft:brewing_stand[has_bottle_0=true,has_bottle_1=false,has_bottle_2=true]	1877
minecraft:brewing_stand[has_bottle_0=true,has_bottle_1=true,has_bottle_2=false]	1875
minecraft:brewing_stand[has_bottle_0=true,has_bottle_1=true,has_bottle_2=true]	1879
minecraft:brick_block	720
minecraft:brick_stairs[facing=east,half=bottom,shape=inner_left]	1728
minecraft:brick_stairs[facing=east,half=bottom,shape=inner_right]	1728
minecraft:brick_stairs[facing=east,half=bottom,shape=outer_left]	1728
minecraft:brick_stairs[facing=east,half=bottom,shape=outer_right]	1728
minecraft:brick_stairs[facing=east,half=bottom,shape=straight]	1728
minecraft:brick_stairs[facing=east,half=top,shape=inner_left]	1732
minecraft:brick_stairs[facing=east,half=top,shape=inner_right]	1732
minecraft:brick_stairs[facing=east,half=top,shape=outer_left]	1732
minecraft:brick_stairs[facing=east,half=top,shape=outer_right]	1732
minecraft:brick_stairs[facing=east,half=top,shape=straight]	1732
minecraft:brick_stairs[facing=north,half=bottom,shape=inner_left]	1731
minecraft:brick_stairs[facing=north,half=bottom,shape=inner_right]	1731
minecraft:brick_stairs[facing=north,half=bottom,shape=outer_left]	1731
minecraft:brick_stairs[facing=north,half=bottom,shape=outer_right]	1731
minecraft:brick_stairs[facing=north,half=bottom,shape=straight]	1731
minecraft:brick_stairs[facing=north,half=top,shape=inner_left]	1735
minecraft:brick_stairs[facing=north,half=top,shape=inner_right]	1735
minecraft:brick_stairs[facing=north,half=top,shape=outer_left]	1735
minecraft:brick_stairs[facing=north,half=top,shape=outer_right]	1735
minecraft:brick_stairs[facing=north,half=top,shape=straight]	1735
minecraft:brick_stairs[facing=south,half=bottom,shape=inner_left]	1730
minecraft:brick_stairs[facing=south,half=bottom,shape=inner_right]	1730
minecraft:brick_stairs[facing=south,half=bottom,shape=outer_left]	1730
minecraft:brick_stairs[facing=south,half=bottom,shape=outer_right]	1730
minecraft:brick_stairs[facing=south,half=bottom,shape=straight]	1730
minecraft:brick_stairs[facing=south,half=top,shape=inner_left]	1734
minecraft:brick_stairs[facing=south,half=top,shape=inner_right]	1734
minecraft:brick_stairs[facing=south,half=top,shape=outer_left]	1734
minecraft:brick_stairs[facing=south,half=top,shape=outer_right]	1734
minecraft:brick_stairs[facing=south,half=top,shape=straight]	1734
minecraft:brick_stairs[facing=west,half=bottom,shape=inner_left]	1729
minecraft:brick_stairs[facing=west,half=bottom,shape=inner_right]	1729
minecraft:brick_stairs[facing=west,half=bottom,shape=outer_left]	1729
minecraft:brick_stairs[facing=west,half=bottom,shape=outer_right]	1729
minecraft:brick_stairs[facing=west,half=bottom,shape=straight]	1729
minecraft:brick_stairs[facing=west,half=top,shape=inner_left]	1733
minecraft:brick_stairs[facing=west,half=top,shape=inner_right]	1733
minecraft:brick_stairs[facing=west,half=top,shape=outer_left]	1733
minecraft:brick_stairs[facing=west,half=top,shape=outer_right]	1733
minecraft:brick_stairs[facing=west,half=top,shape=straight]	1733
minecraft:brown_glazed_terracotta[facing=east]	3955
minecraft:brown_glazed_terracotta[facing=north]	3954
minecraft:brown_glazed_terracotta[facing=south]	3952
minecraft:brown_glazed_terracotta[facing=west]	3953
minecraft:brown_mushroom	624
minecraft:brown_mushroom_block[variant=all_inside]	1584
minecraft:brown_mushroom_block[variant=all_outside]	1598
minecraft:brown_mushroom_block[variant=all_stem]	1599
minecraft:brown_mushroom_block[variant=center]	1589
minecraft:brown_mushroom_block[variant=east]	1590
minecraft:brown_mushroom_block[variant=north]	1586
minecraft:brown_mushroom_block[variant=north_east]	1587
minecraft:brown_mushroom_block[variant=north_west]	1585
minecraft:brown_mushroom_block[variant=south]	1592
minecraft:brown_mushroom_block[variant=south_east]	1593
minecraft:brown_mushroom_block[variant=south_west]	1591
minecraft:brown_mushroom_block[variant=stem]	1594
minecraft:brown_mushroom_block[variant=west]	1588
minecraft:brown_shulker_box[facing=down]	3696
minecraft:brown_shulker_box[facing=east]	3701
minecraft:brown_shulker_box[facing=north]	3698
minecraft:brown_shulker_box[facing=south]	3699
minecraft:brown_shulker_box[facing=up]	3697
minecraft:brown_shulker_box[facing=west]	3700
minecraft:cactus[age=0]	1296
minecraft:cactus[age=10]	1306
minecraft:cactus[age=11]	1307
minecraft:cactus[age=12]	1308
minecraft:cactus[age=13]	1309
minecraft:cactus[age=14]	1310
minecraft:cactus[age=15]	1311
minecraft:cactus[age=1]	1297
minecraft:cactus[age=2]	1298
minecraft:cactus[age=3]	1299
minecraft:cactus[age=4]	1300
minecraft:cactus[age=5]	1301
minecraft:cactus[age=6]	1302
minecraft:cactus[age=7]	1303
minecraft:cactus[age=8]	1304
minecraft:cactus[age=9]	1305
minecraft:cake[bites=0]	1472
minecraft:cake[bites=1]	1473
minecraft:cake[bites=2]	1474
minecraft:cake[bites=3]	1475
minecraft:cake[bites=4]	1476
minecraft:cake[bites=5]	1477
minecraft:cake[bites=6]	1478
minecraft:carpet[color=black]	2751
minecraft:carpet[color=blue]	2747
minecraft:carpet[color=brown]	2748
minecraft:carpet[color=cyan]	2745
minecraft:carpet[color=gray]	2743
minecraft:carpet[color=green]	2749
minecraft:carpet[color=light_blue]	2739
minecraft:carpet[color=lime]	2741
minecraft:carpet[color=magenta]	2738
minecraft:carpet[color=orange]	2737
minecraft:carpet[color=pink]	2742
minecraft:carpet[color=purple]	2746
minecraft:carpet[color=red]	2750
minecraft:carpet[color=silver]	2744
minecraft:carpet[color=white]	2736
minecraft:carpet[color=yellow]	2740
minecraft:carrots[age=0]	2256
minecraft:carrots[age=1]	2257
minecraft:carrots[age=2]	2258
minecraft:carrots[age=3]	2259
minecraft:carrots[age=4]	2260
minecraft:carrots[age=5]	2261
minecraft:carrots[age=6]	2262
minecraft:carrots[age=7]	2263
minecraft:cauldron[level=0]	1888
minecraft:cauldron[level=1]	1889
minecraft:cauldron[level=2]	1890
minecraft:cauldron[level=3]	1891
minecraft:chain_command_block[conditional=false,facing=down]	3376
minecraft:chain_command_block[conditional=false,facing=east]	3381
minecraft:chain_command_block[conditional=false,facing=north]	3378
minecraft:chain_command_block[conditional=false,facing=south]	3379
minecraft:chain_command_block[conditional=false,facing=up]	3377
minecraft:chain_command_block[conditional=false,facing=west]	3380
minecraft:chain_command_block[conditional=true,facing=down]	3384
minecraft:chain_command_block[conditional=true,facing=east]	3389
minecraft:chain_command_block[conditional=true,facing=north]	3386
minecraft:chain_command_block[conditional=true,facing=south]	3387
minecraft:chain_command_block[conditional=true,facing=up]	3385
minecraft:chain_command_block[conditional=true,facing=west]	3388
minecraft:chest[facing=east]	869
minecraft:chest[facing=north]	866
minecraft:chest[facing=south]	867
minecraft:chest[facing=west]	868
minecraft:chorus_flower[age=0]	3200
minecraft:chorus_flower[age=1]	3201
minecraft:chorus_flower[age=2]	3202
minecraft:chorus_flower[age=3]	3203
minecraft:chorus_flower[age=4]	3204
minecraft:chorus_flower[age=5]	3205
minecraft:chorus_plant[down=false,east=false,north=false,south=false,up=false,west=false]	3184
minecraft:chorus_plant[down=false,east=false,north=false,south=false,up=false,west=true]	3184
minecraft:chorus_plant[down=false,east=false,north=false,south=false,up=true,west=false]	3184
minecraft:chorus_plant[down=false,east=false,north=false,south=false,up=true,west=true]	3184
minecraft:chorus_plant[down=false,east=false,north=false,south=true,up=false,west=false]	3184
minecraft:chorus_plant[down=false,east=false,north=false,south=true,up=false,west=true]	3184
minecraft:chorus_plant[down=false,east=false,north=false,south=true,up=true,west=false]	3184
minecraft:chorus_plant[down=false,east=false,north=false,south=true,up=true,west=true]	3184
minecraft:chorus_plant[down=false,east=false,north=true,south=false,up=false,west=false]	3184
minecraft:chorus_plant[down=false,east=false,north=true,south=false,up=false,west=true]	3184
minecraft:chorus_plant[down=false,east=false,north=true,south=false,up=true,west=false]	3184
minecraft:chorus_plant[down=false,east=false,north=true,south=false,up=true,west=true]	3184
minecraft:chorus_plant[down=false,east=false,north=true,south=true,up=false,west=false]	3184
minecraft:chorus_plant[down=false,east=false,north=true,south=true,up=false,west=true]	3184
minecraft:chorus_plant[down=false,east=false,north=true,south=true,up=true,west=false]	3184
minecraft:chorus_plant[down=false,east=false,north=true,south=true,up=true,west=true]	3184
minecraft:chorus_plant[down=false,east=true,north=false,south=false,up=false,west=false]	3184
minecraft:chorus_plant[down=false,east=true,north=false,south=false,up=false,west=true]	3184
minecraft:chorus_plant[down=false,east=true,north=false,south=false,up=true,west=false]	3184
minecraft:chorus_plant[down=false,east=true,north=false,south=false,up=true,west=true]	3184
minecraft:chorus_plant[down=false,east=true,north=false,south=true,up=false,west=false]	3184
minecraft:chorus_plant[down=false,east=true,north=false,south=true,up=false,west=true]	3184
minecraft:chorus_plant[down=false,east=true,north=false,south=true,up=true,west=false]	3184
minecraft:chorus_plant[down=false,east=true,north=false,south=true,up=true,west=true]	3184
minecraft:chorus_plant[down=false,east=true,north=true,south=false,up=false,west=false]	3184
minecraft:chorus_plant[down=false,east=true,north=true,south=false,up=false,west=true]	3184
minecraft:chorus_plant[down=false,east=true,north=true,south=false,up=true,west=false]	3184
minecraft:chorus_plant[down=false,east=true,north=true,south=false,up=true,west=true]	3184
minecraft:chorus_plant[down=false,east=true,north=true,south=true,up=false,west=false]	3184
minecraft:chorus_plant[down=false,east=true,north=true,south=true,up=false,west=true]	3184
minecraft:chorus_plant[down=false,east=true,north=true,south=true,up=true,west=false]	3184
minecraft:chorus_plant[down=false,east=true,north=true,south=true,up=true,west=true]	3184
minecraft:chorus_plant[down=true,east=false,north=false,south=false,up=false,west=false]	3184
minecraft:chorus_plant[down=true,east=false,north=false,south=false,up=false,west=true]	3184
minecraft:chorus_plant[down=true,east=false,north=false,south=false,up=true,west=false]	3184
minecraft:chorus_plant[down=true,east=false,north=false,south=false,up=true,west=true]	3184
minecraft:chorus_plant[down=true,east=false,north=false,south=true,up=false,west=false]	3184
minecraft:chorus_plant[down=true,east=false,north=false,south=true,up=false,west=true]	3184
minecraft:chorus_plant[down=true,east=false,north=false,south=true,up=true,west=false]	3184
minecraft:chorus_plant[down=true,east=false,north=false,south=true,up=true,west=true]	3184
minecraft:chorus_plant[down=true,east=false,north=true,south=false,up=false,west=false]	3184
minecraft:chorus_plant[down=true,east=false,north=true,south=false,up=false,west=true]	3184
minecraft:chorus_plant[down=true,east=false,north=true,south=false,up=true,west=false]	3184
minecraft:chorus_plant[down=true,east=false,north=true,south=false,up=true,west=true]	3184
minecraft:chorus_plant[down=true,east=false,north=true,south=true,up=false,west=false]	3184
minecraft:chorus_plant[down=true,east=false,north=true,south=true,up=false,west=true]	3184
minecraft:chorus_plant[down=true,east=false,north=true,south=true,up=true,west=false]	3184
minecraft:chorus_plant[down=true,east=false,north=true,south=true,up=true,west=true]	3184
minecraft:chorus_plant[down=true,east=true,north=false,south=false,up=false,west=false]	3184
minecraft:chorus_plant[down=true,east=true,north=false,south=false,up=false,west=true]	3184
minecraft:chorus_plant[down=true,east=true,north=false,south=false,up=true,west=false]	3184
minecraft:chorus_plant[down=true,east=true,north=false,south=false,up=true,west=true]	3184
minecraft:chorus_plant[down=true,east=true,north=false,south=true,up=false,west=false]	3184
minecraft:chorus_plant[down=true,east=true,north=false,south=true,up=false,west=true]	3184
minecraft:chorus_plant[down=true,east=true,north=false,south=true,up=true,west=false]	3184
minecraft:chorus_plant[down=true,east=true,north=false,south=true,up=true,west=true]	3184
minecraft:chorus_plant[down=true,east=true,north=true,south=false,up=false,west=false]	3184
minecraft:chorus_plant[down=true,east=true,north=true,south=false,up=false,west=true]	3184
minecraft:chorus_plant[down=true,east=true,north=true,south=false,up=true,west=false]	3184
minecraft:chorus_plant[down=true,east=true,north=true,south=false,up=true,west=true]	3184
minecraft:chorus_plant[down=true,east=true,north=true,south=true,up=false,west=false]	3184
minecraft:chorus_plant[down=true,east=true,north=true,south=true,up=false,west=true]	3184
minecraft:chorus_plant[down=true,east=true,north=true,south=true,up=true,west=false]	3184
minecraft:chorus_plant[down=true,east=true,north=true,south=true,up=true,west=true]	3184
minecraft:clay	1312
minecraft:coal_block	2768
minecraft:coal_ore	256
minecraft:cobblestone	64
minecraft:cobblestone_wall[east=false,north=false,south=false,up=false,variant=cobblestone,west=false]	2224
minecraft:cobblestone_wall[east=false,north=false,south=false,up=false,variant=cobblestone,west=true]	2224
minecraft:cobblestone_wall[east=false,north=false,south=false,up=false,variant=mossy_cobblestone,west=false]	2225
minecraft:cobblestone_wall[east=false,north=false,south=false,up=false,variant=mossy_cobblestone,west=true]	2225
minecraft:cobblestone_wall[east=false,north=false,south=false,up=true,variant=cobblestone,west=false]	2224
minecraft:cobblestone_wall[east=false,north=false,south=false,up=true,variant=cobblestone,west=true]	2224
minecraft:cobblestone_wall[east=false,north=false,south=false,up=true,variant=mossy_cobblestone,west=false]	2225
minecraft:cobblestone_wall[east=false,north=false,south=false,up=true,variant=mossy_cobblestone,west=true]	2225
minecraft:cobblestone_wall[east=false,north=false,south=true,up=false,variant=cobblestone,west=false]	2224
minecraft:cobblestone_wall[east=false,north=false,south=true,up=false,variant=cobblestone,west=true]	2224
minecraft:cobblestone_wall[east=false,north=false,south=true,up=false,variant=mossy_cobblestone,west=false]	2225
minecraft:cobblestone_wall[east=false,north=false,south=true,up=false,variant=mossy_cobblestone,west=true]	2225
minecraft:cobblestone_wall[east=false,north=false,south=true,up=true,variant=cobblestone,west=false]	2224
minecraft:cobblestone_wall[east=false,north=false,south=true,up=true,variant=cobblestone,west=true]	2224
minecraft:cobblestone_wall[east=false,north=false,south=true,up=true,variant=mossy_cobblestone,west=false]	2225
minecraft:cobblestone_wall[east=false,north=false,south=true,up=true,variant=mossy_cobblestone,west=true]	2225
minecraft:cobblestone_wall[east=false,north=true,south=false,up=false,variant=cobblestone,west=false]	2224
minecraft:cobblestone_wall[east=false,north=true,south=false,up=false,variant=cobblestone,west=true]	2224
minecraft:cobblestone_wall[east=false,north=true,south=false,up=false,variant=mossy_cobblestone,west=false]	2225
minecraft:cobblestone_wall[east=false,north=true,south=false,up=false,variant=mossy_cobblestone,west=true]	2225
minecraft:cobblestone_wall[east=false,north=true,south=false,up=true,variant=cobblestone,west=false]	2224
minecraft:cobblestone_wall[east=false,north=true,south=false,up=true,variant=cobblestone,west=true]	2224
minecraft:cobblestone_wall[east=false,north=true,south=false,up=true,variant=mossy_cobblestone,west=false]	2225
minecraft:cobblestone_wall[east=false,north=true,south=false,up=true,variant=mossy_cobblestone,west=true]	2225
minecraft:cobblestone_wall[east=false,north=true,south=true,up=false,variant=cobblestone,west=false]	2224
minecraft:cobblestone_wall[east=false,north=true,south=true,up=false,variant=cobblestone,west=true]	2224
minecraft:cobblestone_wall[east=false,north=true,south=true,up=false,variant=mossy_cobblestone,west=false]	2225
minecraft:cobblestone_wall[east=false,north=true,south=true,up=false,variant=mossy_cobblestone,west=true]	2225
minecraft:cobblestone_wall[east=false,north=true,south=true,up=true,variant=cobblestone,west=false]	2224
minecraft:cobblestone_wall[east=false,north=true,south=true,up=true,variant=cobblestone,west=true]	2224
minecraft:cobblestone_wall[east=false,north=true,south=true,up=true,variant=mossy_cobblestone,west=false]	2225
minecraft:cobblestone_wall[east=false,north=true,south=true,up=true,variant=mossy_cobblestone,west=true]	2225
minecraft:cobblestone_wall[east=true,north=false,south=false,up=false,variant=cobblestone,west=false]	2224
minecraft:cobblestone_wall[east=true,north=false,south=false,up=false,variant=cobblestone,west=true]	2224
minecraft:cobblestone_wall[east=true,north=false,south=false,up=false,variant=mossy_cobblestone,west=false]	2225
minecraft:cobblestone_wall[east=true,north=false,south=false,up=false,variant=mossy_cobblestone,west=true]	2225
minecraft:cobblestone_wall[east=true,north=false,south=false,up=true,variant=cobblestone,west=false]	2224
minecraft:cobblestone_wall[east=true,north=false,south=false,up=true,variant=cobblestone,west=true]	2224
minecraft:cobblestone_wall[east=true,north=false,south=false,up=true,variant=mossy_cobblestone,west=false]	2225
minecraft:cobblestone_wall[east=true,north=false,south=false,up=true,variant=mossy_cobblestone,west=true]	2225
minecraft:cobblestone_wall[east=true,north=false,south=true,up=false,variant=cobblestone,west=false]	2224
minecraft:cobblestone_wall[east=true,north=false,south=true,up=false,variant=cobblestone,west=true]	2224
minecraft:cobblestone_wall[east=true,north=false,south=true,up=false,variant=mossy_cobblestone,west=false]	2225
minecraft:cobblestone_wall[east=true,north=false,south=true,up=false,variant=mossy_cobblestone,west=true]	2225
minecraft:cobblestone_wall[east=true,north=false,south=true,up=true,variant=cobblestone,west=false]	2224
minecraft:cobblestone_wall[east=true,north=false,south=true,up=true,variant=cobblestone,west=true]	2224
minecraft:cobblestone_wall[east=true,north=false,south=true,up=true,variant=mossy_cobblestone,west=false]	2225
minecraft:cobblestone_wall[east=true,north=false,south=true,up=true,variant=mossy_cobblestone,west=true]	2225
minecraft:cobblestone_wall[east=true,north=true,south=false,up=false,variant=cobblestone,west=false]	2224
minecraft:cobblestone_wall[east=true,north=true,south=false,up=false,variant=cobblestone,west=true]	2224
minecraft:cobblestone_wall[east=true,north=true,south=false,up=false,variant=mossy_cobblestone,west=false]	2225
minecraft:cobblestone_wall[east=true,north=true,south=false,up=false,variant=mossy_cobblestone,west=true]	2225
minecraft:cobblestone_wall[east=true,north=true,south=false,up=true,variant=cobblestone,west=false]	2224
minecraft:cobblestone_wall[east=true,north=true,south=false,up=true,variant=cobblestone,west=true]	2224
minecraft:cobblestone_wall[east=true,north=true,south=false,up=true,variant=mossy_cobblestone,west=false]	2225
minecraft:cobblestone_wall[east=true,north=true,south=false,up=true,variant=mossy_cobblestone,west=true]	2225
minecraft:cobblestone_wall[east=true,north=true,south=true,up=false,variant=cobblestone,west=false]	2224
minecraft:cobblestone_wall[east=true,north=true,south=true,up=false,variant=cobblestone,west=true]	2224
minecraft:cobblestone_wall[east=true,north=true,south=true,up=false,variant=mossy_cobblestone,west=false]	2225
minecraft:cobblestone_wall[east=true,north=true,south=true,up=false,variant=mossy_cobblestone,west=true]	2225
minecraft:cobblestone_wall[east=true,north=true,south=true,up=true,variant=cobblestone,west=false]	2224
minecraft:cobblestone_wall[east=true,north=true,south=true,up=true,variant=cobblestone,west=true]	2224
minecraft:cobblestone_wall[east=true,north=true,south=true,up=true,variant=mossy_cobblestone,west=false]	2225
minecraft:cobblestone_wall[east=true,north=true,south=true,up=true,variant=mossy_cobblestone,west=true]	2225
minecraft:cocoa[age=0,facing=east]	2035
minecraft:cocoa[age=0,facing=north]	2034
minecraft:cocoa[age=0,facing=south]	2032
minecraft:cocoa[age=0,facing=west]	2033
minecraft:cocoa[age=1,facing=east]	2039
minecraft:cocoa[age=1,facing=north]	2038
minecraft:cocoa[age=1,facing=south]	2036
minecraft:cocoa[age=1,facing=west]	2037
minecraft:cocoa[age=2,facing=east]	2043
minecraft:cocoa[age=2,facing=north]	2042
minecraft:cocoa[age=2,facing=south]	2040
minecraft:cocoa[age=2,facing=west]	2041
minecraft:command_block[conditional=false,facing=down]	2192
minecraft:command_block[conditional=false,facing=east]	2197
minecraft:command_block[conditional=false,facing=north]	2194
minecraft:command_block[conditional=false,facing=south]	2195
minecraft:command_block[conditional=false,facing=up]	2193
minecraft:command_block[conditional=false,facing=west]	2196
minecraft:command_block[conditional=true,facing=down]	2200
minecraft:command_block[conditional=true,facing=east]	2205
minecraft:command_block[conditional=true,facing=north]	2202
minecraft:command_block[conditional=true,facing=south]	2203
minecraft:command_block[conditional=true,facing=up]	2201
minecraft:command_block[conditional=true,facing=west]	2204
minecraft:concrete[color=black]	4031
minecraft:concrete[color=blue]	4027
minecraft:concrete[color=brown]	4028
minecraft:concrete[color=cyan]	4025
minecraft:concrete[color=gray]	4023
minecraft:concrete[color=green]	4029
minecraft:concrete[color=light_blue]	4019
minecraft:concrete[color=lime]	4021
minecraft:concrete[color=magenta]	4018
minecraft:concrete[color=orange]	4017
minecraft:concrete[color=pink]	4022
minecraft:concrete[color=purple]	4026
minecraft:concrete[color=red]	4030
minecraft:concrete[color=silver]	4024
minecraft:concrete[color=white]	4016
minecraft:concrete[color=yellow]	4020
minecraft:concrete_powder[color=black]	4047
minecraft:concrete_powder[color=blue]	4043
minecraft:concrete_powder[color=brown]	4044
minecraft:concrete_powder[color=cyan]	4041
minecraft:concrete_powder[color=gray]	4039
minecraft:concrete_powder[color=green]	4045
minecraft:concrete_powder[color=light_blue]	4035
minecraft:concrete_powder[color=lime]	4037
minecraft:concrete_powder[color=magenta]	4034
minecraft:concrete_powder[color=orange]	4033
minecraft:concrete_powder[color=pink]	4038
minecraft:concrete_powder[color=purple]	4042
minecraft:concrete_powder[color=red]	4046
minecraft:concrete_powder[color=silver]	4040
minecraft:concrete_powder[color=white]	4032
minecraft:concrete_powder[color=yellow]	4036
minecraft:crafting_table	928
minecraft:cyan_glazed_terracotta[facing=east]	3907
minecraft:cyan_glazed_terracotta[facing=north]	3906
minecraft:cyan_glazed_terracotta[facing=south]	3904
minecraft:cyan_glazed_terracotta[facing=west]	3905
minecraft:cyan_shulker_box[facing=down]	3648
minecraft:cyan_shulker_box[facing=east]	3653
minecraft:cyan_shulker_box[facing=north]	3650
minecraft:cyan_shulker_box[facing=south]	3651
minecraft:cyan_shulker_box[facing=up]	3649
minecraft:cyan_shulker_box[facing=west]	3652
minecraft:dark_oak_door[facing=east,half=lower,hinge=left,open=false,powered=false]	3152
minecraft:dark_oak_door[facing=east,half=lower,hinge=left,open=false,powered=true]	3152
minecraft:dark_oak_door[facing=east,half=lower,hinge=left,open=true,powered=false]	3156
minecraft:dark_oak_door[facing=east,half=lower,hinge=left,open=true,powered=true]	3156
minecraft:dark_oak_door[facing=east,half=lower,hinge=right,open=false,powered=false]	3152
minecraft:dark_oak_door[facing=east,half=lower,hinge=right,open=false,powered=true]	3152
minecraft:dark_oak_door[facing=east,half=lower,hinge=right,open=true,powered=false]	3156
minecraft:dark_oak_door[facing=east,half=lower,hinge=right,open=true,powered=true]	3156
minecraft:dark_oak_door[facing=east,half=upper,hinge=left,open=false,powered=false]	3160
minecraft:dark_oak_door[facing=east,half=upper,hinge=left,open=false,powered=true]	3162
minecraft:dark_oak_door[facing=east,half=upper,hinge=left,open=true,powered=false]	3160
minecraft:dark_oak_door[facing=east,half=upper,hinge=left,open=true,powered=true]	3162
minecraft:dark_oak_door[facing=east,half=upper,hinge=right,open=false,powered=false]	3161
minecraft:dark_oak_door[facing=east,half=upper,hinge=right,open=false,powered=true]	3163
minecraft:dark_oak_door[facing=east,half=upper,hinge=right,open=true,powered=false]	3161
minecraft:dark_oak_door[facing=east,half=upper,hinge=right,open=true,powered=true]	3163
minecraft:dark_oak_door[facing=north,half=lower,hinge=left,open=false,powered=false]	3155
minecraft:dark_oak_door[facing=north,half=lower,hinge=left,open=false,powered=true]	3155
minecraft:dark_oak_door[facing=north,half=lower,hinge=left,open=true,powered=false]	3159
minecraft:dark_oak_door[facing=north,half=lower,hinge=left,open=true,powered=true]	3159
minecraft:dark_oak_door[facing=north,half=lower,hinge=right,open=false,powered=false]	3155
minecraft:dark_oak_door[facing=north,half=lower,hinge=right,open=false,powered=true]	3155
minecraft:dark_oak_door[facing=north,half=lower,hinge=right,open=true,powered=false]	3159
minecraft:dark_oak_door[facing=north,half=lower,hinge=right,open=true,powered=true]	3159
minecraft:dark_oak_door[facing=north,half=upper,hinge=left,open=false,powered=false]	3160
minecraft:dark_oak_door[facing=north,half=upper,hinge=left,open=false,powered=true]	3162
minecraft:dark_oak_door[facing=north,half=upper,hinge=left,open=true,powered=false]	3160
minecraft:dark_oak_door[facing=north,half=upper,hinge=left,open=true,powered=true]	3162
minecraft:dark_oak_door[facing=north,half=upper,hinge=right,open=false,powered=false]	3161
minecraft:dark_oak_door[facing=north,half=upper,hinge=right,open=false,powered=true]	3163
minecraft:dark_oak_door[facing=north,half=upper,hinge=right,open=true,powered=false]	3161
minecraft:dark_oak_door[facing=north,half=upper,hinge=right,open=true,powered=true]	3163
minecraft:dark_oak_door[facing=south,half=lower,hinge=left,open=false,powered=false]	3153
minecraft:dark_oak_door[facing=south,half=lower,hinge=left,open=false,powered=true]	3153
minecraft:dark_oak_door[facing=south,half=lower,hinge=left,open=true,powered=false]	3157
minecraft:dark_oak_door[facing=south,half=lower,hinge=left,open=true,powered=true]	3157
minecraft:dark_oak_door[facing=south,half=lower,hinge=right,open=false,powered=false]	3153
minecraft:dark_oak_door[facing=south,half=lower,hinge=right,open=false,powered=true]	3153
minecraft:dark_oak_door[facing=south,half=lower,hinge=right,open=true,powered=false]	3157
minecraft:dark_oak_door[facing=south,half=lower,hinge=right,open=true,powered=true]	3157
minecraft:dark_oak_door[facing=south,half=upper,hinge=left,open=false,powered=false]	3160
minecraft:dark_oak_door[facing=south,half=upper,hinge=left,open=false,powered=true]	3162
minecraft:dark_oak_door[facing=south,half=upper,hinge=left,open=true,powered=false]	3160
minecraft:dark_oak_door[facing=south,half=upper,hinge=left,open=true,powered=true]	3162
minecraft:dark_oak_door[facing=south,half=upper,hinge=right,open=false,powered=false]	3161
minecraft:dark_oak_door[facing=south,half=upper,hinge=right,open=false,powered=true]	3163
minecraft:dark_oak_door[facing=south,half=upper,hinge=right,open=true,powered=false]	3161
minecraft:dark_oak_door[facing=south,half=upper,hinge=right,open=true,powered=true]	3163
minecraft:dark_oak_door[facing=west,half=lower,hinge=left,open=false,powered=false]	3154
minecraft:dark_oak_door[facing=west,half=lower,hinge=left,open=false,powered=true]	3154
minecraft:dark_oak_door[facing=west,half=lower,hinge=left,open=true,powered=false]	3158
minecraft:dark_oak_door[facing=west,half=lower,hinge=left,open=true,powered=true]	3158
minecraft:dark_oak_door[facing=west,half=lower,hinge=right,open=false,powered=false]	3154
minecraft:dark_oak_door[facing=west,half=lower,hinge=right,open=false,powered=true]	3154
minecraft:dark_oak_door[facing=west,half=lower,hinge=right,open=true,powered=false]	3158
minecraft:dark_oak_door[facing=west,half=lower,hinge=right,open=true,powered=true]	3158
minecraft:dark_oak_door[facing=west,half=upper,hinge=left,open=false,powered=false]	3160
minecraft:dark_oak_door[facing=west,half=upper,hinge=left,open=false,powered=true]	3162
minecraft:dark_oak_door[facing=west,half=upper,hinge=left,open=true,powered=false]	3160
minecraft:dark_oak_door[facing=west,half=upper,hinge=left,open=true,powered=true]	3162
minecraft:dark_oak_door[facing=west,half=upper,hinge=right,open=false,powered=false]	3161
minecraft:dark_oak_door[facing=west,half=upper,hinge=right,open=false,powered=true]	3163
minecraft:dark_oak_door[facing=west,half=upper,hinge=right,open=true,powered=false]	3161
minecraft:dark_oak_door[facing=west,half=upper,hinge=right,open=true,powered=true]	3163
minecraft:dark_oak_fence[east=false,north=false,south=false,west=false]	3056
minecraft:dark_oak_fence[east=false,north=false,south=false,west=true]	3056
minecraft:dark_oak_fence[east=false,north=false,south=true,west=false]	3056
minecraft:dark_oak_fence[east=false,north=false,south=true,west=true]	3056
minecraft:dark_oak_fence[east=false,north=true,south=false,west=false]	3056
minecraft:dark_oak_fence[east=false,north=true,south=false,west=true]	3056
minecraft:dark_oak_fence[east=false,north=true,south=true,west=false]	3056
minecraft:dark_oak_fence[east=false,north=true,south=true,west=true]	3056
minecraft:dark_oak_fence[east=true,north=false,south=false,west=false]	3056
minecraft:dark_oak_fence[east=true,north=false,south=false,west=true]	3056
minecraft:dark_oak_fence[east=true,north=false,south=true,west=false]	3056
minecraft:dark_oak_fence[east=true,north=false,south=true,west=true]	3056
minecraft:dark_oak_fence[east=true,north=true,south=false,west=false]	3056
minecraft:dark_oak_fence[east=true,north=true,south=false,west=true]	3056
minecraft:dark_oak_fence[east=true,north=true,south=true,west=false]	3056
minecraft:dark_oak_fence[east=true,north=true,south=true,west=true]	3056
minecraft:dark_oak_fence_gate[facing=east,in_wall=false,open=false,powered=false]	2979
minecraft:dark_oak_fence_gate[facing=east,in_wall=false,open=false,powered=true]	2987
minecraft:dark_oak_fence_gate[facing=east,in_wall=false,open=true,powered=false]	2983
minecraft:dark_oak_fence_gate[facing=east,in_wall=false,open=true,powered=true]	2991
minecraft:dark_oak_fence_gate[facing=east,in_wall=true,open=false,powered=false]	2979
minecraft:dark_oak_fence_gate[facing=east,in_wall=true,open=false,powered=true]	2987
minecraft:dark_oak_fence_gate[facing=east,in_wall=true,open=true,powered=false]	2983
minecraft:dark_oak_fence_gate[facing=east,in_wall=true,open=true,powered=true]	2991
minecraft:dark_oak_fence_gate[facing=north,in_wall=false,open=false,powered=false]	2978
minecraft:dark_oak_fence_gate[facing=north,in_wall=false,open=false,powered=true]	2986
minecraft:dark_oak_fence_gate[facing=north,in_wall=false,open=true,powered=false]	2982
minecraft:dark_oak_fence_gate[facing=north,in_wall=false,open=true,powered=true]	2990
minecraft:dark_oak_fence_gate[facing=north,in_wall=true,open=false,powered=false]	2978
minecraft:dark_oak_fence_gate[facing=north,in_wall=true,open=false,powered=true]	2986
minecraft:dark_oak_fence_gate[facing=north,in_wall=true,open=true,powered=false]	2982
minecraft:dark_oak_fence_gate[facing=north,in_wall=true,open=true,powered=true]	2990
minecraft:dark_oak_fence_gate[facing=south,in_wall=false,open=false,powered=false]	2976
minecraft:dark_oak_fence_gate[facing=south,in_wall=false,open=false,powered=true]	2984
minecraft:dark_oak_fence_gate[facing=south,in_wall=false,open=true,powered=false]	2980
minecraft:dark_oak_fence_gate[facing=south,in_wall=false,open=true,powered=true]	2988
minecraft:dark_oak_fence_gate[facing=south,in_wall=true,open=false,powered=false]	2976
minecraft:dark_oak_fence_gate[facing=south,in_wall=true,open=false,powered=true]	2984
minecraft:dark_oak_fence_gate[facing=south,in_wall=true,open=true,powered=false]	2980
minecraft:dark_oak_fence_gate[facing=south,in_wall=true,open=true,powered=true]	2988
minecraft:dark_oak_fence_gate[facing=west,in_wall=false,open=false,powered=false]	2977
minecraft:dark_oak_fence_gate[facing=west,in_wall=false,open=false,powered=true]	2985
minecraft:dark_oak_fence_gate[facing=west,in_wall=false,open=true,powered=false]	2981
minecraft:dark_oak_fence_gate[facing=west,in_wall=false,open=true,powered=true]	2989
minecraft:dark_oak_fence_gate[facing=west,in_wall=true,open=false,powered=false]	2977
minecraft:dark_oak_fence_gate[facing=west,in_wall=true,open=false,powered=true]	2985
minecraft:dark_oak_fence_gate[facing=west,in_wall=true,open=true,powered=false]	2981
minecraft:dark_oak_fence_gate[facing=west,in_wall=true,open=true,powered=true]	2989
minecraft:dark_oak_stairs[facing=east,half=bottom,shape=inner_left]	2624
minecraft:dark_oak_stairs[facing=east,half=bottom,shape=inner_right]	2624
minecraft:dark_oak_stairs[facing=east,half=bottom,shape=outer_left]	2624
minecraft:dark_oak_stairs[facing=east,half=bottom,shape=outer_right]	2624
minecraft:dark_oak_stairs[facing=east,half=bottom,shape=straight]	2624
minecraft:dark_oak_stairs[facing=east,half=top,shape=inner_left]	2628
minecraft:dark_oak_stairs[facing=east,half=top,shape=inner_right]	2628
minecraft:dark_oak_stairs[facing=east,half=top,shape=outer_left]	2628
minecraft:dark_oak_stairs[facing=east,half=top,shape=outer_right]	2628
minecraft:dark_oak_stairs[facing=east,half=top,shape=straight]	2628
minecraft:dark_oak_stairs[facing=north,half=bottom,shape=inner_left]	2627
minecraft:dark_oak_stairs[facing=north,half=bottom,shape=inner_right]	2627
minecraft:dark_oak_stairs[facing=north,half=bottom,shape=outer_left]	2627
minecraft:dark_oak_stairs[facing=north,half=bottom,shape=outer_right]	2627
minecraft:dark_oak_stairs[facing=north,half=bottom,shape=straight]	2627
minecraft:dark_oak_stairs[facing=north,half=top,shape=inner_left]	2631
minecraft:dark_oak_stairs[facing=north,half=top,shape=inner_right]	2631
minecraft:dark_oak_stairs[facing=north,half=top,shape=outer_left]	2631
minecraft:dark_oak_stairs[facing=north,half=top,shape=outer_right]	2631
minecraft:dark_oak_stairs[facing=north,half=top,shape=straight]	2631
minecraft:dark_oak_stairs[facing=south,half=bottom,shape=inner_left]	2626
minecraft:dark_oak_stairs[facing=south,half=bottom,shape=inner_right]	2626
minecraft:dark_oak_stairs[facing=south,half=bottom,shape=outer_left]	2626
minecraft:dark_oak_stairs[facing=south,half=bottom,shape=outer_right]	2626
minecraft:dark_oak_stairs[facing=south,half=bottom,shape=straight]	2626
minecraft:dark_oak_stairs[facing=south,half=top,shape=inner_left]	2630
minecraft:dark_oak_stairs[facing=south,half=top,shape=inner_right]	2630
minecraft:dark_oak_stairs[facing=south,half=top,shape=outer_left]	2630
minecraft:dark_oak_stairs[facing=south,half=top,shape=outer_right]	2630
minecraft:dark_oak_stairs[facing=south,half=top,shape=straight]	2630
minecraft:dark_oak_stairs[facing=west,half=bottom,shape=inner_left]	2625
minecraft:dark_oak_stairs[facing=west,half=bottom,shape=inner_right]	2625
minecraft:dark_oak_stairs[facing=west,half=bottom,shape=outer_left]	2625
minecraft:dark_oak_stairs[facing=west,half=bottom,shape=outer_right]	2625
minecraft:dark_oak_stairs[facing=west,half=bottom,shape=straight]	2625
minecraft:dark_oak_stairs[facing=west,half=top,shape=inner_left]	2629
minecraft:dark_oak_stairs[facing=west,half=top,shape=inner_right]	2629
minecraft:dark_oak_stairs[facing=west,half=top,shape=outer_left]	2629
minecraft:dark_oak_stairs[facing=west,half=top,shape=outer_right]	2629
minecraft:dark_oak_stairs[facing=west,half=top,shape=straight]	2629
minecraft:daylight_detector[power=0]	2416
minecraft:daylight_detector[power=10]	2426
minecraft:daylight_detector[power=11]	2427
minecraft:daylight_detector[power=12]	2428
minecraft:daylight_detector[power=13]	2429
minecraft:daylight_detector[power=14]	2430
minecraft:daylight_detector[power=15]	2431
minecraft:daylight_detector[power=1]	2417
minecraft:daylight_detector[power=2]	2418
minecraft:daylight_detector[power=3]	2419
minecraft:daylight_detector[power=4]	2420
minecraft:daylight_detector[power=5]	2421
minecraft:daylight_detector[power=6]	2422
minecraft:daylight_detector[power=7]	2423
minecraft:daylight_detector[power=8]	2424
minecraft:daylight_detector[power=9]	2425
minecraft:daylight_detector_inverted[power=0]	2848
minecraft:daylight_detector_inverted[power=10]	2858
minecraft:daylight_detector_inverted[power=11]	2859
minecraft:daylight_detector_inverted[power=12]	2860
minecraft:daylight_detector_inverted[power=13]	2861
minecraft:daylight_detector_inverted[power=14]	2862
minecraft:daylight_detector_inverted[power=15]	2863
minecraft:daylight_detector_inverted[power=1]	2849
minecraft:daylight_detector_inverted[power=2]	2850
minecraft:daylight_detector_inverted[power=3]	2851
minecraft:daylight_detector_inverted[power=4]	2852
minecraft:daylight_detector_inverted[power=5]	2853
minecraft:daylight_detector_inverted[power=6]	2854
minecraft:daylight_detector_inverted[power=7]	2855
minecraft:daylight_detector_inverted[power=8]	2856
minecraft:daylight_detector_inverted[power=9]	2857
minecraft:deadbush	512
minecraft:detector_rail[powered=false,shape=ascending_east]	450
minecraft:detector_rail[powered=false,shape=ascending_north]	452
minecraft:detector_rail[powered=false,shape=ascending_south]	453
minecraft:detector_rail[powered=false,shape=ascending_west]	451
minecraft:detector_rail[powered=false,shape=east_west]	449
minecraft:detector_rail[powered=false,shape=north_south]	448
minecraft:detector_rail[powered=true,shape=ascending_east]	458
minecraft:detector_rail[powered=true,shape=ascending_north]	460
minecraft:detector_rail[powered=true,shape=ascending_south]	461
minecraft:detector_rail[powered=true,shape=ascending_west]	459
minecraft:detector_rail[powered=true,shape=east_west]	457
minecraft:detector_rail[powered=true,shape=north_south]	456
minecraft:diamond_block	912
minecraft:diamond_ore	896
minecraft:dirt[snowy=false,variant=coarse_dirt]	49
minecraft:dirt[snowy=false,variant=dirt]	48
minecraft:dirt[snowy=false,variant=podzol]	50
minecraft:dirt[snowy=true,variant=coarse_dirt]	49
minecraft:dirt[snowy=true,variant=dirt]	48
minecraft:dirt[snowy=true,variant=podzol]	50
minecraft:dispenser[facing=down,triggered=false]	368
minecraft:dispenser[facing=down,triggered=true]	376
minecraft:dispenser[facing=east,triggered=false]	373
minecraft:dispenser[facing=east,triggered=true]	381
minecraft:dispenser[facing=north,triggered=false]	370
minecraft:dispenser[facing=north,triggered=true]	378
minecraft:dispenser[facing=south,triggered=false]	371
minecraft:dispenser[facing=south,triggered=true]	379
minecraft:dispenser[facing=up,triggered=false]	369
minecraft:dispenser[facing=up,triggered=true]	377
minecraft:dispenser[facing=west,triggered=false]	372
minecraft:dispenser[facing=west,triggered=true]	380
minecraft:double_plant[facing=east,half=lower,variant=double_fern]	2803
minecraft:double_plant[facing=east,half=lower,variant=double_grass]	2802
minecraft:double_plant[facing=east,half=lower,variant=double_rose]	2804
minecraft:double_plant[facing=east,half=lower,variant=paeonia]	2805
minecraft:double_plant[facing=east,half=lower,variant=sunflower]	2800
minecraft:double_plant[facing=east,half=lower,variant=syringa]	2801
minecraft:double_plant[facing=east,half=upper,variant=double_fern]	2811
minecraft:double_plant[facing=east,half=upper,variant=double_grass]	2811
minecraft:double_plant[facing=east,half=upper,variant=double_rose]	2811
minecraft:double_plant[facing=east,half=upper,variant=paeonia]	2811
minecraft:double_plant[facing=east,half=upper,variant=sunflower]	2811
minecraft:double_plant[facing=east,half=upper,variant=syringa]	2811
minecraft:double_plant[facing=north,half=lower,variant=double_fern]	2803
minecraft:double_plant[facing=north,half=lower,variant=double_grass]	2802
minecraft:double_plant[facing=north,half=lower,variant=double_rose]	2804
minecraft:double_plant[facing=north,half=lower,variant=paeonia]	2805
minecraft:double_plant[facing=north,half=lower,variant=sunflower]	2800
minecraft:double_plant[facing=north,half=lower,variant=syringa]	2801
minecraft:double_plant[facing=north,half=upper,variant=double_fern]	2810
minecraft:double_plant[facing=north,half=upper,variant=double_grass]	2810
minecraft:double_plant[facing=north,half=upper,variant=double_rose]	2810
minecraft:double_plant[facing=north,half=upper,variant=paeonia]	2810
minecraft:double_plant[facing=north,half=upper,variant=sunflower]	2811
minecraft:double_plant[facing=north,half=upper,variant=syringa]	2810
minecraft:double_plant[facing=south,half=lower,variant=double_fern]	2803
minecraft:double_plant[facing=south,half=lower,variant=double_grass]	2802
minecraft:double_plant[facing=south,half=lower,variant=double_rose]	2804
minecraft:double_plant[facing=south,half=lower,variant=paeonia]	2805
minecraft:double_plant[facing=south,half=lower,variant=sunflower]	2800
minecraft:double_plant[facing=south,half=lower,variant=syringa]	2801
minecraft:double_plant[facing=south,half=upper,variant=double_fern]	2808
minecraft:double_plant[facing=south,half=upper,variant=double_grass]	2808
minecraft:double_plant[facing=south,half=upper,variant=double_rose]	2808
minecraft:double_plant[facing=south,half=upper,variant=paeonia]	2808
minecraft:double_plant[facing=south,half=upper,variant=sunflower]	2808
minecraft:double_plant[facing=south,half=upper,variant=syringa]	2808
minecraft:double_plant[facing=west,half=lower,variant=double_fern]	2803
minecraft:double_plant[facing=west,half=lower,variant=double_grass]	2802
minecraft:double_plant[facing=west,half=lower,variant=double_rose]	2804
minecraft:double_plant[facing=west,half=lower,variant=paeonia]	2805
minecraft:double_plant[facing=west,half=lower,variant=sunflower]	2800
minecraft:double_plant[facing=west,half=lower,variant=syringa]	2801
minecraft:double_plant[facing=west,half=upper,variant=double_fern]	2809
minecraft:double_plant[facing=west,half=upper,variant=double_grass]	2809
minecraft:double_plant[facing=west,half=upper,variant=double_rose]	2809
minecraft:double_plant[facing=west,half=upper,variant=paeonia]	2809
minecraft:double_plant[facing=west,half=upper,variant=sunflower]	2809
minecraft:double_plant[facing=west,half=upper,variant=syringa]	2809
minecraft:double_stone_slab2[seamless=false,variant=red_sandstone]	2896
minecraft:double_stone_slab2[seamless=true,variant=red_sandstone]	2904
minecraft:double_stone_slab[seamless=false,variant=brick]	692
minecraft:double_stone_slab[seamless=false,variant=cobblestone]	691
minecraft:double_stone_slab[seamless=false,variant=nether_brick]	694
minecraft:double_stone_slab[seamless=false,variant=quartz]	695
minecraft:double_stone_slab[seamless=false,variant=sandstone]	689
minecraft:double_stone_slab[seamless=false,variant=stone]	688
minecraft:double_stone_slab[seamless=false,variant=stone_brick]	693
minecraft:double_stone_slab[seamless=false,variant=wood_old]	690
minecraft:double_stone_slab[seamless=true,variant=brick]	700
minecraft:double_stone_slab[seamless=true,variant=cobblestone]	699
minecraft:double_stone_slab[seamless=true,variant=nether_brick]	702
minecraft:double_stone_slab[seamless=true,variant=quartz]	703
minecraft:double_stone_slab[seamless=true,variant=sandstone]	697
minecraft:double_stone_slab[seamless=true,variant=stone]	696
minecraft:double_stone_slab[seamless=true,variant=stone_brick]	701
minecraft:double_stone_slab[seamless=true,variant=wood_old]	698
minecraft:double_wooden_slab[variant=acacia]	2004
minecraft:double_wooden_slab[variant=birch]	2002
minecraft:double_wooden_slab[variant=dark_oak]	2005
minecraft:double_wooden_slab[variant=jungle]	2003
minecraft:double_wooden_slab[variant=oak]	2000
minecraft:double_wooden_slab[variant=spruce]	2001
minecraft:dragon_egg	1952
minecraft:dropper[facing=down,triggered=false]	2528
minecraft:dropper[facing=down,triggered=true]	2536
minecraft:dropper[facing=east,triggered=false]	2533
minecraft:dropper[facing=east,triggered=true]	2541
minecraft:dropper[facing=north,triggered=false]	2530
minecraft:dropper[facing=north,triggered=true]	2538
minecraft:dropper[facing=south,triggered=false]	2531
minecraft:dropper[facing=south,triggered=true]	2539
minecraft:dropper[facing=up,triggered=false]	2529
minecraft:dropper[facing=up,triggered=true]	2537
minecraft:dropper[facing=west,triggered=false]	2532
minecraft:dropper[facing=west,triggered=true]	2540
minecraft:emerald_block	2128
minecraft:emerald_ore	2064
minecraft:enchanting_table	1856
minecraft:end_bricks	3296
minecraft:end_gateway	3344
minecraft:end_portal	1904
minecraft:end_portal_frame[eye=false,facing=east]	1923
minecraft:end_portal_frame[eye=false,facing=north]	1922
minecraft:end_portal_frame[eye=false,facing=south]	1920
minecraft:end_portal_frame[eye=false,facing=west]	1921
minecraft:end_portal_frame[eye=true,facing=east]	1927
minecraft:end_portal_frame[eye=true,facing=north]	1926
minecraft:end_portal_frame[eye=true,facing=south]	1924
minecraft:end_portal_frame[eye=true,facing=west]	1925
minecraft:end_rod[facing=down]	3168
minecraft:end_rod[facing=east]	3173
minecraft:end_rod[facing=north]	3170
minecraft:end_rod[facing=south]	3171
minecraft:end_rod[facing=up]	3169
minecraft:end_rod[facing=west]	3172
minecraft:end_stone	1936
minecraft:ender_chest[facing=east]	2085
minecraft:ender_chest[facing=north]	2082
minecraft:ender_chest[facing=south]	2083
minecraft:ender_chest[facing=west]	2084
minecraft:farmland[moisture=0]	960
minecraft:farmland[moisture=1]	961
minecraft:farmland[moisture=2]	962
minecraft:farmland[moisture=3]	963
minecraft:farmland[moisture=4]	964
minecraft:farmland[moisture=5]	965
minecraft:farmland[moisture=6]	966
minecraft:farmland[moisture=7]	967
minecraft:fence[east=false,north=false,south=false,west=false]	1360
minecraft:fence[east=false,north=false,south=false,west=true]	1360
minecraft:fence[east=false,north=false,south=true,west=false]	1360
minecraft:fence[east=false,north=false,south=true,west=true]	1360
minecraft:fence[east=false,north=true,south=false,west=false]	1360
minecraft:fence[east=false,north=true,south=false,west=true]	1360
minecraft:fence[east=false,north=true,south=true,west=false]	1360
minecraft:fence[east=false,north=true,south=true,west=true]	1360
minecraft:fence[east=true,north=false,south=false,west=false]	1360
minecraft:fence[east=true,north=false,south=false,west=true]	1360
minecraft:fence[east=true,north=false,south=true,west=false]	1360
minecraft:fence[east=true,north=false,south=true,west=true]	1360
minecraft:fence[east=true,north=true,south=false,west=false]	1360
minecraft:fence[east=true,north=true,south=false,west=true]	1360
minecraft:fence[east=true,north=true,south=true,west=false]	1360
minecraft:fence[east=true,north=true,south=true,west=true]	1360
minecraft:fence_gate[facing=east,in_wall=false,open=false,powered=false]	1715
minecraft:fence_gate[facing=east,in_wall=false,open=false,powered=true]	1723
minecraft:fence_gate[facing=east,in_wall=false,open=true,powered=false]	1719
minecraft:fence_gate[facing=east,in_wall=false,open=true,powered=true]	1727
minecraft:fence_gate[facing=east,in_wall=true,open=false,powered=false]	1715
minecraft:fence_gate[facing=east,in_wall=true,open=false,powered=true]	1723
minecraft:fence_gate[facing=east,in_wall=true,open=true,powered=false]	1719
minecraft:fence_gate[facing=east,in_wall=true,open=true,powered=true]	1727
minecraft:fence_gate[facing=north,in_wall=false,open=false,powered=false]	1714
minecraft:fence_gate[facing=north,in_wall=false,open=false,powered=true]	1722
minecraft:fence_gate[facing=north,in_wall=false,open=true,powered=false]	1718
minecraft:fence_gate[facing=north,in_wall=false,open=true,powered=true]	1726
minecraft:fence_gate[facing=north,in_wall=true,open=false,powered=false]	1714
minecraft:fence_gate[facing=north,in_wall=true,open=false,powered=true]	1722
minecraft:fence_gate[facing=north,in_wall=true,open=true,powered=false]	1718
minecraft:fence_gate[facing=north,in_wall=true,open=true,powered=true]	1726
minecraft:fence_gate[facing=south,in_wall=false,open=false,powered=false]	1712
minecraft:fence_gate[facing=south,in_wall=false,open=false,powered=true]	1720
minecraft:fence_gate[facing=south,in_wall=false,open=true,powered=false]	1716
minecraft:fence_gate[facing=south,in_wall=false,open=true,powered=true]	1724
minecraft:fence_gate[facing=south,in_wall=true,open=false,powered=false]	1712
minecraft:fence_gate[facing=south,in_wall=true,open=false,powered=true]	1720
minecraft:fence_gate[facing=south,in_wall=true,open=true,powered=false]	1716
minecraft:fence_gate[facing=south,in_wall=true,open=true,powered=true]	1724
minecraft:fence_gate[facing=west,in_wall=false,open=false,powered=false]	1713
minecraft:fence_gate[facing=west,in_wall=false,open=false,powered=true]	1721
minecraft:fence_gate[facing=west,in_wall=false,open=true,powered=false]	1717
minecraft:fence_gate[facing=west,in_wall=false,open=true,powered=true]	1725
minecraft:fence_gate[facing=west,in_wall=true,open=false,powered=false]	1713
minecraft:fence_gate[facing=west,in_wall=true,open=false,powered=true]	1721
minecraft:fence_gate[facing=west,in_wall=true,open=true,powered=false]	1717
minecraft:fence_gate[facing=west,in_wall=true,open=true,powered=true]	1725
minecraft:fire[age=0,east=false,north=false,south=false,up=false,west=false]	816
minecraft:fire[age=0,east=false,north=false,south=false,up=false,west=true]	816
minecraft:fire[age=0,east=false,north=false,south=false,up=true,west=false]	816
minecraft:fire[age=0,east=false,north=false,south=false,up=true,west=true]	816
minecraft:fire[age=0,east=false,north=false,south=true,up=false,west=false]	816
minecraft:fire[age=0,east=false,north=false,south=true,up=false,west=true]	816
minecraft:fire[age=0,east=false,north=false,south=true,up=true,west=false]	816
minecraft:fire[age=0,east=false,north=false,south=true,up=true,west=true]	816
minecraft:fire[age=0,east=false,north=true,south=false,up=false,west=false]	816
minecraft:fire[age=0,east=false,north=true,south=false,up=false,west=true]	816
minecraft:fire[age=0,east=false,north=true,south=false,up=true,west=false]	816
minecraft:fire[age=0,east=false,north=true,south=false,up=true,west=true]	816
minecraft:fire[age=0,east=false,north=true,south=true,up=false,west=false]	816
minecraft:fire[age=0,east=false,north=true,south=true,up=false,west=true]	816
minecraft:fire[age=0,east=false,north=true,south=true,up=true,west=false]	816
minecraft:fire[age=0,east=false,north=true,south=true,up=true,west=true]	816
minecraft:fire[age=0,east=true,north=false,south=false,up=false,west=false]	816
minecraft:fire[age=0,east=true,north=false,south=false,up=false,west=true]	816
minecraft:fire[age=0,east=true,north=false,south=false,up=true,west=false]	816
minecraft:fire[age=0,east=true,north=false,south=false,up=true,west=true]	816
minecraft:fire[age=0,east=true,north=false,south=true,up=false,west=false]	816
minecraft:fire[age=0,east=true,north=false,south=true,up=false,west=true]	816
minecraft:fire[age=0,east=true,north=false,south=true,up=true,west=false]	816
minecraft:fire[age=0,east=true,north=false,south=true,up=true,west=true]	816
minecraft:fire[age=0,east=true,north=true,south=false,up=false,west=false]	816
minecraft:fire[age=0,east=true,north=true,south=false,up=false,west=true]	816
minecraft:fire[age=0,east=true,north=true,south=false,up=true,west=false]	816
minecraft:fire[age=0,east=true,north=true,south=false,up=true,west=true]	816
minecraft:fire[age=0,east=true,north=true,south=true,up=false,west=false]	816
minecraft:fire[age=0,east=true,north=true,south=true,up=false,west=true]	816
minecraft:fire[age=0,east=true,north=true,south=true,up=true,west=false]	816
minecraft:fire[age=0,east=true,north=true,south=true,up=true,west=true]	816
minecraft:fire[age=1,east=false,north=false,south=false,up=false,west=false]	817
minecraft:fire[age=1,east=false,north=false,south=false,up=false,west=true]	817
minecraft:fire[age=1,east=false,north=false,south=false,up=true,west=false]	817
minecraft:fire[age=1,east=false,north=false,south=false,up=true,west=true]	817
minecraft:fire[age=1,east=false,north=false,south=true,up=false,west=false]	817
minecraft:fire[age=1,east=false,north=false,south=true,up=false,west=true]	817
minecraft:fire[age=1,east=false,north=false,south=true,up=true,west=false]	817
minecraft:fire[age=1,east=false,north=false,south=true,up=true,west=true]	817
minecraft:fire[age=1,east=false,north=true,south=false,up=false,west=false]	817
minecraft:fire[age=1,east=false,north=true,south=false,up=false,west=true]	817
minecraft:fire[age=1,east=false,north=true,south=false,up=true,west=false]	817
minecraft:fire[age=1,east=false,north=true,south=false,up=true,west=true]	817
minecraft:fire[age=1,east=false,north=true,south=true,up=false,west=false]	817
minecraft:fire[age=1,east=false,north=true,south=true,up=false,west=true]	817
minecraft:fire[age=1,east=false,north=true,south=true,up=true,west=false]	817
minecraft:fire[age=1,east=false,north=true,south=true,up=true,west=true]	817
minecraft:fire[age=1,east=true,north=false,south=false,up=false,west=false]	817
minecraft:fire[age=1,east=true,north=false,south=false,up=false,west=true]	817
minecraft:fire[age=1,east=true,north=false,south=false,up=true,west=false]	817
minecraft:fire[age=1,east=true,north=false,south=false,up=true,west=true]	817
minecraft:fire[age=1,east=true,north=false,south=true,up=false,west=false]	817
minecraft:fire[age=1,east=true,north=false,south=true,up=false,west=true]	817
minecraft:fire[age=1,east=true,north=false,south=true,up=true,west=false]	817
minecraft:fire[age=1,east=true,north=false,south=true,up=true,west=true]	817
minecraft:fire[age=1,east=true,north=true,south=false,up=false,west=false]	817
minecraft:fire[age=1,east=true,north=true,south=false,up=false,west=true]	817
minecraft:fire[age=1,east=true,north=true,south=false,up=true,west=false]	817
minecraft:fire[age=1,east=true,north=true,south=false,up=true,west=true]	817
minecraft:fire[age=1,east=true,north=true,south=true,up=false,west=false]	817
minecraft:fire[age=1,east=true,north=true,south=true,up=false,west=true]	817
minecraft:fire[age=1,east=true,north=true,south=true,up=true,west=false]	817
minecraft:fire[age=1,east=true,north=true,south=true,up=true,west=true]	817
minecraft:fire[age=10,east=false,north=false,south=false,up=false,west=false]	826
minecraft:fire[age=10,east=false,north=false,south=false,up=false,west=true]	826
minecraft:fire[age=10,east=false,north=false,south=false,up=true,west=false]	826
minecraft:fire[age=10,east=false,north=false,south=false,up=true,west=true]	826
minecraft:fire[age=10,east=false,north=false,south=true,up=false,west=false]	826
minecraft:fire[age=10,east=false,north=false,south=true,up=false,west=true]	826
minecraft:fire[age=10,east=false,north=false,south=true,up=true,west=false]	826
minecraft:fire[age=10,east=false,north=false,south=true,up=true,west=true]	826
minecraft:fire[age=10,east=false,north=true,south=false,up=false,west=false]	826
minecraft:fire[age=10,east=false,north=true,south=false,up=false,west=true]	826
minecraft:fire[age=10,east=false,north=true,south=false,up=true,west=false]	826
minecraft:fire[age=10,east=false,north=true,south=false,up=true,west=true]	826
minecraft:fire[age=10,east=false,north=true,south=true,up=false,west=false]	826
minecraft:fire[age=10,east=false,north=true,south=true,up=false,west=true]	826
minecraft:fire[age=10,east=false,north=true,south=true,up=true,west=false]	826
minecraft:fire[age=10,east=false,north=true,south=true,up=true,west=true]	826
minecraft:fire[age=10,east=true,north=false,south=false,up=false,west=false]	826
minecraft:fire[age=10,east=true,north=false,south=false,up=false,west=true]	826
minecraft:fire[age=10,east=true,north=false,south=false,up=true,west=false]	826
minecraft:fire[age=10,east=true,north=false,south=false,up=true,west=true]	826
minecraft:fire[age=10,east=true,north=false,south=true,up=false,west=false]	826
minecraft:fire[age=10,east=true,north=false,south=true,up=false,west=true]	826
minecraft:fire[age=10,east=true,north=false,south=true,up=true,west=false]	826
minecraft:fire[age=10,east=true,north=false,south=true,up=true,west=true]	826
minecraft:fire[age=10,east=true,north=true,south=false,up=false,west=false]	826
minecraft:fire[age=10,east=true,north=true,south=false,up=false,west=true]	826
minecraft:fire[age=10,east=true,north=true,south=false,up=true,west=false]	826
minecraft:fire[age=10,east=true,north=true,south=false,up=true,west=true]	826
minecraft:fire[age=10,east=true,north=true,south=true,up=false,west=false]	826
minecraft:fire[age=10,east=true,north=true,south=true,up=false,west=true]	826
minecraft:fire[age=10,east=true,north=true,south=true,up=true,west=false]	826
minecraft:fire[age=10,east=true,north=true,south=true,up=true,west=true]	826
minecraft:fire[age=11,east=false,north=false,south=false,up=false,west=false]	827
minecraft:fire[age=11,east=false,north=false,south=false,up=false,west=true]	827
minecraft:fire[age=11,east=false,north=false,south=false,up=true,west=false]	827
minecraft:fire[age=11,east=false,north=false,south=false,up=true,west=true]	827
minecraft:fire[age=11,east=false,north=false,south=true,up=false,west=false]	827
minecraft:fire[age=11,east=false,north=false,south=true,up=false,west=true]	827
minecraft:fire[age=11,east=false,north=false,south=true,up=true,west=false]	827
minecraft:fire[age=11,east=false,north=false,south=true,up=true,west=true]	827
minecraft:fire[age=11,east=false,north=true,south=false,up=false,west=false]	827
minecraft:fire[age=11,east=false,north=true,south=false,up=false,west=true]	827
minecraft:fire[age=11,east=false,north=true,south=false,up=true,west=false]	827
minecraft:fire[age=11,east=false,north=true,south=false,up=true,west=true]	827
minecraft:fire[age=11,east=false,north=true,south=true,up=false,west=false]	827
minecraft:fire[age=11,east=false,north=true,south=true,up=false,west=true]	827
minecraft:fire[age=11,east=false,north=true,south=true,up=true,west=false]	827
minecraft:fire[age=11,east=false,north=true,south=true,up=true,west=true]	827
minecraft:fire[age=11,east=true,north=false,south=false,up=false,west=false]	827
minecraft:fire[age=11,east=true,north=false,south=false,up=false,west=true]	827
minecraft:fire[age=11,east=true,north=false,south=false,up=true,west=false]	827
minecraft:fire[age=11,east=true,north=false,south=false,up=true,west=true]	827
minecraft:fire[age=11,east=true,north=false,south=true,up=false,west=false]	827
minecraft:fire[age=11,east=true,north=false,south=true,up=false,west=true]	827
minecraft:fire[age=11,east=true,north=false,south=true,up=true,west=false]	827
minecraft:fire[age=11,east=true,north=false,south=true,up=true,west=true]	827
minecraft:fire[age=11,east=true,north=true,south=false,up=false,west=false]	827
minecraft:fire[age=11,east=true,north=true,south=false,up=false,west=true]	827
minecraft:fire[age=11,east=true,north=true,south=false,up=true,west=false]	827
minecraft:fire[age=11,east=true,north=true,south=false,up=true,west=true]	827
minecraft:fire[age=11,east=true,north=true,south=true,up=false,west=false]	827
minecraft:fire[age=11,east=true,north=true,south=true,up=false,west=true]	827
minecraft:fire[age=11,east=true,north=true,south=true,up=true,west=false]	827
minecraft:fire[age=11,east=true,north=true,south=true,up=true,west=true]	827
minecraft:fire[age=12,east=false,north=false,south=false,up=false,west=false]	828
minecraft:fire[age=12,east=false,north=false,south=false,up=false,west=true]	828
minecraft:fire[age=12,east=false,north=false,south=false,up=true,west=false]	828
minecraft:fire[age=12,east=false,north=false,south=false,up=true,west=true]	828
minecraft:fire[age=12,east=false,north=false,south=true,up=false,west=false]	828
minecraft:fire[age=12,east=false,north=false,south=true,up=false,west=true]	828
minecraft:fire[age=12,east=false,north=false,south=true,up=true,west=false]	828
minecraft:fire[age=12,east=false,north=false,south=true,up=true,west=true]	828
minecraft:fire[age=12,east=false,north=true,south=false,up=false,west=false]	828
minecraft:fire[age=12,east=false,north=true,south=false,up=false,west=true]	828
minecraft:fire[age=12,east=false,north=true,south=false,up=true,west=false]	828
minecraft:fire[age=12,east=false,north=true,south=false,up=true,west=true]	828
minecraft:fire[age=12,east=false,north=true,south=true,up=false,west=false]	828
minecraft:fire[age=12,east=false,north=true,south=true,up=false,west=true]	828
minecraft:fire[age=12,east=false,north=true,south=true,up=true,west=false]	828
minecraft:fire[age=12,east=false,north=true,south=true,up=true,west=true]	828
minecraft:fire[age=12,east=true,north=false,south=false,up=false,west=false]	828
minecraft:fire[age=12,east=true,north=false,south=false,up=false,west=true]	828
minecraft:fire[age=12,east=true,north=false,south=false,up=true,west=false]	828
minecraft:fire[age=12,east=true,north=false,south=false,up=true,west=true]	828
minecraft:fire[age=12,east=true,north=false,south=true,up=false,west=false]	828
minecraft:fire[age=12,east=true,north=false,south=true,up=false,west=true]	828
minecraft:fire[age=12,east=true,north=false,south=true,up=true,west=false]	828
minecraft:fire[age=12,east=true,north=false,south=true,up=true,west=true]	828
minecraft:fire[age=12,east=true,north=true,south=false,up=false,west=false]	828
minecraft:fire[age=12,east=true,north=true,south=false,up=false,west=true]	828
minecraft:fire[age=12,east=true,north=true,south=false,up=true,west=false]	828
minecraft:fire[age=12,east=true,north=true,south=false,up=true,west=true]	828
minecraft:fire[age=12,east=true,north=true,south=true,up=false,west=false]	828
minecraft:fire[age=12,east=true,north=true,south=true,up=false,west=true]	828
minecraft:fire[age=12,east=true,north=true,south=true,up=true,west=false]	828
minecraft:fire[age=12,east=true,north=true,south=true,up=true,west=true]	828
minecraft:fire[age=13,east=false,north=false,south=false,up=false,west=false]	829
minecraft:fire[age=13,east=false,north=false,south=false,up=false,west=true]	829
minecraft:fire[age=13,east=false,north=false,south=false,up=true,west=false]	829
minecraft:fire[age=13,east=false,north=false,south=false,up=true,west=true]	829
minecraft:fire[age=13,east=false,north=false,south=true,up=false,west=false]	829
minecraft:fire[age=13,east=false,north=false,south=true,up=false,west=true]	829
minecraft:fire[age=13,east=false,north=false,south=true,up=true,west=false]	829
minecraft:fire[age=13,east=false,north=false,south=true,up=true,west=true]	829
minecraft:fire[age=13,east=false,north=true,south=false,up=false,west=false]	829
minecraft:fire[age=13,east=false,north=true,south=false,up=false,west=true]	829
minecraft:fire[age=13,east=false,north=true,south=false,up=true,west=false]	829
minecraft:fire[age=13,east=false,north=true,south=false,up=true,west=true]	829
minecraft:fire[age=13,east=false,north=true,south=true,up=false,west=false]	829
minecraft:fire[age=13,east=false,north=true,south=true,up=false,west=true]	829
minecraft:fire[age=13,east=false,north=true,south=true,up=true,west=false]	829
minecraft:fire[age=13,east=false,north=true,south=true,up=true,west=true]	829
minecraft:fire[age=13,east=true,north=false,south=false,up=false,west=false]	829
minecraft:fire[age=13,east=true,north=false,south=false,up=false,west=true]	829
minecraft:fire[age=13,east=true,north=false,south=false,up=true,west=false]	829
minecraft:fire[age=13,east=true,north=false,south=false,up=true,west=true]	829
minecraft:fire[age=13,east=true,north=false,south=true,up=false,west=false]	829
minecraft:fire[age=13,east=true,north=false,south=true,up=false,west=true]	829
minecraft:fire[age=13,east=true,north=false,south=true,up=true,west=false]	829
minecraft:fire[age=13,east=true,north=false,south=true,up=true,west=true]	829
minecraft:fire[age=13,east=true,north=true,south=false,up=false,west=false]	829
minecraft:fire[age=13,east=true,north=true,south=false,up=false,west=true]	829
minecraft:fire[age=13,east=true,north=true,south=false,up=true,west=false]	829
minecraft:fire[age=13,east=true,north=true,south=false,up=true,west=true]	829
minecraft:fire[age=13,east=true,north=true,south=true,up=false,west=false]	829
minecraft:fire[age=13,east=true,north=true,south=true,up=false,west=true]	829
minecraft:fire[age=13,east=true,north=true,south=true,up=true,west=false]	829
minecraft:fire[age=13,east=true,north=true,south=true,up=true,west=true]	829
minecraft:fire[age=14,east=false,north=false,south=false,up=false,west=false]	830
minecraft:fire[age=14,east=false,north=false,south=false,up=false,west=true]	830
minecraft:fire[age=14,east=false,north=false,south=false,up=true,west=false]	830
minecraft:fire[age=14,east=false,north=false,south=false,up=true,west=true]	830
minecraft:fire[age=14,east=false,north=false,south=true,up=false,west=false]	830
minecraft:fire[age=14,east=false,north=false,south=true,up=false,west=true]	830
minecraft:fire[age=14,east=false,north=false,south=true,up=true,west=false]	830
minecraft:fire[age=14,east=false,north=false,south=true,up=true,west=true]	830
minecraft:fire[age=14,east=false,north=true,south=false,up=false,west=false]	830
minecraft:fire[age=14,east=false,north=true,south=false,up=false,west=true]	830
minecraft:fire[age=14,east=false,north=true,south=false,up=true,west=false]	830
minecraft:fire[age=14,east=false,north=true,south=false,up=true,west=true]	830
minecraft:fire[age=14,east=false,north=true,south=true,up=false,west=false]	830
minecraft:fire[age=14,east=false,north=true,south=true,up=false,west=true]	830
minecraft:fire[age=14,east=false,north=true,south=true,up=true,west=false]	830
minecraft:fire[age=14,east=false,north=true,south=true,up=true,west=true]	830
minecraft:fire[age=14,east=true,north=false,south=false,up=false,west=false]	830
minecraft:fire[age=14,east=true,north=false,south=false,up=false,west=true]	830
minecraft:fire[age=14,east=true,north=false,south=false,up=true,west=false]	830
minecraft:fire[age=14,east=true,north=false,south=false,up=true,west=true]	830
minecraft:fire[age=14,east=true,north=false,south=true,up=false,west=false]	830
minecraft:fire[age=14,east=true,north=false,south=true,up=false,west=true]	830
minecraft:fire[age=14,east=true,north=false,south=true,up=true,west=false]	830
minecraft:fire[age=14,east=true,north=false,south=true,up=true,west=true]	830
minecraft:fire[age=14,east=true,north=true,south=false,up=false,west=false]	830
minecraft:fire[age=14,east=true,north=true,south=false,up=false,west=true]	830
minecraft:fire[age=14,east=true,north=true,south=false,up=true,west=false]	830
minecraft:fire[age=14,east=true,north=true,south=false,up=true,west=true]	830
minecraft:fire[age=14,east=true,north=true,south=true,up=false,west=false]	830
minecraft:fire[age=14,east=true,north=true,south=true,up=false,west=true]	830
minecraft:fire[age=14,east=true,north=true,south=true,up=true,west=false]	830
minecraft:fire[age=14,east=true,north=true,south=true,up=true,west=true]	830
minecraft:fire[age=15,east=false,north=false,south=false,up=false,west=false]	831
minecraft:fire[age=15,east=false,north=false,south=false,up=false,west=true]	831
minecraft:fire[age=15,east=false,north=false,south=false,up=true,west=false]	831
minecraft:fire[age=15,east=false,north=false,south=false,up=true,west=true]	831
minecraft:fire[age=15,east=false,north=false,south=true,up=false,west=false]	831
minecraft:fire[age=15,east=false,north=false,south=true,up=false,west=true]	831
minecraft:fire[age=15,east=false,north=false,south=true,up=true,west=false]	831
minecraft:fire[age=15,east=false,north=false,south=true,up=true,west=true]	831
minecraft:fire[age=15,east=false,north=true,south=false,up=false,west=false]	831
minecraft:fire[age=15,east=false,north=true,south=false,up=false,west=true]	831
minecraft:fire[age=15,east=false,north=true,south=false,up=true,west=false]	831
minecraft:fire[age=15,east=false,north=true,south=false,up=true,west=true]	831
minecraft:fire[age=15,east=false,north=true,south=true,up=false,west=false]	831
minecraft:fire[age=15,east=false,north=true,south=true,up=false,west=true]	831
minecraft:fire[age=15,east=false,north=true,south=true,up=true,west=false]	831
minecraft:fire[age=15,east=false,north=true,south=true,up=true,west=true]	831
minecraft:fire[age=15,east=true,north=false,south=false,up=false,west=false]	831
minecraft:fire[age=15,east=true,north=false,south=false,up=false,west=true]	831
minecraft:fire[age=15,east=true,north=false,south=false,up=true,west=false]	831
minecraft:fire[age=15,east=true,north=false,south=false,up=true,west=true]	831
minecraft:fire[age=15,east=true,north=false,south=true,up=false,west=false]	831
minecraft:fire[age=15,east=true,north=false,south=true,up=false,west=true]	831
minecraft:fire[age=15,east=true,north=false,south=true,up=true,west=false]	831
minecraft:fire[age=15,east=true,north=false,south=true,up=true,west=true]	831
minecraft:fire[age=15,east=true,north=true,south=false,up=false,west=false]	831
minecraft:fire[age=15,east=true,north=true,south=false,up=false,west=true]	831
minecraft:fire[age=15,east=true,north=true,south=false,up=true,west=false]	831
minecraft:fire[age=15,east=true,north=true,south=false,up=true,west=true]	831
minecraft:fire[age=15,east=true,north=true,south=true,up=false,west=false]	831
minecraft:fire[age=15,east=true,north=true,south=true,up=false,west=true]	831
minecraft:fire[age=15,east=true,north=true,south=true,up=true,west=false]	831
minecraft:fire[age=15,east=true,north=true,south=true,up=true,west=true]	831
minecraft:fire[age=2,east=false,north=false,south=false,up=false,west=false]	818
minecraft:fire[age=2,east=false,north=false,south=false,up=false,west=true]	818
minecraft:fire[age=2,east=false,north=false,south=false,up=true,west=false]	818
minecraft:fire[age=2,east=false,north=false,south=false,up=true,west=true]	818
minecraft:fire[age=2,east=false,north=false,south=true,up=false,west=false]	818
minecraft:fire[age=2,east=false,north=false,south=true,up=false,west=true]	818
minecraft:fire[age=2,east=false,north=false,south=true,up=true,west=false]	818
minecraft:fire[age=2,east=false,north=false,south=true,up=true,west=true]	818
minecraft:fire[age=2,east=false,north=true,south=false,up=false,west=false]	818
minecraft:fire[age=2,east=false,north=true,south=false,up=false,west=true]	818
minecraft:fire[age=2,east=false,north=true,south=false,up=true,west=false]	818
minecraft:fire[age=2,east=false,north=true,south=false,up=true,west=true]	818
minecraft:fire[age=2,east=false,north=true,south=true,up=false,west=false]	818
minecraft:fire[age=2,east=false,north=true,south=true,up=false,west=true]	818
minecraft:fire[age=2,east=false,north=true,south=true,up=true,west=false]	818
minecraft:fire[age=2,east=false,north=true,south=true,up=true,west=true]	818
minecraft:fire[age=2,east=true,north=false,south=false,up=false,west=false]	818
minecraft:fire[age=2,east=true,north=false,south=false,up=false,west=true]	818
minecraft:fire[age=2,east=true,north=false,south=false,up=true,west=false]	818
minecraft:fire[age=2,east=true,north=false,south=false,up=true,west=true]	818
minecraft:fire[age=2,east=true,north=false,south=true,up=false,west=false]	818
minecraft:fire[age=2,east=true,north=false,south=true,up=false,west=true]	818
minecraft:fire[age=2,east=true,north=false,south=true,up=true,west=false]	818
minecraft:fire[age=2,east=true,north=false,south=true,up=true,west=true]	818
minecraft:fire[age=2,east=true,north=true,south=false,up=false,west=false]	818
minecraft:fire[age=2,east=true,north=true,south=false,up=false,west=true]	818
minecraft:fire[age=2,east=true,north=true,south=false,up=true,west=false]	818
minecraft:fire[age=2,east=true,north=true,south=false,up=true,west=true]	818
minecraft:fire[age=2,east=true,north=true,south=true,up=false,west=false]	818
minecraft:fire[age=2,east=true,north=true,south=true,up=false,west=true]	818
minecraft:fire[age=2,east=true,north=true,south=true,up=true,west=false]	818
minecraft:fire[age=2,east=true,north=true,south=true,up=true,west=true]	818
minecraft:fire[age=3,east=false,north=false,south=false,up=false,west=false]	819
minecraft:fire[age=3,east=false,north=false,south=false,up=false,west=true]	819
minecraft:fire[age=3,east=false,north=false,south=false,up=true,west=false]	819
minecraft:fire[age=3,east=false,north=false,south=false,up=true,west=true]	819
minecraft:fire[age=3,east=false,north=false,south=true,up=false,west=false]	819
minecraft:fire[age=3,east=false,north=false,south=true,up=false,west=true]	819
minecraft:fire[age=3,east=false,north=false,south=true,up=true,west=false]	819
minecraft:fire[age=3,east=false,north=false,south=true,up=true,west=true]	819
minecraft:fire[age=3,east=false,north=true,south=false,up=false,west=false]	819
minecraft:fire[age=3,east=false,north=true,south=false,up=false,west=true]	819
minecraft:fire[age=3,east=false,north=true,south=false,up=true,west=false]	819
minecraft:fire[age=3,east=false,north=true,south=false,up=true,west=true]	819
minecraft:fire[age=3,east=false,north=true,south=true,up=false,west=false]	819
minecraft:fire[age=3,east=false,north=true,south=true,up=false,west=true]	819
minecraft:fire[age=3,east=false,north=true,south=true,up=true,west=false]	819
minecraft:fire[age=3,east=false,north=true,south=true,up=true,west=true]	819
minecraft:fire[age=3,east=true,north=false,south=false,up=false,west=false]	819
minecraft:fire[age=3,east=true,north=false,south=false,up=false,west=true]	819
minecraft:fire[age=3,east=true,north=false,south=false,up=true,west=false]	819
minecraft:fire[age=3,east=true,north=false,south=false,up=true,west=true]	819
minecraft:fire[age=3,east=true,north=false,south=true,up=false,west=false]	819
minecraft:fire[age=3,east=true,north=false,south=true,up=false,west=true]	819
minecraft:fire[age=3,east=true,north=false,south=true,up=true,west=false]	819
minecraft:fire[age=3,east=true,north=false,south=true,up=true,west=true]	819
minecraft:fire[age=3,east=true,north=true,south=false,up=false,west=false]	819
minecraft:fire[age=3,east=true,north=true,south=false,up=false,west=true]	819
minecraft:fire[age=3,east=true,north=true,south=false,up=true,west=false]	819
minecraft:fire[age=3,east=true,north=true,south=false,up=true,west=true]	819
minecraft:fire[age=3,east=true,north=true,south=true,up=false,west=false]	819
minecraft:fire[age=3,east=true,north=true,south=true,up=false,west=true]	819
minecraft:fire[age=3,east=true,north=true,south=true,up=true,west=false]	819
minecraft:fire[age=3,east=true,north=true,south=true,up=true,west=true]	819
minecraft:fire[age=4,east=false,north=false,south=false,up=false,west=false]	820
minecraft:fire[age=4,east=false,north=false,south=false,up=false,west=true]	820
minecraft:fire[age=4,east=false,north=false,south=false,up=true,west=false]	820
minecraft:fire[age=4,east=false,north=false,south=false,up=true,west=true]	820
minecraft:fire[age=4,east=false,north=false,south=true,up=false,west=false]	820
minecraft:fire[age=4,east=false,north=false,south=true,up=false,west=true]	820
minecraft:fire[age=4,east=false,north=false,south=true,up=true,west=false]	820
minecraft:fire[age=4,east=false,north=false,south=true,up=true,west=true]	820
minecraft:fire[age=4,east=false,north=true,south=false,up=false,west=false]	820
minecraft:fire[age=4,east=false,north=true,south=false,up=false,west=true]	820
minecraft:fire[age=4,east=false,north=true,south=false,up=true,west=false]	820
minecraft:fire[age=4,east=false,north=true,south=false,up=true,west=true]	820
minecraft:fire[age=4,east=false,north=true,south=true,up=false,west=false]	820
minecraft:fire[age=4,east=false,north=true,south=true,up=false,west=true]	820
minecraft:fire[age=4,east=false,north=true,south=true,up=true,west=false]	820
minecraft:fire[age=4,east=false,north=true,south=true,up=true,west=true]	820
minecraft:fire[age=4,east=true,north=false,south=false,up=false,west=false]	820
minecraft:fire[age=4,east=true,north=false,south=false,up=false,west=true]	820
minecraft:fire[age=4,east=true,north=false,south=false,up=true,west=false]	820
minecraft:fire[age=4,east=true,north=false,south=false,up=true,west=true]	820
minecraft:fire[age=4,east=true,north=false,south=true,up=false,west=false]	820
minecraft:fire[age=4,east=true,north=false,south=true,up=false,west=true]	820
minecraft:fire[age=4,east=true,north=false,south=true,up=true,west=false]	820
minecraft:fire[age=4,east=true,north=false,south=true,up=true,west=true]	820
minecraft:fire[age=4,east=true,north=true,south=false,up=false,west=false]	820
minecraft:fire[age=4,east=true,north=true,south=false,up=false,west=true]	820
minecraft:fire[age=4,east=true,north=true,south=false,up=true,west=false]	820
minecraft:fire[age=4,east=true,north=true,south=false,up=true,west=true]	820
minecraft:fire[age=4,east=true,north=true,south=true,up=false,west=false]	820
minecraft:fire[age=4,east=true,north=true,south=true,up=false,west=true]	820
minecraft:fire[age=4,east=true,north=true,south=true,up=true,west=false]	820
minecraft:fire[age=4,east=true,north=true,south=true,up=true,west=true]	820
minecraft:fire[age=5,east=false,north=false,south=false,up=false,west=false]	821
minecraft:fire[age=5,east=false,north=false,south=false,up=false,west=true]	821
minecraft:fire[age=5,east=false,north=false,south=false,up=true,west=false]	821
minecraft:fire[age=5,east=false,north=false,south=false,up=true,west=true]	821
minecraft:fire[age=5,east=false,north=false,south=true,up=false,west=false]	821
minecraft:fire[age=5,east=false,north=false,south=true,up=false,west=true]	821
minecraft:fire[age=5,east=false,north=false,south=true,up=true,west=false]	821
minecraft:fire[age=5,east=false,north=false,south=true,up=true,west=true]	821
minecraft:fire[age=5,east=false,north=true,south=false,up=false,west=false]	821
minecraft:fire[age=5,east=false,north=true,south=false,up=false,west=true]	821
minecraft:fire[age=5,east=false,north=true,south=false,up=true,west=false]	821
minecraft:fire[age=5,east=false,north=true,south=false,up=true,west=true]	821
minecraft:fire[age=5,east=false,north=true,south=true,up=false,west=false]	821
minecraft:fire[age=5,east=false,north=true,south=true,up=false,west=true]	821
minecraft:fire[age=5,east=false,north=true,south=true,up=true,west=false]	821
minecraft:fire[age=5,east=false,north=true,south=true,up=true,west=true]	821
minecraft:fire[age=5,east=true,north=false,south=false,up=false,west=false]	821
minecraft:fire[age=5,east=true,north=false,south=false,up=false,west=true]	821
minecraft:fire[age=5,east=true,north=false,south=false,up=true,west=false]	821
minecraft:fire[age=5,east=true,north=false,south=false,up=true,west=true]	821
minecraft:fire[age=5,east=true,north=false,south=true,up=false,west=false]	821
minecraft:fire[age=5,east=true,north=false,south=true,up=false,west=true]	821
minecraft:fire[age=5,east=true,north=false,south=true,up=true,west=false]	821
minecraft:fire[age=5,east=true,north=false,south=true,up=true,west=true]	821
minecraft:fire[age=5,east=true,north=true,south=false,up=false,west=false]	821
minecraft:fire[age=5,east=true,north=true,south=false,up=false,west=true]	821
minecraft:fire[age=5,east=true,north=true,south=false,up=true,west=false]	821
minecraft:fire[age=5,east=true,north=true,south=false,up=true,west=true]	821
minecraft:fire[age=5,east=true,north=true,south=true,up=false,west=false]	821
minecraft:fire[age=5,east=true,north=true,south=true,up=false,west=true]	821
minecraft:fire[age=5,east=true,north=true,south=true,up=true,west=false]	821
minecraft:fire[age=5,east=true,north=true,south=true,up=true,west=true]	821
minecraft:fire[age=6,east=false,north=false,south=false,up=false,west=false]	822
minecraft:fire[age=6,east=false,north=false,south=false,up=false,west=true]	822
minecraft:fire[age=6,east=false,north=false,south=false,up=true,west=false]	822
minecraft:fire[age=6,east=false,north=false,south=false,up=true,west=true]	822
minecraft:fire[age=6,east=false,north=false,south=true,up=false,west=false]	822
minecraft:fire[age=6,east=false,north=false,south=true,up=false,west=true]	822
minecraft:fire[age=6,east=false,north=false,south=true,up=true,west=false]	822
minecraft:fire[age=6,east=false,north=false,south=true,up=true,west=true]	822
minecraft:fire[age=6,east=false,north=true,south=false,up=false,west=false]	822
minecraft:fire[age=6,east=false,north=true,south=false,up=false,west=true]	822
minecraft:fire[age=6,east=false,north=true,south=false,up=true,west=false]	822
minecraft:fire[age=6,east=false,north=true,south=false,up=true,west=true]	822
minecraft:fire[age=6,east=false,north=true,south=true,up=false,west=false]	822
minecraft:fire[age=6,east=false,north=true,south=true,up=false,west=true]	822
minecraft:fire[age=6,east=false,north=true,south=true,up=true,west=false]	822
minecraft:fire[age=6,east=false,north=true,south=true,up=true,west=true]	822
minecraft:fire[age=6,east=true,north=false,south=false,up=false,west=false]	822
minecraft:fire[age=6,east=true,north=false,south=false,up=false,west=true]	822
minecraft:fire[age=6,east=true,north=false,south=false,up=true,west=false]	822
minecraft:fire[age=6,east=true,north=false,south=false,up=true,west=true]	822
minecraft:fire[age=6,east=true,north=false,south=true,up=false,west=false]	822
minecraft:fire[age=6,east=true,north=false,south=true,up=false,west=true]	822
minecraft:fire[age=6,east=true,north=false,south=true,up=true,west=false]	822
minecraft:fire[age=6,east=true,north=false,south=true,up=true,west=true]	822
minecraft:fire[age=6,east=true,north=true,south=false,up=false,west=false]	822
minecraft:fire[age=6,east=true,north=true,south=false,up=false,west=true]	822
minecraft:fire[age=6,east=true,north=true,south=false,up=true,west=false]	822
minecraft:fire[age=6,east=true,north=true,south=false,up=true,west=true]	822
minecraft:fire[age=6,east=true,north=true,south=true,up=false,west=false]	822
minecraft:fire[age=6,east=true,north=true,south=true,up=false,west=true]	822
minecraft:fire[age=6,east=true,north=true,south=true,up=true,west=false]	822
minecraft:fire[age=6,east=true,north=true,south=true,up=true,west=true]	822
minecraft:fire[age=7,east=false,north=false,south=false,up=false,west=false]	823
minecraft:fire[age=7,east=false,north=false,south=false,up=false,west=true]	823
minecraft:fire[age=7,east=false,north=false,south=false,up=true,west=false]	823
minecraft:fire[age=7,east=false,north=false,south=false,up=true,west=true]	823
minecraft:fire[age=7,east=false,north=false,south=true,up=false,west=false]	823
minecraft:fire[age=7,east=false,north=false,south=true,up=false,west=true]	823
minecraft:fire[age=7,east=false,north=false,south=true,up=true,west=false]	823
minecraft:fire[age=7,east=false,north=false,south=true,up=true,west=true]	823
minecraft:fire[age=7,east=false,north=true,south=false,up=false,west=false]	823
minecraft:fire[age=7,east=false,north=true,south=false,up=false,west=true]	823
minecraft:fire[age=7,east=false,north=true,south=false,up=true,west=false]	823
minecraft:fire[age=7,east=false,north=true,south=false,up=true,west=true]	823
minecraft:fire[age=7,east=false,north=true,south=true,up=false,west=false]	823
minecraft:fire[age=7,east=false,north=true,south=true,up=false,west=true]	823
minecraft:fire[age=7,east=false,north=true,south=true,up=true,west=false]	823
minecraft:fire[age=7,east=false,north=true,south=true,up=true,west=true]	823
minecraft:fire[age=7,east=true,north=false,south=false,up=false,west=false]	823
minecraft:fire[age=7,east=true,north=false,south=false,up=false,west=true]	823
minecraft:fire[age=7,east=true,north=false,south=false,up=true,west=false]	823
minecraft:fire[age=7,east=true,north=false,south=false,up=true,west=true]	823
minecraft:fire[age=7,east=true,north=false,south=true,up=false,west=false]	823
minecraft:fire[age=7,east=true,north=false,south=true,up=false,west=true]	823
minecraft:fire[age=7,east=true,north=false,south=true,up=true,west=false]	823
minecraft:fire[age=7,east=true,north=false,south=true,up=true,west=true]	823
minecraft:fire[age=7,east=true,north=true,south=false,up=false,west=false]	823
minecraft:fire[age=7,east=true,north=true,south=false,up=false,west=true]	823
minecraft:fire[age=7,east=true,north=true,south=false,up=true,west=false]	823
minecraft:fire[age=7,east=true,north=true,south=false,up=true,west=true]	823
minecraft:fire[age=7,east=true,north=true,south=true,up=false,west=false]	823
minecraft:fire[age=7,east=true,north=true,south=true,up=false,west=true]	823
minecraft:fire[age=7,east=true,north=true,south=true,up=true,west=false]	823
minecraft:fire[age=7,east=true,north=true,south=true,up=true,west=true]	823
minecraft:fire[age=8,east=false,north=false,south=false,up=false,west=false]	824
minecraft:fire[age=8,east=false,north=false,south=false,up=false,west=true]	824
minecraft:fire[age=8,east=false,north=false,south=false,up=true,west=false]	824
minecraft:fire[age=8,east=false,north=false,south=false,up=true,west=true]	824
minecraft:fire[age=8,east=false,north=false,south=true,up=false,west=false]	824
minecraft:fire[age=8,east=false,north=false,south=true,up=false,west=true]	824
minecraft:fire[age=8,east=false,north=false,south=true,up=true,west=false]	824
minecraft:fire[age=8,east=false,north=false,south=true,up=true,west=true]	824
minecraft:fire[age=8,east=false,north=true,south=false,up=false,west=false]	824
minecraft:fire[age=8,east=false,north=true,south=false,up=false,west=true]	824
minecraft:fire[age=8,east=false,north=true,south=false,up=true,west=false]	824
minecraft:fire[age=8,east=false,north=true,south=false,up=true,west=true]	824
minecraft:fire[age=8,east=false,north=true,south=true,up=false,west=false]	824
minecraft:fire[age=8,east=false,north=true,south=true,up=false,west=true]	824
minecraft:fire[age=8,east=false,north=true,south=true,up=true,west=false]	824
minecraft:fire[age=8,east=false,north=true,south=true,up=true,west=true]	824
minecraft:fire[age=8,east=true,north=false,south=false,up=false,west=false]	824
minecraft:fire[age=8,east=true,north=false,south=false,up=false,west=true]	824
minecraft:fire[age=8,east=true,north=false,south=false,up=true,west=false]	824
minecraft:fire[age=8,east=true,north=false,south=false,up=true,west=true]	824
minecraft:fire[age=8,east=true,north=false,south=true,up=false,west=false]	824
minecraft:fire[age=8,east=true,north=false,south=true,up=false,west=true]	824
minecraft:fire[age=8,east=true,north=false,south=true,up=true,west=false]	824
minecraft:fire[age=8,east=true,north=false,south=true,up=true,west=true]	824
minecraft:fire[age=8,east=true,north=true,south=false,up=false,west=false]	824
minecraft:fire[age=8,east=true,north=true,south=false,up=false,west=true]	824
minecraft:fire[age=8,east=true,north=true,south=false,up=true,west=false]	824
minecraft:fire[age=8,east=true,north=true,south=false,up=true,west=true]	824
minecraft:fire[age=8,east=true,north=true,south=true,up=false,west=false]	824
minecraft:fire[age=8,east=true,north=true,south=true,up=false,west=true]	824
minecraft:fire[age=8,east=true,north=true,south=true,up=true,west=false]	824
minecraft:fire[age=8,east=true,north=true,south=true,up=true,west=true]	824
minecraft:fire[age=9,east=false,north=false,south=false,up=false,west=false]	825
minecraft:fire[age=9,east=false,north=false,south=false,up=false,west=true]	825
minecraft:fire[age=9,east=false,north=false,south=false,up=true,west=false]	825
minecraft:fire[age=9,east=false,north=false,south=false,up=true,west=true]	825
minecraft:fire[age=9,east=false,north=false,south=true,up=false,west=false]	825
minecraft:fire[age=9,east=false,north=false,south=true,up=false,west=true]	825
minecraft:fire[age=9,east=false,north=false,south=true,up=true,west=false]	825
minecraft:fire[age=9,east=false,north=false,south=true,up=true,west=true]	825
minecraft:fire[age=9,east=false,north=true,south=false,up=false,west=false]	825
minecraft:fire[age=9,east=false,north=true,south=false,up=false,west=true]	825
minecraft:fire[age=9,east=false,north=true,south=false,up=true,west=false]	825
minecraft:fire[age=9,east=false,north=true,south=false,up=true,west=true]	825
minecraft:fire[age=9,east=false,north=true,south=true,up=false,west=false]	825
minecraft:fire[age=9,east=false,north=true,south=true,up=false,west=true]	825
minecraft:fire[age=9,east=false,north=true,south=true,up=true,west=false]	825
minecraft:fire[age=9,east=false,north=true,south=true,up=true,west=true]	825
minecraft:fire[age=9,east=true,north=false,south=false,up=false,west=false]	825
minecraft:fire[age=9,east=true,north=false,south=false,up=false,west=true]	825
minecraft:fire[age=9,east=true,north=false,south=false,up=true,west=false]	825
minecraft:fire[age=9,east=true,north=false,south=false,up=true,west=true]	825
minecraft:fire[age=9,east=true,north=false,south=true,up=false,west=false]	825
minecraft:fire[age=9,east=true,north=false,south=true,up=false,west=true]	825
minecraft:fire[age=9,east=true,north=false,south=true,up=true,west=false]	825
minecraft:fire[age=9,east=true,north=false,south=true,up=true,west=true]	825
minecraft:fire[age=9,east=true,north=true,south=false,up=false,west=false]	825
minecraft:fire[age=9,east=true,north=true,south=false,up=false,west=true]	825
minecraft:fire[age=9,east=true,north=true,south=false,up=true,west=false]	825
minecraft:fire[age=9,east=true,north=true,south=false,up=true,west=true]	825
minecraft:fire[age=9,east=true,north=true,south=true,up=false,west=false]	825
minecraft:fire[age=9,east=true,north=true,south=true,up=false,west=true]	825
minecraft:fire[age=9,east=true,north=true,south=true,up=true,west=false]	825
minecraft:fire[age=9,east=true,north=true,south=true,up=true,west=true]	825
minecraft:flower_pot[contents=acacia_sapling,legacy_data=0]	2240
minecraft:flower_pot[contents=acacia_sapling,legacy_data=10]	2250
minecraft:flower_pot[contents=acacia_sapling,legacy_data=11]	2251
minecraft:flower_pot[contents=acacia_sapling,legacy_data=12]	2252
minecraft:flower_pot[contents=acacia_sapling,legacy_data=13]	2253
minecraft:flower_pot[contents=acacia_sapling,legacy_data=14]	2254
minecraft:flower_pot[contents=acacia_sapling,legacy_data=15]	2255
minecraft:flower_pot[contents=acacia_sapling,legacy_data=1]	2241
minecraft:flower_pot[contents=acacia_sapling,legacy_data=2]	2242
minecraft:flower_pot[contents=acacia_sapling,legacy_data=3]	2243
minecraft:flower_pot[contents=acacia_sapling,legacy_data=4]	2244
minecraft:flower_pot[contents=acacia_sapling,legacy_data=5]	2245
minecraft:flower_pot[contents=acacia_sapling,legacy_data=6]	2246
minecraft:flower_pot[contents=acacia_sapling,legacy_data=7]	2247
minecraft:flower_pot[contents=acacia_sapling,legacy_data=8]	2248
minecraft:flower_pot[contents=acacia_sapling,legacy_data=9]	2249
minecraft:flower_pot[contents=allium,legacy_data=0]	2240
minecraft:flower_pot[contents=allium,legacy_data=10]	2250
minecraft:flower_pot[contents=allium,legacy_data=11]	2251
minecraft:flower_pot[contents=allium,legacy_data=12]	2252
minecraft:flower_pot[contents=allium,legacy_data=13]	2253
minecraft:flower_pot[contents=allium,legacy_data=14]	2254
minecraft:flower_pot[contents=allium,legacy_data=15]	2255
minecraft:flower_pot[contents=allium,legacy_data=1]	2241
minecraft:flower_pot[contents=allium,legacy_data=2]	2242
minecraft:flower_pot[contents=allium,legacy_data=3]	2243
minecraft:flower_pot[contents=allium,legacy_data=4]	2244
minecraft:flower_pot[contents=allium,legacy_data=5]	2245
minecraft:flower_pot[contents=allium,legacy_data=6]	2246
minecraft:flower_pot[contents=allium,legacy_data=7]	2247
minecraft:flower_pot[contents=allium,legacy_data=8]	2248
minecraft:flower_pot[contents=allium,legacy_data=9]	2249
minecraft:flower_pot[contents=birch_sapling,legacy_data=0]	2240
minecraft:flower_pot[contents=birch_sapling,legacy_data=10]	2250
minecraft:flower_pot[contents=birch_sapling,legacy_data=11]	2251
minecraft:flower_pot[contents=birch_sapling,legacy_data=12]	2252
minecraft:flower_pot[contents=birch_sapling,legacy_data=13]	2253
minecraft:flower_pot[contents=birch_sapling,legacy_data=14]	2254
minecraft:flower_pot[contents=birch_sapling,legacy_data=15]	2255
minecraft:flower_pot[contents=birch_sapling,legacy_data=1]	2241
minecraft:flower_pot[contents=birch_sapling,legacy_data=2]	2242
minecraft:flower_pot[contents=birch_sapling,legacy_data=3]	2243
minecraft:flower_pot[contents=birch_sapling,legacy_data=4]	2244
minecraft:flower_pot[contents=birch_sapling,legacy_data=5]	2245
minecraft:flower_pot[contents=birch_sapling,legacy_data=6]	2246
minecraft:flower_pot[contents=birch_sapling,legacy_data=7]	2247
minecraft:flower_pot[contents=birch_sapling,legacy_data=8]	2248
minecraft:flower_pot[contents=birch_sapling,legacy_data=9]	2249
minecraft:flower_pot[contents=blue_orchid,legacy_data=0]	2240
minecraft:flower_pot[contents=blue_orchid,legacy_data=10]	2250
minecraft:flower_pot[contents=blue_orchid,legacy_data=11]	2251
minecraft:flower_pot[contents=blue_orchid,legacy_data=12]	2252
minecraft:flower_pot[contents=blue_orchid,legacy_data=13]	2253
minecraft:flower_pot[contents=blue_orchid,legacy_data=14]	2254
minecraft:flower_pot[contents=blue_orchid,legacy_data=15]	2255
minecraft:flower_pot[contents=blue_orchid,legacy_data=1]	2241
minecraft:flower_pot[contents=blue_orchid,legacy_data=2]	2242
minecraft:flower_pot[contents=blue_orchid,legacy_data=3]	2243
minecraft:flower_pot[contents=blue_orchid,legacy_data=4]	2244
minecraft:flower_pot[contents=blue_orchid,legacy_data=5]	2245
minecraft:flower_pot[contents=blue_orchid,legacy_data=6]	2246
minecraft:flower_pot[contents=blue_orchid,legacy_data=7]	2247
minecraft:flower_pot[contents=blue_orchid,legacy_data=8]	2248
minecraft:flower_pot[contents=blue_orchid,legacy_data=9]	2249
minecraft:flower_pot[contents=cactus,legacy_data=0]	2240
minecraft:flower_pot[contents=cactus,legacy_data=10]	2250
minecraft:flower_pot[contents=cactus,legacy_data=11]	2251
minecraft:flower_pot[contents=cactus,legacy_data=12]	2252
minecraft:flower_pot[contents=cactus,legacy_data=13]	2253
minecraft:flower_pot[contents=cactus,legacy_data=14]	2254
minecraft:flower_pot[contents=cactus,legacy_data=15]	2255
minecraft:flower_pot[contents=cactus,legacy_data=1]	2241
minecraft:flower_pot[contents=cactus,legacy_data=2]	2242
minecraft:flower_pot[contents=cactus,legacy_data=3]	2243
minecraft:flower_pot[contents=cactus,legacy_data=4]	2244
minecraft:flower_pot[contents=cactus,legacy_data=5]	2245
minecraft:flower_pot[contents=cactus,legacy_data=6]	2246
minecraft:flower_pot[contents=cactus,legacy_data=7]	2247
minecraft:flower_pot[contents=cactus,legacy_data=8]	2248
minecraft:flower_pot[contents=cactus,legacy_data=9]	2249
minecraft:flower_pot[contents=dandelion,legacy_data=0]	2240
minecraft:flower_pot[contents=dandelion,legacy_data=10]	2250
minecraft:flower_pot[contents=dandelion,legacy_data=11]	2251
minecraft:flower_pot[contents=dandelion,legacy_data=12]	2252
minecraft:flower_pot[contents=dandelion,legacy_data=13]	2253
minecraft:flower_pot[contents=dandelion,legacy_data=14]	2254
minecraft:flower_pot[contents=dandelion,legacy_data=15]	2255
minecraft:flower_pot[contents=dandelion,legacy_data=1]	2241
minecraft:flower_pot[contents=dandelion,legacy_data=2]	2242
minecraft:flower_pot[contents=dandelion,legacy_data=3]	2243
minecraft:flower_pot[contents=dandelion,legacy_data=4]	2244
minecraft:flower_pot[contents=dandelion,legacy_data=5]	2245
minecraft:flower_pot[contents=dandelion,legacy_data=6]	2246
minecraft:flower_pot[contents=dandelion,legacy_data=7]	2247
minecraft:flower_pot[contents=dandelion,legacy_data=8]	2248
minecraft:flower_pot[contents=dandelion,legacy_data=9]	2249
minecraft:flower_pot[contents=dark_oak_sapling,legacy_data=0]	2240
minecraft:flower_pot[contents=dark_oak_sapling,legacy_data=10]	2250
minecraft:flower_pot[contents=dark_oak_sapling,legacy_data=11]	2251
minecraft:flower_pot[contents=dark_oak_sapling,legacy_data=12]	2252
minecraft:flower_pot[contents=dark_oak_sapling,legacy_data=13]	2253
minecraft:flower_pot[contents=dark_oak_sapling,legacy_data=14]	2254
minecraft:flower_pot[contents=dark_oak_sapling,legacy_data=15]	2255
minecraft:flower_pot[contents=dark_oak_sapling,legacy_data=1]	2241
minecraft:flower_pot[contents=dark_oak_sapling,legacy_data=2]	2242
minecraft:flower_pot[contents=dark_oak_sapling,legacy_data=3]	2243
minecraft:flower_pot[contents=dark_oak_sapling,legacy_data=4]	2244
minecraft:flower_pot[contents=dark_oak_sapling,legacy_data=5]	2245
minecraft:flower_pot[contents=dark_oak_sapling,legacy_data=6]	2246
minecraft:flower_pot[contents=dark_oak_sapling,legacy_data=7]	2247
minecraft:flower_pot[contents=dark_oak_sapling,legacy_data=8]	2248
minecraft:flower_pot[contents=dark_oak_sapling,legacy_data=9]	2249
minecraft:flower_pot[contents=dead_bush,legacy_data=0]	2240
minecraft:flower_pot[contents=dead_bush,legacy_data=10]	2250
minecraft:flower_pot[contents=dead_bush,legacy_data=11]	2251
minecraft:flower_pot[contents=dead_bush,legacy_data=12]	2252
minecraft:flower_pot[contents=dead_bush,legacy_data=13]	2253
minecraft:flower_pot[contents=dead_bush,legacy_data=14]	2254
minecraft:flower_pot[contents=dead_bush,legacy_data=15]	2255
minecraft:flower_pot[contents=dead_bush,legacy_data=1]	2241
minecraft:flower_pot[contents=dead_bush,legacy_data=2]	2242
minecraft:flower_pot[contents=dead_bush,legacy_data=3]	2243
minecraft:flower_pot[contents=dead_bush,legacy_data=4]	2244
minecraft:flower_pot[contents=dead_bush,legacy_data=5]	2245
minecraft:flower_pot[contents=dead_bush,legacy_data=6]	2246
minecraft:flower_pot[contents=dead_bush,legacy_data=7]	2247
minecraft:flower_pot[contents=dead_bush,legacy_data=8]	2248
minecraft:flower_pot[contents=dead_bush,legacy_data=9]	2249
minecraft:flower_pot[contents=empty,legacy_data=0]	2255
minecraft:flower_pot[contents=empty,legacy_data=10]	2250
minecraft:flower_pot[contents=empty,legacy_data=11]	2251
minecraft:flower_pot[contents=empty,legacy_data=12]	2252
minecraft:flower_pot[contents=empty,legacy_data=13]	2253
minecraft:flower_pot[contents=empty,legacy_data=14]	2254
minecraft:flower_pot[contents=empty,legacy_data=15]	2255
minecraft:flower_pot[contents=empty,legacy_data=1]	2241
minecraft:flower_pot[contents=empty,legacy_data=2]	2242
minecraft:flower_pot[contents=empty,legacy_data=3]	2243
minecraft:flower_pot[contents=empty,legacy_data=4]	2244
minecraft:flower_pot[contents=empty,legacy_data=5]	2245
minecraft:flower_pot[contents=empty,legacy_data=6]	2246
minecraft:flower_pot[contents=empty,legacy_data=7]	2247
minecraft:flower_pot[contents=empty,legacy_data=8]	2248
minecraft:flower_pot[contents=empty,legacy_data=9]	2249
minecraft:flower_pot[contents=fern,legacy_data=0]	2240
minecraft:flower_pot[contents=fern,legacy_data=10]	2250
minecraft:flower_pot[contents=fern,legacy_data=11]	2251
minecraft:flower_pot[contents=fern,legacy_data=12]	2252
minecraft:flower_pot[contents=fern,legacy_data=13]	2253
minecraft:flower_pot[contents=fern,legacy_data=14]	2254
minecraft:flower_pot[contents=fern,legacy_data=15]	2255
minecraft:flower_pot[contents=fern,legacy_data=1]	2241
minecraft:flower_pot[contents=fern,legacy_data=2]	2242
minecraft:flower_pot[contents=fern,legacy_data=3]	2243
minecraft:flower_pot[contents=fern,legacy_data=4]	2244
minecraft:flower_pot[contents=fern,legacy_data=5]	2245
minecraft:flower_pot[contents=fern,legacy_data=6]	2246
minecraft:flower_pot[contents=fern,legacy_data=7]	2247
minecraft:flower_pot[contents=fern,legacy_data=8]	2248
minecraft:flower_pot[contents=fern,legacy_data=9]	2249
minecraft:flower_pot[contents=houstonia,legacy_data=0]	2240
minecraft:flower_pot[contents=houstonia,legacy_data=10]	2250
minecraft:flower_pot[contents=houstonia,legacy_data=11]	2251
minecraft:flower_pot[contents=houstonia,legacy_data=12]	2252
minecraft:flower_pot[contents=houstonia,legacy_data=13]	2253
minecraft:flower_pot[contents=houstonia,legacy_data=14]	2254
minecraft:flower_pot[contents=houstonia,legacy_data=15]	2255
minecraft:flower_pot[contents=houstonia,legacy_data=1]	2241
minecraft:flower_pot[contents=houstonia,legacy_data=2]	2242
minecraft:flower_pot[contents=houstonia,legacy_data=3]	2243
minecraft:flower_pot[contents=houstonia,legacy_data=4]	2244
minecraft:flower_pot[contents=houstonia,legacy_data=5]	2245
minecraft:flower_pot[contents=houstonia,legacy_data=6]	2246
minecraft:flower_pot[contents=houstonia,legacy_data=7]	2247
minecraft:flower_pot[contents=houstonia,legacy_data=8]	2248
minecraft:flower_pot[contents=houstonia,legacy_data=9]	2249
minecraft:flower_pot[contents=jungle_sapling,legacy_data=0]	2240
minecraft:flower_pot[contents=jungle_sapling,legacy_data=10]	2250
minecraft:flower_pot[contents=jungle_sapling,legacy_data=11]	2251
minecraft:flower_pot[contents=jungle_sapling,legacy_data=12]	2252
minecraft:flower_pot[contents=jungle_sapling,legacy_data=13]	2253
minecraft:flower_pot[contents=jungle_sapling,legacy_data=14]	2254
minecraft:flower_pot[contents=jungle_sapling,legacy_data=15]	2255
minecraft:flower_pot[contents=jungle_sapling,legacy_data=1]	2241
minecraft:flower_pot[contents=jungle_sapling,legacy_data=2]	2242
minecraft:flower_pot[contents=jungle_sapling,legacy_data=3]	2243
minecraft:flower_pot[contents=jungle_sapling,legacy_data=4]	2244
minecraft:flower_pot[contents=jungle_sapling,legacy_data=5]	2245
minecraft:flower_pot[contents=jungle_sapling,legacy_data=6]	2246
minecraft:flower_pot[contents=jungle_sapling,legacy_data=7]	2247
minecraft:flower_pot[contents=jungle_sapling,legacy_data=8]	2248
minecraft:flower_pot[contents=jungle_sapling,legacy_data=9]	2249
minecraft:flower_pot[contents=mushroom_brown,legacy_data=0]	2240
minecraft:flower_pot[contents=mushroom_brown,legacy_data=10]	2250
minecraft:flower_pot[contents=mushroom_brown,legacy_data=11]	2251
minecraft:flower_pot[contents=mushroom_brown,legacy_data=12]	2252
minecraft:flower_pot[contents=mushroom_brown,legacy_data=13]	2253
minecraft:flower_pot[contents=mushroom_brown,legacy_data=14]	2254
minecraft:flower_pot[contents=mushroom_brown,legacy_data=15]	2255
minecraft:flower_pot[contents=mushroom_brown,legacy_data=1]	2241
minecraft:flower_pot[contents=mushroom_brown,legacy_data=2]	2242
minecraft:flower_pot[contents=mushroom_brown,legacy_data=3]	2243
minecraft:flower_pot[contents=mushroom_brown,legacy_data=4]	2244
minecraft:flower_pot[contents=mushroom_brown,legacy_data=5]	2245
minecraft:flower_pot[contents=mushroom_brown,legacy_data=6]	2246
minecraft:flower_pot[contents=mushroom_brown,legacy_data=7]	2247
minecraft:flower_pot[contents=mushroom_brown,legacy_data=8]	2248
minecraft:flower_pot[contents=mushroom_brown,legacy_data=9]	2249
minecraft:flower_pot[contents=mushroom_red,legacy_data=0]	2240
minecraft:flower_pot[contents=mushroom_red,legacy_data=10]	2250
minecraft:flower_pot[contents=mushroom_red,legacy_data=11]	2251
minecraft:flower_pot[contents=mushroom_red,legacy_data=12]	2252
minecraft:flower_pot[contents=mushroom_red,legacy_data=13]	2253
minecraft:flower_pot[contents=mushroom_red,legacy_data=14]	2254
minecraft:flower_pot[contents=mushroom_red,legacy_data=15]	2255
minecraft:flower_pot[contents=mushroom_red,legacy_data=1]	2241
minecraft:flower_pot[contents=mushroom_red,legacy_data=2]	2242
minecraft:flower_pot[contents=mushroom_red,legacy_data=3]	2243
minecraft:flower_pot[contents=mushroom_red,legacy_data=4]	2244
minecraft:flower_pot[contents=mushroom_red,legacy_data=5]	2245
minecraft:flower_pot[contents=mushroom_red,legacy_data=6]	2246
minecraft:flower_pot[contents=mushroom_red,legacy_data=7]	2247
minecraft:flower_pot[contents=mushroom_red,legacy_data=8]	2248
minecraft:flower_pot[contents=mushroom_red,legacy_data=9]	2249
minecraft:flower_pot[contents=oak_sapling,legacy_data=0]	2240
minecraft:flower_pot[contents=oak_sapling,legacy_data=10]	2250
minecraft:flower_pot[contents=oak_sapling,legacy_data=11]	2251
minecraft:flower_pot[contents=oak_sapling,legacy_data=12]	2252
minecraft:flower_pot[contents=oak_sapling,legacy_data=13]	2253
minecraft:flower_pot[contents=oak_sapling,legacy_data=14]	2254
minecraft:flower_pot[contents=oak_sapling,legacy_data=15]	2255
minecraft:flower_pot[contents=oak_sapling,legacy_data=1]	2241
minecraft:flower_pot[contents=oak_sapling,legacy_data=2]	2242
minecraft:flower_pot[contents=oak_sapling,legacy_data=3]	2243
minecraft:flower_pot[contents=oak_sapling,legacy_data=4]	2244
minecraft:flower_pot[contents=oak_sapling,legacy_data=5]	2245
minecraft:flower_pot[contents=oak_sapling,legacy_data=6]	2246
minecraft:flower_pot[contents=oak_sapling,legacy_data=7]	2247
minecraft:flower_pot[contents=oak_sapling,legacy_data=8]	2248
minecraft:flower_pot[contents=oak_sapling,legacy_data=9]	2249
minecraft:flower_pot[contents=orange_tulip,legacy_data=0]	2240
minecraft:flower_pot[contents=orange_tulip,legacy_data=10]	2250
minecraft:flower_pot[contents=orange_tulip,legacy_data=11]	2251
minecraft:flower_pot[contents=orange_tulip,legacy_data=12]	2252
minecraft:flower_pot[contents=orange_tulip,legacy_data=13]	2253
minecraft:flower_pot[contents=orange_tulip,legacy_data=14]	2254
minecraft:flower_pot[contents=orange_tulip,legacy_data=15]	2255
minecraft:flower_pot[contents=orange_tulip,legacy_data=1]	2241
minecraft:flower_pot[contents=orange_tulip,legacy_data=2]	2242
minecraft:flower_pot[contents=orange_tulip,legacy_data=3]	2243
minecraft:flower_pot[contents=orange_tulip,legacy_data=4]	2244
minecraft:flower_pot[contents=orange_tulip,legacy_data=5]	2245
minecraft:flower_pot[contents=orange_tulip,legacy_data=6]	2246
minecraft:flower_pot[contents=orange_tulip,legacy_data=7]	2247
minecraft:flower_pot[contents=orange_tulip,legacy_data=8]	2248
minecraft:flower_pot[contents=orange_tulip,legacy_data=9]	2249
minecraft:flower_pot[contents=oxeye_daisy,legacy_data=0]	2240
minecraft:flower_pot[contents=oxeye_daisy,legacy_data=10]	2250
minecraft:flower_pot[contents=oxeye_daisy,legacy_data=11]	2251
minecraft:flower_pot[contents=oxeye_daisy,legacy_data=12]	2252
minecraft:flower_pot[contents=oxeye_daisy,legacy_data=13]	2253
minecraft:flower_pot[contents=oxeye_daisy,legacy_data=14]	2254
minecraft:flower_pot[contents=oxeye_daisy,legacy_data=15]	2255
minecraft:flower_pot[contents=oxeye_daisy,legacy_data=1]	2241
minecraft:flower_pot[contents=oxeye_daisy,legacy_data=2]	2242
minecraft:flower_pot[contents=oxeye_daisy,legacy_data=3]	2243
minecraft:flower_pot[contents=oxeye_daisy,legacy_data=4]	2244
minecraft:flower_pot[contents=oxeye_daisy,legacy_data=5]	2245
minecraft:flower_pot[contents=oxeye_daisy,legacy_data=6]	2246
minecraft:flower_pot[contents=oxeye_daisy,legacy_data=7]	2247
minecraft:flower_pot[contents=oxeye_daisy,legacy_data=8]	2248
minecraft:flower_pot[contents=oxeye_daisy,legacy_data=9]	2249
minecraft:flower_pot[contents=pink_tulip,legacy_data=0]	2240
minecraft:flower_pot[contents=pink_tulip,legacy_data=10]	2250
minecraft:flower_pot[contents=pink_tulip,legacy_data=11]	2251
minecraft:flower_pot[contents=pink_tulip,legacy_data=12]	2252
minecraft:flower_pot[contents=pink_tulip,legacy_data=13]	2253
minecraft:flower_pot[contents=pink_tulip,legacy_data=14]	2254
minecraft:flower_pot[contents=pink_tulip,legacy_data=15]	2255
minecraft:flower_pot[contents=pink_tulip,legacy_data=1]	2241
minecraft:flower_pot[contents=pink_tulip,legacy_data=2]	2242
minecraft:flower_pot[contents=pink_tulip,legacy_data=3]	2243
minecraft:flower_pot[contents=pink_tulip,legacy_data=4]	2244
minecraft:flower_pot[contents=pink_tulip,legacy_data=5]	2245
minecraft:flower_pot[contents=pink_tulip,legacy_data=6]	2246
minecraft:flower_pot[contents=pink_tulip,legacy_data=7]	2247
minecraft:flower_pot[contents=pink_tulip,legacy_data=8]	2248
minecraft:flower_pot[contents=pink_tulip,legacy_data=9]	2249
minecraft:flower_pot[contents=red_tulip,legacy_data=0]	2240
minecraft:flower_pot[contents=red_tulip,legacy_data=10]	2250
minecraft:flower_pot[contents=red_tulip,legacy_data=11]	2251
minecraft:flower_pot[contents=red_tulip,legacy_data=12]	2252
minecraft:flower_pot[contents=red_tulip,legacy_data=13]	2253
minecraft:flower_pot[contents=red_tulip,legacy_data=14]	2254
minecraft:flower_pot[contents=red_tulip,legacy_data=15]	2255
minecraft:flower_pot[contents=red_tulip,legacy_data=1]	2241
minecraft:flower_pot[contents=red_tulip,legacy_data=2]	2242
minecraft:flower_pot[contents=red_tulip,legacy_data=3]	2243
minecraft:flower_pot[contents=red_tulip,legacy_data=4]	2244
minecraft:flower_pot[contents=red_tulip,legacy_data=5]	2245
minecraft:flower_pot[contents=red_tulip,legacy_data=6]	2246
minecraft:flower_pot[contents=red_tulip,legacy_data=7]	2247
minecraft:flower_pot[contents=red_tulip,legacy_data=8]	2248
minecraft:flower_pot[contents=red_tulip,legacy_data=9]	2249
minecraft:flower_pot[contents=rose,legacy_data=0]	2240
minecraft:flower_pot[contents=rose,legacy_data=10]	2250
minecraft:flower_pot[contents=rose,legacy_data=11]	2251
minecraft:flower_pot[contents=rose,legacy_data=12]	2252
minecraft:flower_pot[contents=rose,legacy_data=13]	2253
minecraft:flower_pot[contents=rose,legacy_data=14]	2254
minecraft:flower_pot[contents=rose,legacy_data=15]	2255
minecraft:flower_pot[contents=rose,legacy_data=1]	2241
minecraft:flower_pot[contents=rose,legacy_data=2]	2242
minecraft:flower_pot[contents=rose,legacy_data=3]	2243
minecraft:flower_pot[contents=rose,legacy_data=4]	2244
minecraft:flower_pot[contents=rose,legacy_data=5]	2245
minecraft:flower_pot[contents=rose,legacy_data=6]	2246
minecraft:flower_pot[contents=rose,legacy_data=7]	2247
minecraft:flower_pot[contents=rose,legacy_data=8]	2248
minecraft:flower_pot[contents=rose,legacy_data=9]	2249
minecraft:flower_pot[contents=spruce_sapling,legacy_data=0]	2240
minecraft:flower_pot[contents=spruce_sapling,legacy_data=10]	2250
minecraft:flower_pot[contents=spruce_sapling,legacy_data=11]	2251
minecraft:flower_pot[contents=spruce_sapling,legacy_data=12]	2252
minecraft:flower_pot[contents=spruce_sapling,legacy_data=13]	2253
minecraft:flower_pot[contents=spruce_sapling,legacy_data=14]	2254
minecraft:flower_pot[contents=spruce_sapling,legacy_data=15]	2255
minecraft:flower_pot[contents=spruce_sapling,legacy_data=1]	2241
minecraft:flower_pot[contents=spruce_sapling,legacy_data=2]	2242
minecraft:flower_pot[contents=spruce_sapling,legacy_data=3]	2243
minecraft:flower_pot[contents=spruce_sapling,legacy_data=4]	2244
minecraft:flower_pot[contents=spruce_sapling,legacy_data=5]	2245
minecraft:flower_pot[contents=spruce_sapling,legacy_data=6]	2246
minecraft:flower_pot[contents=spruce_sapling,legacy_data=7]	2247
minecraft:flower_pot[contents=spruce_sapling,legacy_data=8]	2248
minecraft:flower_pot[contents=spruce_sapling,legacy_data=9]	2249
minecraft:flower_pot[contents=white_tulip,legacy_data=0]	2240
minecraft:flower_pot[contents=white_tulip,legacy_data=10]	2250
minecraft:flower_pot[contents=white_tulip,legacy_data=11]	2251
minecraft:flower_pot[contents=white_tulip,legacy_data=12]	2252
minecraft:flower_pot[contents=white_tulip,legacy_data=13]	2253
minecraft:flower_pot[contents=white_tulip,legacy_data=14]	2254
minecraft:flower_pot[contents=white_tulip,legacy_data=15]	2255
minecraft:flower_pot[contents=white_tulip,legacy_data=1]	2241
minecraft:flower_pot[contents=white_tulip,legacy_data=2]	2242
minecraft:flower_pot[contents=white_tulip,legacy_data=3]	2243
minecraft:flower_pot[contents=white_tulip,legacy_data=4]	2244
minecraft:flower_pot[contents=white_tulip,legacy_data=5]	2245
minecraft:flower_pot[contents=white_tulip,legacy_data=6]	2246
minecraft:flower_pot[contents=white_tulip,legacy_data=7]	2247
minecraft:flower_pot[contents=white_tulip,legacy_data=8]	2248
minecraft:flower_pot[contents=white_tulip,legacy_data=9]	2249
minecraft:flowing_lava[level=0]	160
minecraft:flowing_lava[level=10]	170
minecraft:flowing_lava[level=11]	171
minecraft:flowing_lava[level=12]	172
minecraft:flowing_lava[level=13]	173
minecraft:flowing_lava[level=14]	174
minecraft:flowing_lava[level=15]	175
minecraft:flowing_lava[level=1]	161
minecraft:flowing_lava[level=2]	162
minecraft:flowing_lava[level=3]	163
minecraft:flowing_lava[level=4]	164
minecraft:flowing_lava[level=5]	165
minecraft:flowing_lava[level=6]	166
minecraft:flowing_lava[level=7]	167
minecraft:flowing_lava[level=8]	168
minecraft:flowing_lava[level=9]	169
minecraft:flowing_water[level=0]	128
minecraft:flowing_water[level=10]	138
minecraft:flowing_water[level=11]	139
minecraft:flowing_water[level=12]	140
minecraft:flowing_water[level=13]	141
minecraft:flowing_water[level=14]	142
minecraft:flowing_water[level=15]	143
minecraft:flowing_water[level=1]	129
minecraft:flowing_water[level=2]	130
minecraft:flowing_water[level=3]	131
minecraft:flowing_water[level=4]	132
minecraft:flowing_water[level=5]	133
minecraft:flowing_water[level=6]	134
minecraft:flowing_water[level=7]	135
minecraft:flowing_water[level=8]	136
minecraft:flowing_water[level=9]	137
minecraft:frosted_ice[age=0]	3392
minecraft:frosted_ice[age=1]	3393
minecraft:frosted_ice[age=2]	3394
minecraft:frosted_ice[age=3]	3395
minecraft:furnace[facing=east]	981
minecraft:furnace[facing=north]	978
minecraft:furnace[facing=south]	979
minecraft:furnace[facing=west]	980
minecraft:glass	320
minecraft:glass_pane[east=false,north=false,south=false,west=false]	1632
minecraft:glass_pane[east=false,north=false,south=false,west=true]	1632
minecraft:glass_pane[east=false,north=false,south=true,west=false]	1632
minecraft:glass_pane[east=false,north=false,south=true,west=true]	1632
minecraft:glass_pane[east=false,north=true,south=false,west=false]	1632
minecraft:glass_pane[east=false,north=true,south=false,west=true]	1632
minecraft:glass_pane[east=false,north=true,south=true,west=false]	1632
minecraft:glass_pane[east=false,north=true,south=true,west=true]	1632
minecraft:glass_pane[east=true,north=false,south=false,west=false]	1632
minecraft:glass_pane[east=true,north=false,south=false,west=true]	1632
minecraft:glass_pane[east=true,north=false,south=true,west=false]	1632
minecraft:glass_pane[east=true,north=false,south=true,west=true]	1632
minecraft:glass_pane[east=true,north=true,south=false,west=false]	1632
minecraft:glass_pane[east=true,north=true,south=false,west=true]	1632
minecraft:glass_pane[east=true,north=true,south=true,west=false]	1632
minecraft:glass_pane[east=true,north=true,south=true,west=true]	1632
minecraft:glowstone	1424
minecraft:gold_block	656
minecraft:gold_ore	224
minecraft:golden_rail[powered=false,shape=ascending_east]	434
minecraft:golden_rail[powered=false,shape=ascending_north]	436
minecraft:golden_rail[powered=false,shape=ascending_south]	437
minecraft:golden_rail[powered=false,shape=ascending_west]	435
minecraft:golden_rail[powered=false,shape=east_west]	433
minecraft:golden_rail[powered=false,shape=north_south]	432
minecraft:golden_rail[powered=true,shape=ascending_east]	442
minecraft:golden_rail[powered=true,shape=ascending_north]	444
minecraft:golden_rail[powered=true,shape=ascending_south]	445
minecraft:golden_rail[powered=true,shape=ascending_west]	443
minecraft:golden_rail[powered=true,shape=east_west]	441
minecraft:golden_rail[powered=true,shape=north_south]	440
minecraft:grass[snowy=false]	32
minecraft:grass[snowy=true]	32
minecraft:grass_path	3328
minecraft:gravel	208
minecraft:gray_glazed_terracotta[facing=east]	3875
minecraft:gray_glazed_terracotta[facing=north]	3874
minecraft:gray_glazed_terracotta[facing=south]	3872
minecraft:gray_glazed_terracotta[facing=west]	3873
minecraft:gray_shulker_box[facing=down]	3616
minecraft:gray_shulker_box[facing=east]	3621
minecraft:gray_shulker_box[facing=north]	3618
minecraft:gray_shulker_box[facing=south]	3619
minecraft:gray_shulker_box[facing=up]	3617
minecraft:gray_shulker_box[facing=west]	3620
minecraft:green_glazed_terracotta[facing=east]	3971
minecraft:green_glazed_terracotta[facing=north]	3970
minecraft:green_glazed_terracotta[facing=south]	3968
minecraft:green_glazed_terracotta[facing=west]	3969
minecraft:green_shulker_box[facing=down]	3712
minecraft:green_shulker_box[facing=east]	3717
minecraft:green_shulker_box[facing=north]	3714
minecraft:green_shulker_box[facing=south]	3715
minecraft:green_shulker_box[facing=up]	3713
minecraft:green_shulker_box[facing=west]	3716
minecraft:hardened_clay	2752
minecraft:hay_block[axis=x]	2724
minecraft:hay_block[axis=y]	2720
minecraft:hay_block[axis=z]	2728
minecraft:heavy_weighted_pressure_plate[power=0]	2368
minecraft:heavy_weighted_pressure_plate[power=10]	2378
minecraft:heavy_weighted_pressure_plate[power=11]	2379
minecraft:heavy_weighted_pressure_plate[power=12]	2380
minecraft:heavy_weighted_pressure_plate[power=13]	2381
minecraft:heavy_weighted_pressure_plate[power=14]	2382
minecraft:heavy_weighted_pressure_plate[power=15]	2383
minecraft:heavy_weighted_pressure_plate[power=1]	2369
minecraft:heavy_weighted_pressure_plate[power=2]	2370
minecraft:heavy_weighted_pressure_plate[power=3]	2371
minecraft:heavy_weighted_pressure_plate[power=4]	2372
minecraft:heavy_weighted_pressure_plate[power=5]	2373
minecraft:heavy_weighted_pressure_plate[power=6]	2374
minecraft:heavy_weighted_pressure_plate[power=7]	2375
minecraft:heavy_weighted_pressure_plate[power=8]	2376
minecraft:heavy_weighted_pressure_plate[power=9]	2377
minecraft:hopper[enabled=false,facing=down]	2472
minecraft:hopper[enabled=false,facing=east]	2477
minecraft:hopper[enabled=false,facing=north]	2474
minecraft:hopper[enabled=false,facing=south]	2475
minecraft:hopper[enabled=false,facing=west]	2476
minecraft:hopper[enabled=true,facing=down]	2464
minecraft:hopper[enabled=true,facing=east]	2469
minecraft:hopper[enabled=true,facing=north]	2466
minecraft:hopper[enabled=true,facing=south]	2467
minecraft:hopper[enabled=true,facing=west]	2468
minecraft:ice	1264
minecraft:iron_bars[east=false,north=false,south=false,west=false]	1616
minecraft:iron_bars[east=false,north=false,south=false,west=true]	1616
minecraft:iron_bars[east=false,north=false,south=true,west=false]	1616
minecraft:iron_bars[east=false,north=false,south=true,west=true]	1616
minecraft:iron_bars[east=false,north=true,south=false,west=false]	1616
minecraft:iron_bars[east=false,north=true,south=false,west=true]	1616
minecraft:iron_bars[east=false,north=true,south=true,west=false]	1616
minecraft:iron_bars[east=false,north=true,south=true,west=true]	1616
minecraft:iron_bars[east=true,north=false,south=false,west=false]	1616
minecraft:iron_bars[east=true,north=false,south=false,west=true]	1616
minecraft:iron_bars[east=true,north=false,south=true,west=false]	1616
minecraft:iron_bars[east=true,north=false,south=true,west=true]	1616
minecraft:iron_bars[east=true,north=true,south=false,west=false]	1616
minecraft:iron_bars[east=true,north=true,south=false,west=true]	1616
minecraft:iron_bars[east=true,north=true,south=true,west=false]	1616
minecraft:iron_bars[east=true,north=true,south=true,west=true]	1616
minecraft:iron_block	672
minecraft:iron_door[facing=east,half=lower,hinge=left,open=false,powered=false]	1136
minecraft:iron_door[facing=east,half=lower,hinge=left,open=false,powered=true]	1136
minecraft:iron_door[facing=east,half=lower,hinge=left,open=true,powered=false]	1140
minecraft:iron_door[facing=east,half=lower,hinge=left,open=true,powered=true]	1140
minecraft:iron_door[facing=east,half=lower,hinge=right,open=false,powered=false]	1136
minecraft:iron_door[facing=east,half=lower,hinge=right,open=false,powered=true]	1136
minecraft:iron_door[facing=east,half=lower,hinge=right,open=true,powered=false]	1140
minecraft:iron_door[facing=east,half=lower,hinge=right,open=true,powered=true]	1140
minecraft:iron_door[facing=east,half=upper,hinge=left,open=false,powered=false]	1144
minecraft:iron_door[facing=east,half=upper,hinge=left,open=false,powered=true]	1146
minecraft:iron_door[facing=east,half=upper,hinge=left,open=true,powered=false]	1144
minecraft:iron_door[facing=east,half=upper,hinge=left,open=true,powered=true]	1146
minecraft:iron_door[facing=east,half=upper,hinge=right,open=false,powered=false]	1145
minecraft:iron_door[facing=east,half=upper,hinge=right,open=false,powered=true]	1147
minecraft:iron_door[facing=east,half=upper,hinge=right,open=true,powered=false]	1145
minecraft:iron_door[facing=east,half=upper,hinge=right,open=true,powered=true]	1147
minecraft:iron_door[facing=north,half=lower,hinge=left,open=false,powered=false]	1139
minecraft:iron_door[facing=north,half=lower,hinge=left,open=false,powered=true]	1139
minecraft:iron_door[facing=north,half=lower,hinge=left,open=true,powered=false]	1143
minecraft:iron_door[facing=north,half=lower,hinge=left,open=true,powered=true]	1143
minecraft:iron_door[facing=north,half=lower,hinge=right,open=false,powered=false]	1139
minecraft:iron_door[facing=north,half=lower,hinge=right,open=false,powered=true]	1139
minecraft:iron_door[facing=north,half=lower,hinge=right,open=true,powered=false]	1143
minecraft:iron_door[facing=north,half=lower,hinge=right,open=true,powered=true]	1143
minecraft:iron_door[facing=north,half=upper,hinge=left,open=false,powered=false]	1144
minecraft:iron_door[facing=north,half=upper,hinge=left,open=false,powered=true]	1146
minecraft:iron_door[facing=north,half=upper,hinge=left,open=true,powered=false]	1144
minecraft:iron_door[facing=north,half=upper,hinge=left,open=true,powered=true]	1146
minecraft:iron_door[facing=north,half=upper,hinge=right,open=false,powered=false]	1145
minecraft:iron_door[facing=north,half=upper,hinge=right,open=false,powered=true]	1147
minecraft:iron_door[facing=north,half=upper,hinge=right,open=true,powered=false]	1145
minecraft:iron_door[facing=north,half=upper,hinge=right,open=true,powered=true]	1147
minecraft:iron_door[facing=south,half=lower,hinge=left,open=false,powered=false]	1137
minecraft:iron_door[facing=south,half=lower,hinge=left,open=false,powered=true]	1137
minecraft:iron_door[facing=south,half=lower,hinge=left,open=true,powered=false]	1141
minecraft:iron_door[facing=south,half=lower,hinge=left,open=true,powered=true]	1141
minecraft:iron_door[facing=south,half=lower,hinge=right,open=false,powered=false]	1137
minecraft:iron_door[facing=south,half=lower,hinge=right,open=false,powered=true]	1137
minecraft:iron_door[facing=south,half=lower,hinge=right,open=true,powered=false]	1141
minecraft:iron_door[facing=south,half=lower,hinge=right,open=true,powered=true]	1141
minecraft:iron_door[facing=south,half=upper,hinge=left,open=false,powered=false]	1144
minecraft:iron_door[facing=south,half=upper,hinge=left,open=false,powered=true]	1146
minecraft:iron_door[facing=south,half=upper,hinge=left,open=true,powered=false]	1144
minecraft:iron_door[facing=south,half=upper,hinge=left,open=true,powered=true]	1146
minecraft:iron_door[facing=south,half=upper,hinge=right,open=false,powered=false]	1145
minecraft:iron_door[facing=south,half=upper,hinge=right,open=false,powered=true]	1147
minecraft:iron_door[facing=south,half=upper,hinge=right,open=true,powered=false]	1145
minecraft:iron_door[facing=south,half=upper,hinge=right,open=true,powered=true]	1147
minecraft:iron_door[facing=west,half=lower,hinge=left,open=false,powered=false]	1138
minecraft:iron_door[facing=west,half=lower,hinge=left,open=false,powered=true]	1138
minecraft:iron_door[facing=west,half=lower,hinge=left,open=true,powered=false]	1142
minecraft:iron_door[facing=west,half=lower,hinge=left,open=true,powered=true]	1142
minecraft:iron_door[facing=west,half=lower,hinge=right,open=false,powered=false]	1138
minecraft:iron_door[facing=west,half=lower,hinge=right,open=false,powered=true]	1138
minecraft:iron_door[facing=west,half=lower,hinge=right,open=true,powered=false]	1142
minecraft:iron_door[facing=west,half=lower,hinge=right,open=true,powered=true]	1142
minecraft:iron_door[facing=west,half=upper,hinge=left,open=false,powered=false]	1144
minecraft:iron_door[facing=west,half=upper,hinge=left,open=false,powered=true]	1146
minecraft:iron_door[facing=west,half=upper,hinge=left,open=true,powered=false]	1144
minecraft:iron_door[facing=west,half=upper,hinge=left,open=true,powered=true]	1146
minecraft:iron_door[facing=west,half=upper,hinge=right,open=false,powered=false]	1145
minecraft:iron_door[facing=west,half=upper,hinge=right,open=false,powered=true]	1147
minecraft:iron_door[facing=west,half=upper,hinge=right,open=true,powered=false]	1145
minecraft:iron_door[facing=west,half=upper,hinge=right,open=true,powered=true]	1147
minecraft:iron_ore	240
minecraft:iron_trapdoor[facing=east,half=bottom,open=false]	2675
minecraft:iron_trapdoor[facing=east,half=bottom,open=true]	2679
minecraft:iron_trapdoor[facing=east,half=top,open=false]	2683
minecraft:iron_trapdoor[facing=east,half=top,open=true]	2687
minecraft:iron_trapdoor[facing=north,half=bottom,open=false]	2672
minecraft:iron_trapdoor[facing=north,half=bottom,open=true]	2676
minecraft:iron_trapdoor[facing=north,half=top,open=false]	2680
minecraft:iron_trapdoor[facing=north,half=top,open=true]	2684
minecraft:iron_trapdoor[facing=south,half=bottom,open=false]	2673
minecraft:iron_trapdoor[facing=south,half=bottom,open=true]	2677
minecraft:iron_trapdoor[facing=south,half=top,open=false]	2681
minecraft:iron_trapdoor[facing=south,half=top,open=true]	2685
minecraft:iron_trapdoor[facing=west,half=bottom,open=false]	2674
minecraft:iron_trapdoor[facing=west,half=bottom,open=true]	2678
minecraft:iron_trapdoor[facing=west,half=top,open=false]	2682
minecraft:iron_trapdoor[facing=west,half=top,open=true]	2686
minecraft:jukebox[has_record=false]	1344
minecraft:jukebox[has_record=true]	1345
minecraft:jungle_door[facing=east,half=lower,hinge=left,open=false,powered=false]	3120
minecraft:jungle_door[facing=east,half=lower,hinge=left,open=false,powered=true]	3120
minecraft:jungle_door[facing=east,half=lower,hinge=left,open=true,powered=false]	3124
minecraft:jungle_door[facing=east,half=lower,hinge=left,open=true,powered=true]	3124
minecraft:jungle_door[facing=east,half=lower,hinge=right,open=false,powered=false]	3120
minecraft:jungle_door[facing=east,half=lower,hinge=right,open=false,powered=true]	3120
minecraft:jungle_door[facing=east,half=lower,hinge=right,open=true,powered=false]	3124
minecraft:jungle_door[facing=east,half=lower,hinge=right,open=true,powered=true]	3124
minecraft:jungle_door[facing=east,half=upper,hinge=left,open=false,powered=false]	3128
minecraft:jungle_door[facing=east,half=upper,hinge=left,open=false,powered=true]	3130
minecraft:jungle_door[facing=east,half=upper,hinge=left,open=true,powered=false]	3128
minecraft:jungle_door[facing=east,half=upper,hinge=left,open=true,powered=true]	3130
minecraft:jungle_door[facing=east,half=upper,hinge=right,open=false,powered=false]	3129
minecraft:jungle_door[facing=east,half=upper,hinge=right,open=false,powered=true]	3131
minecraft:jungle_door[facing=east,half=upper,hinge=right,open=true,powered=false]	3129
minecraft:jungle_door[facing=east,half=upper,hinge=right,open=true,powered=true]	3131
minecraft:jungle_door[facing=north,half=lower,hinge=left,open=false,powered=false]	3123
minecraft:jungle_door[facing=north,half=lower,hinge=left,open=false,powered=true]	3123
minecraft:jungle_door[facing=north,half=lower,hinge=left,open=true,powered=false]	3127
minecraft:jungle_door[facing=north,half=lower,hinge=left,open=true,powered=true]	3127
minecraft:jungle_door[facing=north,half=lower,hinge=right,open=false,powered=false]	3123
minecraft:jungle_door[facing=north,half=lower,hinge=right,open=false,powered=true]	3123
minecraft:jungle_door[facing=north,half=lower,hinge=right,open=true,powered=false]	3127
minecraft:jungle_door[facing=north,half=lower,hinge=right,open=true,powered=true]	3127
minecraft:jungle_door[facing=north,half=upper,hinge=left,open=false,powered=false]	3128
minecraft:jungle_door[facing=north,half=upper,hinge=left,open=false,powered=true]	3130
minecraft:jungle_door[facing=north,half=upper,hinge=left,open=true,powered=false]	3128
minecraft:jungle_door[facing=north,half=upper,hinge=left,open=true,powered=true]	3130
minecraft:jungle_door[facing=north,half=upper,hinge=right,open=false,powered=false]	3129
minecraft:jungle_door[facing=north,half=upper,hinge=right,open=false,powered=true]	3131
minecraft:jungle_door[facing=north,half=upper,hinge=right,open=true,powered=false]	3129
minecraft:jungle_door[facing=north,half=upper,hinge=right,open=true,powered=true]	3131
minecraft:jungle_door[facing=south,half=lower,hinge=left,open=false,powered=false]	3121
minecraft:jungle_door[facing=south,half=lower,hinge=left,open=false,powered=true]	3121
minecraft:jungle_door[facing=south,half=lower,hinge=left,open=true,powered=false]	3125
minecraft:jungle_door[facing=south,half=lower,hinge=left,open=true,powered=true]	3125
minecraft:jungle_door[facing=south,half=lower,hinge=right,open=false,powered=false]	3121
minecraft:jungle_door[facing=south,half=lower,hinge=right,open=false,powered=true]	3121
minecraft:jungle_door[facing=south,half=lower,hinge=right,open=true,powered=false]	3125
minecraft:jungle_door[facing=south,half=lower,hinge=right,open=true,powered=true]	3125
minecraft:jungle_door[facing=south,half=upper,hinge=left,open=false,powered=false]	3128
minecraft:jungle_door[facing=south,half=upper,hinge=left,open=false,powered=true]	3130
minecraft:jungle_door[facing=south,half=upper,hinge=left,open=true,powered=false]	3128
minecraft:jungle_door[facing=south,half=upper,hinge=left,open=true,powered=true]	3130
minecraft:jungle_door[facing=south,half=upper,hinge=right,open=false,powered=false]	3129
minecraft:jungle_door[facing=south,half=upper,hinge=right,open=false,powered=true]	3131
minecraft:jungle_door[facing=south,half=upper,hinge=right,open=true,powered=false]	3129
minecraft:jungle_door[facing=south,half=upper,hinge=right,open=true,powered=true]	3131
minecraft:jungle_door[facing=west,half=lower,hinge=left,open=false,powered=false]	3122
minecraft:jungle_door[facing=west,half=lower,hinge=left,open=false,powered=true]	3122
minecraft:jungle_door[facing=west,half=lower,hinge=left,open=true,powered=false]	3126
minecraft:jungle_door[facing=west,half=lower,hinge=left,open=true,powered=true]	3126
minecraft:jungle_door[facing=west,half=lower,hinge=right,open=false,powered=false]	3122
minecraft:jungle_door[facing=west,half=lower,hinge=right,open=false,powered=true]	3122
minecraft:jungle_door[facing=west,half=lower,hinge=right,open=true,powered=false]	3126
minecraft:jungle_door[facing=west,half=lower,hinge=right,open=true,powered=true]	3126
minecraft:jungle_door[facing=west,half=upper,hinge=left,open=false,powered=false]	3128
minecraft:jungle_door[facing=west,half=upper,hinge=left,open=false,powered=true]	3130
minecraft:jungle_door[facing=west,half=upper,hinge=left,open=true,powered=false]	3128
minecraft:jungle_door[facing=west,half=upper,hinge=left,open=true,powered=true]	3130
minecraft:jungle_door[facing=west,half=upper,hinge=right,open=false,powered=false]	3129
minecraft:jungle_door[facing=west,half=upper,hinge=right,open=false,powered=true]	3131
minecraft:jungle_door[facing=west,half=upper,hinge=right,open=true,powered=false]	3129
minecraft:jungle_door[facing=west,half=upper,hinge=right,open=true,powered=true]	3131
minecraft:jungle_fence[east=false,north=false,south=false,west=false]	3040
minecraft:jungle_fence[east=false,north=false,south=false,west=true]	3040
minecraft:jungle_fence[east=false,north=false,south=true,west=false]	3040
minecraft:jungle_fence[east=false,north=false,south=true,west=true]	3040
minecraft:jungle_fence[east=false,north=true,south=false,west=false]	3040
minecraft:jungle_fence[east=false,north=true,south=false,west=true]	3040
minecraft:jungle_fence[east=false,north=true,south=true,west=false]	3040
minecraft:jungle_fence[east=false,north=true,south=true,west=true]	3040
minecraft:jungle_fence[east=true,north=false,south=false,west=false]	3040
minecraft:jungle_fence[east=true,north=false,south=false,west=true]	3040
minecraft:jungle_fence[east=true,north=false,south=true,west=false]	3040
minecraft:jungle_fence[east=true,north=false,south=true,west=true]	3040
minecraft:jungle_fence[east=true,north=true,south=false,west=false]	3040
minecraft:jungle_fence[east=true,north=true,south=false,west=true]	3040
minecraft:jungle_fence[east=true,north=true,south=true,west=false]	3040
minecraft:jungle_fence[east=true,north=true,south=true,west=true]	3040
minecraft:jungle_fence_gate[facing=east,in_wall=false,open=false,powered=false]	2963
minecraft:jungle_fence_gate[facing=east,in_wall=false,open=false,powered=true]	2971
minecraft:jungle_fence_gate[facing=east,in_wall=false,open=true,powered=false]	2967
minecraft:jungle_fence_gate[facing=east,in_wall=false,open=true,powered=true]	2975
minecraft:jungle_fence_gate[facing=east,in_wall=true,open=false,powered=false]	2963
minecraft:jungle_fence_gate[facing=east,in_wall=true,open=false,powered=true]	2971
minecraft:jungle_fence_gate[facing=east,in_wall=true,open=true,powered=false]	2967
minecraft:jungle_fence_gate[facing=east,in_wall=true,open=true,powered=true]	2975
minecraft:jungle_fence_gate[facing=north,in_wall=false,open=false,powered=false]	2962
minecraft:jungle_fence_gate[facing=north,in_wall=false,open=false,powered=true]	2970
minecraft:jungle_fence_gate[facing=north,in_wall=false,open=true,powered=false]	2966
minecraft:jungle_fence_gate[facing=north,in_wall=false,open=true,powered=true]	2974
minecraft:jungle_fence_gate[facing=north,in_wall=true,open=false,powered=false]	2962
minecraft:jungle_fence_gate[facing=north,in_wall=true,open=false,powered=true]	2970
minecraft:jungle_fence_gate[facing=north,in_wall=true,open=true,powered=false]	2966
minecraft:jungle_fence_gate[facing=north,in_wall=true,open=true,powered=true]	2974
minecraft:jungle_fence_gate[facing=south,in_wall=false,open=false,powered=false]	2960
minecraft:jungle_fence_gate[facing=south,in_wall=false,open=false,powered=true]	2968
minecraft:jungle_fence_gate[facing=south,in_wall=false,open=true,powered=false]	2964
minecraft:jungle_fence_gate[facing=south,in_wall=false,open=true,powered=true]	2972
minecraft:jungle_fence_gate[facing=south,in_wall=true,open=false,powered=false]	2960
minecraft:jungle_fence_gate[facing=south,in_wall=true,open=false,powered=true]	2968
minecraft:jungle_fence_gate[facing=south,in_wall=true,open=true,powered=false]	2964
minecraft:jungle_fence_gate[facing=south,in_wall=true,open=true,powered=true]	2972
minecraft:jungle_fence_gate[facing=west,in_wall=false,open=false,powered=false]	2961
minecraft:jungle_fence_gate[facing=west,in_wall=false,open=false,powered=true]	2969
minecraft:jungle_fence_gate[facing=west,in_wall=false,open=true,powered=false]	2965
minecraft:jungle_fence_gate[facing=west,in_wall=false,open=true,powered=true]	2973
minecraft:jungle_fence_gate[facing=west,in_wall=true,open=false,powered=false]	2961
minecraft:jungle_fence_gate[facing=west,in_wall=true,open=false,powered=true]	2969
minecraft:jungle_fence_gate[facing=west,in_wall=true,open=true,powered=false]	2965
minecraft:jungle_fence_gate[facing=west,in_wall=true,open=true,powered=true]	2973
minecraft:jungle_stairs[facing=east,half=bottom,shape=inner_left]	2176
minecraft:jungle_stairs[facing=east,half=bottom,shape=inner_right]	2176
minecraft:jungle_stairs[facing=east,half=bottom,shape=outer_left]	2176
minecraft:jungle_stairs[facing=east,half=bottom,shape=outer_right]	2176
minecraft:jungle_stairs[facing=east,half=bottom,shape=straight]	2176
minecraft:jungle_stairs[facing=east,half=top,shape=inner_left]	2180
minecraft:jungle_stairs[facing=east,half=top,shape=inner_right]	2180
minecraft:jungle_stairs[facing=east,half=top,shape=outer_left]	2180
minecraft:jungle_stairs[facing=east,half=top,shape=outer_right]	2180
minecraft:jungle_stairs[facing=east,half=top,shape=straight]	2180
minecraft:jungle_stairs[facing=north,half=bottom,shape=inner_left]	2179
minecraft:jungle_stairs[facing=north,half=bottom,shape=inner_right]	2179
minecraft:jungle_stairs[facing=north,half=bottom,shape=outer_left]	2179
minecraft:jungle_stairs[facing=north,half=bottom,shape=outer_right]	2179
minecraft:jungle_stairs[facing=north,half=bottom,shape=straight]	2179
minecraft:jungle_stairs[facing=north,half=top,shape=inner_left]	2183
minecraft:jungle_stairs[facing=north,half=top,shape=inner_right]	2183
minecraft:jungle_stairs[facing=north,half=top,shape=outer_left]	2183
minecraft:jungle_stairs[facing=north,half=top,shape=outer_right]	2183
minecraft:jungle_stairs[facing=north,half=top,shape=straight]	2183
minecraft:jungle_stairs[facing=south,half=bottom,shape=inner_left]	2178
minecraft:jungle_stairs[facing=south,half=bottom,shape=inner_right]	2178
minecraft:jungle_stairs[facing=south,half=bottom,shape=outer_left]	2178
minecraft:jungle_stairs[facing=south,half=bottom,shape=outer_right]	2178
minecraft:jungle_stairs[facing=south,half=bottom,shape=straight]	2178
minecraft:jungle_stairs[facing=south,half=top,shape=inner_left]	2182
minecraft:jungle_stairs[facing=south,half=top,shape=inner_right]	2182
minecraft:jungle_stairs[facing=south,half=top,shape=outer_left]	2182
minecraft:jungle_stairs[facing=south,half=top,shape=outer_right]	2182
minecraft:jungle_stairs[facing=south,half=top,shape=straight]	2182
minecraft:jungle_stairs[facing=west,half=bottom,shape=inner_left]	2177
minecraft:jungle_stairs[facing=west,half=bottom,shape=inner_right]	2177
minecraft:jungle_stairs[facing=west,half=bottom,shape=outer_left]	2177
minecraft:jungle_stairs[facing=west,half=bottom,shape=outer_right]	2177
minecraft:jungle_stairs[facing=west,half=bottom,shape=straight]	2177
minecraft:jungle_stairs[facing=west,half=top,shape=inner_left]	2181
minecraft:jungle_stairs[facing=west,half=top,shape=inner_right]	2181
minecraft:jungle_stairs[facing=west,half=top,shape=outer_left]	2181
minecraft:jungle_stairs[facing=west,half=top,shape=outer_right]	2181
minecraft:jungle_stairs[facing=west,half=top,shape=straight]	2181
minecraft:ladder[facing=east]	1045
minecraft:ladder[facing=north]	1042
minecraft:ladder[facing=south]	1043
minecraft:ladder[facing=west]	1044
minecraft:lapis_block	352
minecraft:lapis_ore	336
minecraft:lava[level=0]	176
minecraft:lava[level=10]	186
minecraft:lava[level=11]	187
minecraft:lava[level=12]	188
minecraft:lava[level=13]	189
minecraft:lava[level=14]	190
minecraft:lava[level=15]	191
minecraft:lava[level=1]	177
minecraft:lava[level=2]	178
minecraft:lava[level=3]	179
minecraft:lava[level=4]	180
minecraft:lava[level=5]	181
minecraft:lava[level=6]	182
minecraft:lava[level=7]	183
minecraft:lava[level=8]	184
minecraft:lava[level=9]	185
minecraft:leaves2[check_decay=false,decayable=false,variant=acacia]	2580
minecraft:leaves2[check_decay=false,decayable=false,variant=dark_oak]	2581
minecraft:leaves2[check_decay=false,decayable=true,variant=acacia]	2576
minecraft:leaves2[check_decay=false,decayable=true,variant=dark_oak]	2577
minecraft:leaves2[check_decay=true,decayable=false,variant=acacia]	2588
minecraft:leaves2[check_decay=true,decayable=false,variant=dark_oak]	2589
minecraft:leaves2[check_decay=true,decayable=true,variant=acacia]	2584
minecraft:leaves2[check_decay=true,decayable=true,variant=dark_oak]	2585
minecraft:leaves[check_decay=false,decayable=false,variant=birch]	294
minecraft:leaves[check_decay=false,decayable=false,variant=jungle]	295
minecraft:leaves[check_decay=false,decayable=false,variant=oak]	292
minecraft:leaves[check_decay=false,decayable=false,variant=spruce]	293
minecraft:leaves[check_decay=false,decayable=true,variant=birch]	290
minecraft:leaves[check_decay=false,decayable=true,variant=jungle]	291
minecraft:leaves[check_decay=false,decayable=true,variant=oak]	288
minecraft:leaves[check_decay=false,decayable=true,variant=spruce]	289
minecraft:leaves[check_decay=true,decayable=false,variant=birch]	302
minecraft:leaves[check_decay=true,decayable=false,variant=jungle]	303
minecraft:leaves[check_decay=true,decayable=false,variant=oak]	300
minecraft:leaves[check_decay=true,decayable=false,variant=spruce]	301
minecraft:leaves[check_decay=true,decayable=true,variant=birch]	298
minecraft:leaves[check_decay=true,decayable=true,variant=jungle]	299
minecraft:leaves[check_decay=true,decayable=true,variant=oak]	296
minecraft:leaves[check_decay=true,decayable=true,variant=spruce]	297
minecraft:lever[facing=down_x,powered=false]	1104
minecraft:lever[facing=down_x,powered=true]	1112
minecraft:lever[facing=down_z,powered=false]	1111
minecraft:lever[facing=down_z,powered=true]	1119
minecraft:lever[facing=east,powered=false]	1105
minecraft:lever[facing=east,powered=true]	1113
minecraft:lever[facing=north,powered=false]	1108
minecraft:lever[facing=north,powered=true]	1116
minecraft:lever[facing=south,powered=false]	1107
minecraft:lever[facing=south,powered=true]	1115
minecraft:lever[facing=up_x,powered=false]	1110
minecraft:lever[facing=up_x,powered=true]	1118
minecraft:lever[facing=up_z,powered=false]	1109
minecraft:lever[facing=up_z,powered=true]	1117
minecraft:lever[facing=west,powered=false]	1106
minecraft:lever[facing=west,powered=true]	1114
minecraft:light_blue_glazed_terracotta[facing=east]	3811
minecraft:light_blue_glazed_terracotta[facing=north]	3810
minecraft:light_blue_glazed_terracotta[facing=south]	3808
minecraft:light_blue_glazed_terracotta[facing=west]	3809
minecraft:light_blue_shulker_box[facing=down]	3552
minecraft:light_blue_shulker_box[facing=east]	3557
minecraft:light_blue_shulker_box[facing=north]	3554
minecraft:light_blue_shulker_box[facing=south]	3555
minecraft:light_blue_shulker_box[facing=up]	3553
minecraft:light_blue_shulker_box[facing=west]	3556
minecraft:light_weighted_pressure_plate[power=0]	2352
minecraft:light_weighted_pressure_plate[power=10]	2362
minecraft:light_weighted_pressure_plate[power=11]	2363
minecraft:light_weighted_pressure_plate[power=12]	2364
minecraft:light_weighted_pressure_plate[power=13]	2365
minecraft:light_weighted_pressure_plate[power=14]	2366
minecraft:light_weighted_pressure_plate[power=15]	2367
minecraft:light_weighted_pressure_plate[power=1]	2353
minecraft:light_weighted_pressure_plate[power=2]	2354
minecraft:light_weighted_pressure_plate[power=3]	2355
minecraft:light_weighted_pressure_plate[power=4]	2356
minecraft:light_weighted_pressure_plate[power=5]	2357
minecraft:light_weighted_pressure_plate[power=6]	2358
minecraft:light_weighted_pressure_plate[power=7]	2359
minecraft:light_weighted_pressure_plate[power=8]	2360
minecraft:light_weighted_pressure_plate[power=9]	2361
minecraft:lime_glazed_terracotta[facing=east]	3843
minecraft:lime_glazed_terracotta[facing=north]	3842
minecraft:lime_glazed_terracotta[facing=south]	3840
minecraft:lime_glazed_terracotta[facing=west]	3841
minecraft:lime_shulker_box[facing=down]	3584
minecraft:lime_shulker_box[facing=east]	3589
minecraft:lime_shulker_box[facing=north]	3586
minecraft:lime_shulker_box[facing=south]	3587
minecraft:lime_shulker_box[facing=up]	3585
minecraft:lime_shulker_box[facing=west]	3588
minecraft:lit_furnace[facing=east]	997
minecraft:lit_furnace[facing=north]	994
minecraft:lit_furnace[facing=south]	995
minecraft:lit_furnace[facing=west]	996
minecraft:lit_pumpkin[facing=east]	1459
minecraft:lit_pumpkin[facing=north]	1458
minecraft:lit_pumpkin[facing=south]	1456
minecraft:lit_pumpkin[facing=west]	1457
minecraft:lit_redstone_lamp	1984
minecraft:lit_redstone_ore	1184
minecraft:log2[axis=none,variant=acacia]	2604
minecraft:log2[axis=none,variant=dark_oak]	2605
minecraft:log2[axis=x,variant=acacia]	2596
minecraft:log2[axis=x,variant=dark_oak]	2597
minecraft:log2[axis=y,variant=acacia]	2592
minecraft:log2[axis=y,variant=dark_oak]	2593
minecraft:log2[axis=z,variant=acacia]	2600
minecraft:log2[axis=z,variant=dark_oak]	2601
minecraft:log[axis=none,variant=birch]	286
minecraft:log[axis=none,variant=jungle]	287
minecraft:log[axis=none,variant=oak]	284
minecraft:log[axis=none,variant=spruce]	285
minecraft:log[axis=x,variant=birch]	278
minecraft:log[axis=x,variant=jungle]	279
minecraft:log[axis=x,variant=oak]	276
minecraft:log[axis=x,variant=spruce]	277
minecraft:log[axis=y,variant=birch]	274
minecraft:log[axis=y,variant=jungle]	275
minecraft:log[axis=y,variant=oak]	272
minecraft:log[axis=y,variant=spruce]	273
minecraft:log[axis=z,variant=birch]	282
minecraft:log[axis=z,variant=jungle]	283
minecraft:log[axis=z,variant=oak]	280
minecraft:log[axis=z,variant=spruce]	281
minecraft:magenta_glazed_terracotta[facing=east]	3795
minecraft:magenta_glazed_terracotta[facing=north]	3794
minecraft:magenta_glazed_terracotta[facing=south]	3792
minecraft:magenta_glazed_terracotta[facing=west]	3793
minecraft:magenta_shulker_box[facing=down]	3536
minecraft:magenta_shulker_box[facing=east]	3541
minecraft:magenta_shulker_box[facing=north]	3538
minecraft:magenta_shulker_box[facing=south]	3539
minecraft:magenta_shulker_box[facing=up]	3537
minecraft:magenta_shulker_box[facing=west]	3540
minecraft:magma	3408
minecraft:melon_block	1648
minecraft:melon_stem[age=0,facing=east]	1680
minecraft:melon_stem[age=0,facing=north]	1680
minecraft:melon_stem[age=0,facing=south]	1680
minecraft:melon_stem[age=0,facing=up]	1680
minecraft:melon_stem[age=0,facing=west]	1680
minecraft:melon_stem[age=1,facing=east]	1681
minecraft:melon_stem[age=1,facing=north]	1681
minecraft:melon_stem[age=1,facing=south]	1681
minecraft:melon_stem[age=1,facing=up]	1681
minecraft:melon_stem[age=1,facing=west]	1681
minecraft:melon_stem[age=2,facing=east]	1682
minecraft:melon_stem[age=2,facing=north]	1682
minecraft:melon_stem[age=2,facing=south]	1682
minecraft:melon_stem[age=2,facing=up]	1682
minecraft:melon_stem[age=2,facing=west]	1682
minecraft:melon_stem[age=3,facing=east]	1683
minecraft:melon_stem[age=3,facing=north]	1683
minecraft:melon_stem[age=3,facing=south]	1683
minecraft:melon_stem[age=3,facing=up]	1683
minecraft:melon_stem[age=3,facing=west]	1683
minecraft:melon_stem[age=4,facing=east]	1684
minecraft:melon_stem[age=4,facing=north]	1684
minecraft:melon_stem[age=4,facing=south]	1684
minecraft:melon_stem[age=4,facing=up]	1684
minecraft:melon_stem[age=4,facing=west]	1684
minecraft:melon_stem[age=5,facing=east]	1685
minecraft:melon_stem[age=5,facing=north]	1685
minecraft:melon_stem[age=5,facing=south]	1685
minecraft:melon_stem[age=5,facing=up]	1685
minecraft:melon_stem[age=5,facing=west]	1685
minecraft:melon_stem[age=6,facing=east]	1686
minecraft:melon_stem[age=6,facing=north]	1686
minecraft:melon_stem[age=6,facing=south]	1686
minecraft:melon_stem[age=6,facing=up]	1686
minecraft:melon_stem[age=6,facing=west]	1686
minecraft:melon_stem[age=7,facing=east]	1687
minecraft:melon_stem[age=7,facing=north]	1687
minecraft:melon_stem[age=7,facing=south]	1687
minecraft:melon_stem[age=7,facing=up]	1687
minecraft:melon_stem[age=7,facing=west]	1687
minecraft:mob_spawner	832
minecraft:monster_egg[variant=chiseled_brick]	1557
minecraft:monster_egg[variant=cobblestone]	1553
minecraft:monster_egg[variant=cracked_brick]	1556
minecraft:monster_egg[variant=mossy_brick]	1555
minecraft:monster_egg[variant=stone]	1552
minecraft:monster_egg[variant=stone_brick]	1554
minecraft:mossy_cobblestone	768
minecraft:mycelium[snowy=false]	1760
minecraft:mycelium[snowy=true]	1760
minecraft:nether_brick	1792
minecraft:nether_brick_fence[east=false,north=false,south=false,west=false]	1808
minecraft:nether_brick_fence[east=false,north=false,south=false,west=true]	1808
minecraft:nether_brick_fence[east=false,north=false,south=true,west=false]	1808
minecraft:nether_brick_fence[east=false,north=false,south=true,west=true]	1808
minecraft:nether_brick_fence[east=false,north=true,south=false,west=false]	1808
minecraft:nether_brick_fence[east=false,north=true,south=false,west=true]	1808
minecraft:nether_brick_fence[east=false,north=true,south=true,west=false]	1808
minecraft:nether_brick_fence[east=false,north=true,south=true,west=true]	1808
minecraft:nether_brick_fence[east=true,north=false,south=false,west=false]	1808
minecraft:nether_brick_fence[east=true,north=false,south=false,west=true]	1808
minecraft:nether_brick_fence[east=true,north=false,south=true,west=false]	1808
minecraft:nether_brick_fence[east=true,north=false,south=true,west=true]	1808
minecraft:nether_brick_fence[east=true,north=true,south=false,west=false]	1808
minecraft:nether_brick_fence[east=true,north=true,south=false,west=true]	1808
minecraft:nether_brick_fence[east=true,north=true,south=true,west=false]	1808
minecraft:nether_brick_fence[east=true,north=true,south=true,west=true]	1808
minecraft:nether_brick_stairs[facing=east,half=bottom,shape=inner_left]	1824
minecraft:nether_brick_stairs[facing=east,half=bottom,shape=inner_right]	1824
minecraft:nether_brick_stairs[facing=east,half=bottom,shape=outer_left]	1824
minecraft:nether_brick_stairs[facing=east,half=bottom,shape=outer_right]	1824
minecraft:nether_brick_stairs[facing=east,half=bottom,shape=straight]	1824
minecraft:nether_brick_stairs[facing=east,half=top,shape=inner_left]	1828
minecraft:nether_brick_stairs[facing=east,half=top,shape=inner_right]	1828
minecraft:nether_brick_stairs[facing=east,half=top,shape=outer_left]	1828
minecraft:nether_brick_stairs[facing=east,half=top,shape=outer_right]	1828
minecraft:nether_brick_stairs[facing=east,half=top,shape=straight]	1828
minecraft:nether_brick_stairs[facing=north,half=bottom,shape=inner_left]	1827
minecraft:nether_brick_stairs[facing=north,half=bottom,shape=inner_right]	1827
minecraft:nether_brick_stairs[facing=north,half=bottom,shape=outer_left]	1827
minecraft:nether_brick_stairs[facing=north,half=bottom,shape=outer_right]	1827
minecraft:nether_brick_stairs[facing=north,half=bottom,shape=straight]	1827
minecraft:nether_brick_stairs[facing=north,half=top,shape=inner_left]	1831
minecraft:nether_brick_stairs[facing=north,half=top,shape=inner_right]	1831
minecraft:nether_brick_stairs[facing=north,half=top,shape=outer_left]	1831
minecraft:nether_brick_stairs[facing=north,half=top,shape=outer_right]	1831
minecraft:nether_brick_stairs[facing=north,half=top,shape=straight]	1831
minecraft:nether_brick_stairs[facing=south,half=bottom,shape=inner_left]	1826
minecraft:nether_brick_stairs[facing=south,half=bottom,shape=inner_right]	1826
minecraft:nether_brick_stairs[facing=south,half=bottom,shape=outer_left]	1826
minecraft:nether_brick_stairs[facing=south,half=bottom,shape=outer_right]	1826
minecraft:nether_brick_stairs[facing=south,half=bottom,shape=straight]	1826
minecraft:nether_brick_stairs[facing=south,half=top,shape=inner_left]	1830
minecraft:nether_brick_stairs[facing=south,half=top,shape=inner_right]	1830
minecraft:nether_brick_stairs[facing=south,half=top,shape=outer_left]	1830
minecraft:nether_brick_stairs[facing=south,half=top,shape=outer_right]	1830
minecraft:nether_brick_stairs[facing=south,half=top,shape=straight]	1830
minecraft:nether_brick_stairs[facing=west,half=bottom,shape=inner_left]	1825
minecraft:nether_brick_stairs[facing=west,half=bottom,shape=inner_right]	1825
minecraft:nether_brick_stairs[facing=west,half=bottom,shape=outer_left]	1825
minecraft:nether_brick_stairs[facing=west,half=bottom,shape=outer_right]	1825
minecraft:nether_brick_stairs[facing=west,half=bottom,shape=straight]	1825
minecraft:nether_brick_stairs[facing=west,half=top,shape=inner_left]	1829
minecraft:nether_brick_stairs[facing=west,half=top,shape=inner_right]	1829
minecraft:nether_brick_stairs[facing=west,half=top,shape=outer_left]	1829
minecraft:nether_brick_stairs[facing=west,half=top,shape=outer_right]	1829
minecraft:nether_brick_stairs[facing=west,half=top,shape=straight]	1829
minecraft:nether_wart[age=0]	1840
minecraft:nether_wart[age=1]	1841
minecraft:nether_wart[age=2]	1842
minecraft:nether_wart[age=3]	1843
minecraft:nether_wart_block	3424
minecraft:netherrack	1392
minecraft:noteblock	400
minecraft:oak_stairs[facing=east,half=bottom,shape=inner_left]	848
minecraft:oak_stairs[facing=east,half=bottom,shape=inner_right]	848
minecraft:oak_stairs[facing=east,half=bottom,shape=outer_left]	848
minecraft:oak_stairs[facing=east,half=bottom,shape=outer_right]	848
minecraft:oak_stairs[facing=east,half=bottom,shape=straight]	848
minecraft:oak_stairs[facing=east,half=top,shape=inner_left]	852
minecraft:oak_stairs[facing=east,half=top,shape=inner_right]	852
minecraft:oak_stairs[facing=east,half=top,shape=outer_left]	852
minecraft:oak_stairs[facing=east,half=top,shape=outer_right]	852
minecraft:oak_stairs[facing=east,half=top,shape=straight]	852
minecraft:oak_stairs[facing=north,half=bottom,shape=inner_left]	851
minecraft:oak_stairs[facing=north,half=bottom,shape=inner_right]	851
minecraft:oak_stairs[facing=north,half=bottom,shape=outer_left]	851
minecraft:oak_stairs[facing=north,half=bottom,shape=outer_right]	851
minecraft:oak_stairs[facing=north,half=bottom,shape=straight]	851
minecraft:oak_stairs[facing=north,half=top,shape=inner_left]	855
minecraft:oak_stairs[facing=north,half=top,shape=inner_right]	855
minecraft:oak_stairs[facing=north,half=top,shape=outer_left]	855
minecraft:oak_stairs[facing=north,half=top,shape=outer_right]	855
minecraft:oak_stairs[facing=north,half=top,shape=straight]	855
minecraft:oak_stairs[facing=south,half=bottom,shape=inner_left]	850
minecraft:oak_stairs[facing=south,half=bottom,shape=inner_right]	850
minecraft:oak_stairs[facing=south,half=bottom,shape=outer_left]	850
minecraft:oak_stairs[facing=south,half=bottom,shape=outer_right]	850
minecraft:oak_stairs[facing=south,half=bottom,shape=straight]	850
minecraft:oak_stairs[facing=south,half=top,shape=inner_left]	854
minecraft:oak_stairs[facing=south,half=top,shape=inner_right]	854
minecraft:oak_stairs[facing=south,half=top,shape=outer_left]	854
minecraft:oak_stairs[facing=south,half=top,shape=outer_right]	854
minecraft:oak_stairs[facing=south,half=top,shape=straight]	854
minecraft:oak_stairs[facing=west,half=bottom,shape=inner_left]	849
minecraft:oak_stairs[facing=west,half=bottom,shape=inner_right]	849
minecraft:oak_stairs[facing=west,half=bottom,shape=outer_left]	849
minecraft:oak_stairs[facing=west,half=bottom,shape=outer_right]	849
minecraft:oak_stairs[facing=west,half=bottom,shape=straight]	849
minecraft:oak_stairs[facing=west,half=top,shape=inner_left]	853
minecraft:oak_stairs[facing=west,half=top,shape=inner_right]	853
minecraft:oak_stairs[facing=west,half=top,shape=outer_left]	853
minecraft:oak_stairs[facing=west,half=top,shape=outer_right]	853
minecraft:oak_stairs[facing=west,half=top,shape=straight]	853
minecraft:observer[facing=down,powered=false]	3488
minecraft:observer[facing=down,powered=true]	3496
minecraft:observer[facing=east,powered=false]	3493
minecraft:observer[facing=east,powered=true]	3501
minecraft:observer[facing=north,powered=false]	3490
minecraft:observer[facing=north,powered=true]	3498
minecraft:observer[facing=south,powered=false]	3491
minecraft:observer[facing=south,powered=true]	3499
minecraft:observer[facing=up,powered=false]	3489
minecraft:observer[facing=up,powered=true]	3497
minecraft:observer[facing=west,powered=false]	3492
minecraft:observer[facing=west,powered=true]	3500
minecraft:obsidian	784
minecraft:orange_glazed_terracotta[facing=east]	3779
minecraft:orange_glazed_terracotta[facing=north]	3778
minecraft:orange_glazed_terracotta[facing=south]	3776
minecraft:orange_glazed_terracotta[facing=west]	3777
minecraft:orange_shulker_box[facing=down]	3520
minecraft:orange_shulker_box[facing=east]	3525
minecraft:orange_shulker_box[facing=north]	3522
minecraft:orange_shulker_box[facing=south]	3523
minecraft:orange_shulker_box[facing=up]	3521
minecraft:orange_shulker_box[facing=west]	3524
minecraft:packed_ice	2784
minecraft:pink_glazed_terracotta[facing=east]	3859
minecraft:pink_glazed_terracotta[facing=north]	3858
minecraft:pink_glazed_terracotta[facing=south]	3856
minecraft:pink_glazed_terracotta[facing=west]	3857
minecraft:pink_shulker_box[facing=down]	3600
minecraft:pink_shulker_box[facing=east]	3605
minecraft:pink_shulker_box[facing=north]	3602
minecraft:pink_shulker_box[facing=south]	3603
minecraft:pink_shulker_box[facing=up]	3601
minecraft:pink_shulker_box[facing=west]	3604
minecraft:piston[extended=false,facing=down]	528
minecraft:piston[extended=false,facing=east]	533
minecraft:piston[extended=false,facing=north]	530
minecraft:piston[extended=false,facing=south]	531
minecraft:piston[extended=false,facing=up]	529
minecraft:piston[extended=false,facing=west]	532
minecraft:piston[extended=true,facing=down]	536
minecraft:piston[extended=true,facing=east]	541
minecraft:piston[extended=true,facing=north]	538
minecraft:piston[extended=true,facing=south]	539
minecraft:piston[extended=true,facing=up]	537
minecraft:piston[extended=true,facing=west]	540
minecraft:piston_extension[facing=down,type=normal]	576
minecraft:piston_extension[facing=down,type=sticky]	584
minecraft:piston_extension[facing=east,type=normal]	581
minecraft:piston_extension[facing=east,type=sticky]	589
minecraft:piston_extension[facing=north,type=normal]	578
minecraft:piston_extension[facing=north,type=sticky]	586
minecraft:piston_extension[facing=south,type=normal]	579
minecraft:piston_extension[facing=south,type=sticky]	587
minecraft:piston_extension[facing=up,type=normal]	577
minecraft:piston_extension[facing=up,type=sticky]	585
minecraft:piston_extension[facing=west,type=normal]	580
minecraft:piston_extension[facing=west,type=sticky]	588
minecraft:piston_head[facing=down,short=false,type=normal]	544
minecraft:piston_head[facing=down,short=false,type=sticky]	552
minecraft:piston_head[facing=down,short=true,type=normal]	544
minecraft:piston_head[facing=down,short=true,type=sticky]	552
minecraft:piston_head[facing=east,short=false,type=normal]	549
minecraft:piston_head[facing=east,short=false,type=sticky]	557
minecraft:piston_head[facing=east,short=true,type=normal]	549
minecraft:piston_head[facing=east,short=true,type=sticky]	557
minecraft:piston_head[facing=north,short=false,type=normal]	546
minecraft:piston_head[facing=north,short=false,type=sticky]	554
minecraft:piston_head[facing=north,short=true,type=normal]	546
minecraft:piston_head[facing=north,short=true,type=sticky]	554
minecraft:piston_head[facing=south,short=false,type=normal]	547
minecraft:piston_head[facing=south,short=false,type=sticky]	555
minecraft:piston_head[facing=south,short=true,type=normal]	547
minecraft:piston_head[facing=south,short=true,type=sticky]	555
minecraft:piston_head[facing=up,short=false,type=normal]	545
minecraft:piston_head[facing=up,short=false,type=sticky]	553
minecraft:piston_head[facing=up,short=true,type=normal]	545
minecraft:piston_head[facing=up,short=true,type=sticky]	553
minecraft:piston_head[facing=west,short=false,type=normal]	548
minecraft:piston_head[facing=west,short=false,type=sticky]	556
minecraft:piston_head[facing=west,short=true,type=normal]	548
minecraft:piston_head[facing=west,short=true,type=sticky]	556
minecraft:planks[variant=acacia]	84
minecraft:planks[variant=birch]	82
minecraft:planks[variant=dark_oak]	85
minecraft:planks[variant=jungle]	83
minecraft:planks[variant=oak]	80
minecraft:planks[variant=spruce]	81
minecraft:portal[axis=x]	1441
minecraft:portal[axis=z]	1442
minecraft:potatoes[age=0]	2272
minecraft:potatoes[age=1]	2273
minecraft:potatoes[age=2]	2274
minecraft:potatoes[age=3]	2275
minecraft:potatoes[age=4]	2276
minecraft:potatoes[age=5]	2277
minecraft:potatoes[age=6]	2278
minecraft:potatoes[age=7]	2279
minecraft:powered_comparator[facing=east,mode=compare,powered=false]	2403
minecraft:powered_comparator[facing=east,mode=compare,powered=true]	2411
minecraft:powered_comparator[facing=east,mode=subtract,powered=false]	2407
minecraft:powered_comparator[facing=east,mode=subtract,powered=true]	2415
minecraft:powered_comparator[facing=north,mode=compare,powered=false]	2402
minecraft:powered_comparator[facing=north,mode=compare,powered=true]	2410
minecraft:powered_comparator[facing=north,mode=subtract,powered=false]	2406
minecraft:powered_comparator[facing=north,mode=subtract,powered=true]	2414
minecraft:powered_comparator[facing=south,mode=compare,powered=false]	2400
minecraft:powered_comparator[facing=south,mode=compare,powered=true]	2408
minecraft:powered_comparator[facing=south,mode=subtract,powered=false]	2404
minecraft:powered_comparator[facing=south,mode=subtract,powered=true]	2412
minecraft:powered_comparator[facing=west,mode=compare,powered=false]	2401
minecraft:powered_comparator[facing=west,mode=compare,powered=true]	2409
minecraft:powered_comparator[facing=west,mode=subtract,powered=false]	2405
minecraft:powered_comparator[facing=west,mode=subtract,powered=true]	2413
minecraft:powered_repeater[delay=1,facing=east,locked=false]	1507
minecraft:powered_repeater[delay=1,facing=east,locked=true]	1507
minecraft:powered_repeater[delay=1,facing=north,locked=false]	1506
minecraft:powered_repeater[delay=1,facing=north,locked=true]	1506
minecraft:powered_repeater[delay=1,facing=south,locked=false]	1504
minecraft:powered_repeater[delay=1,facing=south,locked=true]	1504
minecraft:powered_repeater[delay=1,facing=west,locked=false]	1505
minecraft:powered_repeater[delay=1,facing=west,locked=true]	1505
minecraft:powered_repeater[delay=2,facing=east,locked=false]	1511
minecraft:powered_repeater[delay=2,facing=east,locked=true]	1511
minecraft:powered_repeater[delay=2,facing=north,locked=false]	1510
minecraft:powered_repeater[delay=2,facing=north,locked=true]	1510
minecraft:powered_repeater[delay=2,facing=south,locked=false]	1508
minecraft:powered_repeater[delay=2,facing=south,locked=true]	1508
minecraft:powered_repeater[delay=2,facing=west,locked=false]	1509
minecraft:powered_repeater[delay=2,facing=west,locked=true]	1509
minecraft:powered_repeater[delay=3,facing=east,locked=false]	1515
minecraft:powered_repeater[delay=3,facing=east,locked=true]	1515
minecraft:powered_repeater[delay=3,facing=north,locked=false]	1514
minecraft:powered_repeater[delay=3,facing=north,locked=true]	1514
minecraft:powered_repeater[delay=3,facing=south,locked=false]	1512
minecraft:powered_repeater[delay=3,facing=south,locked=true]	1512
minecraft:powered_repeater[delay=3,facing=west,locked=false]	1513
minecraft:powered_repeater[delay=3,facing=west,locked=true]	1513
minecraft:powered_repeater[delay=4,facing=east,locked=false]	1519
minecraft:powered_repeater[delay=4,facing=east,locked=true]	1519
minecraft:powered_repeater[delay=4,facing=north,locked=false]	1518
minecraft:powered_repeater[delay=4,facing=north,locked=true]	1518
minecraft:powered_repeater[delay=4,facing=south,locked=false]	1516
minecraft:powered_repeater[delay=4,facing=south,locked=true]	1516
minecraft:powered_repeater[delay=4,facing=west,locked=false]	1517
minecraft:powered_repeater[delay=4,facing=west,locked=true]	1517
minecraft:prismarine[variant=dark_prismarine]	2690
minecraft:prismarine[variant=prismarine]	2688
minecraft:prismarine[variant=prismarine_bricks]	2689
minecraft:pumpkin[facing=east]	1379
minecraft:pumpkin[facing=north]	1378
minecraft:pumpkin[facing=south]	1376
minecraft:pumpkin[facing=west]	1377
minecraft:pumpkin_stem[age=0,facing=east]	1664
minecraft:pumpkin_stem[age=0,facing=north]	1664
minecraft:pumpkin_stem[age=0,facing=south]	1664
minecraft:pumpkin_stem[age=0,facing=up]	1664
minecraft:pumpkin_stem[age=0,facing=west]	1664
minecraft:pumpkin_stem[age=1,facing=east]	1665
minecraft:pumpkin_stem[age=1,facing=north]	1665
minecraft:pumpkin_stem[age=1,facing=south]	1665
minecraft:pumpkin_stem[age=1,facing=up]	1665
minecraft:pumpkin_stem[age=1,facing=west]	1665
minecraft:pumpkin_stem[age=2,facing=east]	1666
minecraft:pumpkin_stem[age=2,facing=north]	1666
minecraft:pumpkin_stem[age=2,facing=south]	1666
minecraft:pumpkin_stem[age=2,facing=up]	1666
minecraft:pumpkin_stem[age=2,facing=west]	1666
minecraft:pumpkin_stem[age=3,facing=east]	1667
minecraft:pumpkin_stem[age=3,facing=north]	1667
minecraft:pumpkin_stem[age=3,facing=south]	1667
minecraft:pumpkin_stem[age=3,facing=up]	1667
minecraft:pumpkin_stem[age=3,facing=west]	1667
minecraft:pumpkin_stem[age=4,facing=east]	1668
minecraft:pumpkin_stem[age=4,facing=north]	1668
minecraft:pumpkin_stem[age=4,facing=south]	1668
minecraft:pumpkin_stem[age=4,facing=up]	1668
minecraft:pumpkin_stem[age=4,facing=west]	1668
minecraft:pumpkin_stem[age=5,facing=east]	1669
minecraft:pumpkin_stem[age=5,facing=north]	1669
minecraft:pumpkin_stem[age=5,facing=south]	1669
minecraft:pumpkin_stem[age=5,facing=up]	1669
minecraft:pumpkin_stem[age=5,facing=west]	1669
minecraft:pumpkin_stem[age=6,facing=east]	1670
minecraft:pumpkin_stem[age=6,facing=north]	1670
minecraft:pumpkin_stem[age=6,facing=south]	1670
minecraft:pumpkin_stem[age=6,facing=up]	1670
minecraft:pumpkin_stem[age=6,facing=west]	1670
minecraft:pumpkin_stem[age=7,facing=east]	1671
minecraft:pumpkin_stem[age=7,facing=north]	1671
minecraft:pumpkin_stem[age=7,facing=south]	1671
minecraft:pumpkin_stem[age=7,facing=up]	1671
minecraft:pumpkin_stem[age=7,facing=west]	1671
minecraft:purple_glazed_terracotta[facing=east]	3923
minecraft:purple_glazed_terracotta[facing=north]	3922
minecraft:purple_glazed_terracotta[facing=south]	3920
minecraft:purple_glazed_terracotta[facing=west]	3921
minecraft:purple_shulker_box[facing=down]	3664
minecraft:purple_shulker_box[facing=east]	3669
minecraft:purple_shulker_box[facing=north]	3666
minecraft:purple_shulker_box[facing=south]	3667
minecraft:purple_shulker_box[facing=up]	3665
minecraft:purple_shulker_box[facing=west]	3668
minecraft:purpur_block	3216
minecraft:purpur_double_slab[variant=default]	3264
minecraft:purpur_pillar[axis=x]	3236
minecraft:purpur_pillar[axis=y]	3232
minecraft:purpur_pillar[axis=z]	3240
minecraft:purpur_slab[half=bottom,variant=default]	3280
minecraft:purpur_slab[half=top,variant=default]	3288
minecraft:purpur_stairs[facing=east,half=bottom,shape=inner_left]	3248
minecraft:purpur_stairs[facing=east,half=bottom,shape=inner_right]	3248
minecraft:purpur_stairs[facing=east,half=bottom,shape=outer_left]	3248
minecraft:purpur_stairs[facing=east,half=bottom,shape=outer_right]	3248
minecraft:purpur_stairs[facing=east,half=bottom,shape=straight]	3248
minecraft:purpur_stairs[facing=east,half=top,shape=inner_left]	3252
minecraft:purpur_stairs[facing=east,half=top,shape=inner_right]	3252
minecraft:purpur_stairs[facing=east,half=top,shape=outer_left]	3252
minecraft:purpur_stairs[facing=east,half=top,shape=outer_right]	3252
minecraft:purpur_stairs[facing=east,half=top,shape=straight]	3252
minecraft:purpur_stairs[facing=north,half=bottom,shape=inner_left]	3251
minecraft:purpur_stairs[facing=north,half=bottom,shape=inner_right]	3251
minecraft:purpur_stairs[facing=north,half=bottom,shape=outer_left]	3251
minecraft:purpur_stairs[facing=north,half=bottom,shape=outer_right]	3251
minecraft:purpur_stairs[facing=north,half=bottom,shape=straight]	3251
minecraft:purpur_stairs[facing=north,half=top,shape=inner_left]	3255
minecraft:purpur_stairs[facing=north,half=top,shape=inner_right]	3255
minecraft:purpur_stairs[facing=north,half=top,shape=outer_left]	3255
minecraft:purpur_stairs[facing=north,half=top,shape=outer_right]	3255
minecraft:purpur_stairs[facing=north,half=top,shape=straight]	3255
minecraft:purpur_stairs[facing=south,half=bottom,shape=inner_left]	3250
minecraft:purpur_stairs[facing=south,half=bottom,shape=inner_right]	3250
minecraft:purpur_stairs[facing=south,half=bottom,shape=outer_left]	3250
minecraft:purpur_stairs[facing=south,half=bottom,shape=outer_right]	3250
minecraft:purpur_stairs[facing=south,half=bottom,shape=straight]	3250
minecraft:purpur_stairs[facing=south,half=top,shape=inner_left]	3254
minecraft:purpur_stairs[facing=south,half=top,shape=inner_right]	3254
minecraft:purpur_stairs[facing=south,half=top,shape=outer_left]	3254
minecraft:purpur_stairs[facing=south,half=top,shape=outer_right]	3254
minecraft:purpur_stairs[facing=south,half=top,shape=straight]	3254
minecraft:purpur_stairs[facing=west,half=bottom,shape=inner_left]	3249
minecraft:purpur_stairs[facing=west,half=bottom,shape=inner_right]	3249
minecraft:purpur_stairs[facing=west,half=bottom,shape=outer_left]	3249
minecraft:purpur_stairs[facing=west,half=bottom,shape=outer_right]	3249
minecraft:purpur_stairs[facing=west,half=bottom,shape=straight]	3249
minecraft:purpur_stairs[facing=west,half=top,shape=inner_left]	3253
minecraft:purpur_stairs[facing=west,half=top,shape=inner_right]	3253
minecraft:purpur_stairs[facing=west,half=top,shape=outer_left]	3253
minecraft:purpur_stairs[facing=west,half=top,shape=outer_right]	3253
minecraft:purpur_stairs[facing=west,half=top,shape=straight]	3253
minecraft:quartz_block[variant=chiseled]	2481
minecraft:quartz_block[variant=default]	2480
minecraft:quartz_block[variant=lines_x]	2483
minecraft:quartz_block[variant=lines_y]	2482
minecraft:quartz_block[variant=lines_z]	2484
minecraft:quartz_ore	2448
minecraft:quartz_stairs[facing=east,half=bottom,shape=inner_left]	2496
minecraft:quartz_stairs[facing=east,half=bottom,shape=inner_right]	2496
minecraft:quartz_stairs[facing=east,half=bottom,shape=outer_left]	2496
minecraft:quartz_stairs[facing=east,half=bottom,shape=outer_right]	2496
minecraft:quartz_stairs[facing=east,half=bottom,shape=straight]	2496
minecraft:quartz_stairs[facing=east,half=top,shape=inner_left]	2500
minecraft:quartz_stairs[facing=east,half=top,shape=inner_right]	2500
minecraft:quartz_stairs[facing=east,half=top,shape=outer_left]	2500
minecraft:quartz_stairs[facing=east,half=top,shape=outer_right]	2500
minecraft:quartz_stairs[facing=east,half=top,shape=straight]	2500
minecraft:quartz_stairs[facing=north,half=bottom,shape=inner_left]	2499
minecraft:quartz_stairs[facing=north,half=bottom,shape=inner_right]	2499
minecraft:quartz_stairs[facing=north,half=bottom,shape=outer_left]	2499
minecraft:quartz_stairs[facing=north,half=bottom,shape=outer_right]	2499
minecraft:quartz_stairs[facing=north,half=bottom,shape=straight]	2499
minecraft:quartz_stairs[facing=north,half=top,shape=inner_left]	2503
minecraft:quartz_stairs[facing=north,half=top,shape=inner_right]	2503
minecraft:quartz_stairs[facing=north,half=top,shape=outer_left]	2503
minecraft:quartz_stairs[facing=north,half=top,shape=outer_right]	2503
minecraft:quartz_stairs[facing=north,half=top,shape=straight]	2503
minecraft:quartz_stairs[facing=south,half=bottom,shape=inner_left]	2498
minecraft:quartz_stairs[facing=south,half=bottom,shape=inner_right]	2498
minecraft:quartz_stairs[facing=south,half=bottom,shape=outer_left]	2498
minecraft:quartz_stairs[facing=south,half=bottom,shape=outer_right]	2498
minecraft:quartz_stairs[facing=south,half=bottom,shape=straight]	2498
minecraft:quartz_stairs[facing=south,half=top,shape=inner_left]	2502
minecraft:quartz_stairs[facing=south,half=top,shape=inner_right]	2502
minecraft:quartz_stairs[facing=south,half=top,shape=outer_left]	2502
minecraft:quartz_stairs[facing=south,half=top,shape=outer_right]	2502
minecraft:quartz_stairs[facing=south,half=top,shape=straight]	2502
minecraft:quartz_stairs[facing=west,half=bottom,shape=inner_left]	2497
minecraft:quartz_stairs[facing=west,half=bottom,shape=inner_right]	2497
minecraft:quartz_stairs[facing=west,half=bottom,shape=outer_left]	2497
minecraft:quartz_stairs[facing=west,half=bottom,shape=outer_right]	2497
minecraft:quartz_stairs[facing=west,half=bottom,shape=straight]	2497
minecraft:quartz_stairs[facing=west,half=top,shape=inner_left]	2501
minecraft:quartz_stairs[facing=west,half=top,shape=inner_right]	2501
minecraft:quartz_stairs[facing=west,half=top,shape=outer_left]	2501
minecraft:quartz_stairs[facing=west,half=top,shape=outer_right]	2501
minecraft:quartz_stairs[facing=west,half=top,shape=straight]	2501
minecraft:rail[shape=ascending_east]	1058
minecraft:rail[shape=ascending_north]	1060
minecraft:rail[shape=ascending_south]	1061
minecraft:rail[shape=ascending_west]	1059
minecraft:rail[shape=east_west]	1057
minecraft:rail[shape=north_east]	1065
minecraft:rail[shape=north_south]	1056
minecraft:rail[shape=north_west]	1064
minecraft:rail[shape=south_east]	1062
minecraft:rail[shape=south_west]	1063
minecraft:red_flower[type=allium]	610
minecraft:red_flower[type=blue_orchid]	609
minecraft:red_flower[type=houstonia]	611
minecraft:red_flower[type=orange_tulip]	613
minecraft:red_flower[type=oxeye_daisy]	616
minecraft:red_flower[type=pink_tulip]	615
minecraft:red_flower[type=poppy]	608
minecraft:red_flower[type=red_tulip]	612
minecraft:red_flower[type=white_tulip]	614
minecraft:red_glazed_terracotta[facing=east]	3987
minecraft:red_glazed_terracotta[facing=north]	3986
minecraft:red_glazed_terracotta[facing=south]	3984
minecraft:red_glazed_terracotta[facing=west]	3985
minecraft:red_mushroom	640
minecraft:red_mushroom_block[variant=all_inside]	1600
minecraft:red_mushroom_block[variant=all_outside]	1614
minecraft:red_mushroom_block[variant=all_stem]	1615
minecraft:red_mushroom_block[variant=center]	1605
minecraft:red_mushroom_block[variant=east]	1606
minecraft:red_mushroom_block[variant=north]	1602
minecraft:red_mushroom_block[variant=north_east]	1603
minecraft:red_mushroom_block[variant=north_west]	1601
minecraft:red_mushroom_block[variant=south]	1608
minecraft:red_mushroom_block[variant=south_east]	1609
minecraft:red_mushroom_block[variant=south_west]	1607
minecraft:red_mushroom_block[variant=stem]	1610
minecraft:red_mushroom_block[variant=west]	1604
minecraft:red_nether_brick	3440
minecraft:red_sandstone[type=chiseled_red_sandstone]	2865
minecraft:red_sandstone[type=red_sandstone]	2864
minecraft:red_sandstone[type=smooth_red_sandstone]	2866
minecraft:red_sandstone_stairs[facing=east,half=bottom,shape=inner_left]	2880
minecraft:red_sandstone_stairs[facing=east,half=bottom,shape=inner_right]	2880
minecraft:red_sandstone_stairs[facing=east,half=bottom,shape=outer_left]	2880
minecraft:red_sandstone_stairs[facing=east,half=bottom,shape=outer_right]	2880
minecraft:red_sandstone_stairs[facing=east,half=bottom,shape=straight]	2880
minecraft:red_sandstone_stairs[facing=east,half=top,shape=inner_left]	2884
minecraft:red_sandstone_stairs[facing=east,half=top,shape=inner_right]	2884
minecraft:red_sandstone_stairs[facing=east,half=top,shape=outer_left]	2884
minecraft:red_sandstone_stairs[facing=east,half=top,shape=outer_right]	2884
minecraft:red_sandstone_stairs[facing=east,half=top,shape=straight]	2884
minecraft:red_sandstone_stairs[facing=north,half=bottom,shape=inner_left]	2883
minecraft:red_sandstone_stairs[facing=north,half=bottom,shape=inner_right]	2883
minecraft:red_sandstone_stairs[facing=north,half=bottom,shape=outer_left]	2883
minecraft:red_sandstone_stairs[facing=north,half=bottom,shape=outer_right]	2883
minecraft:red_sandstone_stairs[facing=north,half=bottom,shape=straight]	2883
minecraft:red_sandstone_stairs[facing=north,half=top,shape=inner_left]	2887
minecraft:red_sandstone_stairs[facing=north,half=top,shape=inner_right]	2887
minecraft:red_sandstone_stairs[facing=north,half=top,shape=outer_left]	2887
minecraft:red_sandstone_stairs[facing=north,half=top,shape=outer_right]	2887
minecraft:red_sandstone_stairs[facing=north,half=top,shape=straight]	2887
minecraft:red_sandstone_stairs[facing=south,half=bottom,shape=inner_left]	2882
minecraft:red_sandstone_stairs[facing=south,half=bottom,shape=inner_right]	2882
minecraft:red_sandstone_stairs[facing=south,half=bottom,shape=outer_left]	2882
minecraft:red_sandstone_stairs[facing=south,half=bottom,shape=outer_right]	2882
minecraft:red_sandstone_stairs[facing=south,half=bottom,shape=straight]	2882
minecraft:red_sandstone_stairs[facing=south,half=top,shape=inner_left]	2886
minecraft:red_sandstone_stairs[facing=south,half=top,shape=inner_right]	2886
minecraft:red_sandstone_stairs[facing=south,half=top,shape=outer_left]	2886
minecraft:red_sandstone_stairs[facing=south,half=top,shape=outer_right]	2886
minecraft:red_sandstone_stairs[facing=south,half=top,shape=straight]	2886
minecraft:red_sandstone_stairs[facing=west,half=bottom,shape=inner_left]	2881
minecraft:red_sandstone_stairs[facing=west,half=bottom,shape=inner_right]	2881
minecraft:red_sandstone_stairs[facing=west,half=bottom,shape=outer_left]	2881
minecraft:red_sandstone_stairs[facing=west,half=bottom,shape=outer_right]	2881
minecraft:red_sandstone_stairs[facing=west,half=bottom,shape=straight]	2881
minecraft:red_sandstone_stairs[facing=west,half=top,shape=inner_left]	2885
minecraft:red_sandstone_stairs[facing=west,half=top,shape=inner_right]	2885
minecraft:red_sandstone_stairs[facing=west,half=top,shape=outer_left]	2885
minecraft:red_sandstone_stairs[facing=west,half=top,shape=outer_right]	2885
minecraft:red_sandstone_stairs[facing=west,half=top,shape=straight]	2885
minecraft:red_shulker_box[facing=down]	3728
minecraft:red_shulker_box[facing=east]	3733
minecraft:red_shulker_box[facing=north]	3730
minecraft:red_shulker_box[facing=south]	3731
minecraft:red_shulker_box[facing=up]	3729
minecraft:red_shulker_box[facing=west]	3732
minecraft:redstone_block	2432
minecraft:redstone_lamp	1968
minecraft:redstone_ore	1168
minecraft:redstone_torch[facing=east]	1217
minecraft:redstone_torch[facing=north]	1220
minecraft:redstone_torch[facing=south]	1219
minecraft:redstone_torch[facing=up]	1221
minecraft:redstone_torch[facing=west]	1218
minecraft:redstone_wire[east=none,north=none,power=0,south=none,west=none]	880
minecraft:redstone_wire[east=none,north=none,power=0,south=none,west=side]	880
minecraft:redstone_wire[east=none,north=none,power=0,south=none,west=up]	880
minecraft:redstone_wire[east=none,north=none,power=0,south=side,west=none]	880
minecraft:redstone_wire[east=none,north=none,power=0,south=side,west=side]	880
minecraft:redstone_wire[east=none,north=none,power=0,south=side,west=up]	880
minecraft:redstone_wire[east=none,north=none,power=0,south=up,west=none]	880
minecraft:redstone_wire[east=none,north=none,power=0,south=up,west=side]	880
minecraft:redstone_wire[east=none,north=none,power=0,south=up,west=up]	880
minecraft:redstone_wire[east=none,north=none,power=1,south=none,west=none]	881
minecraft:redstone_wire[east=none,north=none,power=1,south=none,west=side]	881
minecraft:redstone_wire[east=none,north=none,power=1,south=none,west=up]	881
minecraft:redstone_wire[east=none,north=none,power=1,south=side,west=none]	881
minecraft:redstone_wire[east=none,north=none,power=1,south=side,west=side]	881
minecraft:redstone_wire[east=none,north=none,power=1,south=side,west=up]	881
minecraft:redstone_wire[east=none,north=none,power=1,south=up,west=none]	881
minecraft:redstone_wire[east=none,north=none,power=1,south=up,west=side]	881
minecraft:redstone_wire[east=none,north=none,power=1,south=up,west=up]	881
minecraft:redstone_wire[east=none,north=none,power=10,south=none,west=none]	890
minecraft:redstone_wire[east=none,north=none,power=10,south=none,west=side]	890
minecraft:redstone_wire[east=none,north=none,power=10,south=none,west=up]	890
minecraft:redstone_wire[east=none,north=none,power=10,south=side,west=none]	890
minecraft:redstone_wire[east=none,north=none,power=10,south=side,west=side]	890
minecraft:redstone_wire[east=none,north=none,power=10,south=side,west=up]	890
minecraft:redstone_wire[east=none,north=none,power=10,south=up,west=none]	890
minecraft:redstone_wire[east=none,north=none,power=10,south=up,west=side]	890
minecraft:redstone_wire[east=none,north=none,power=10,south=up,west=up]	890
minecraft:redstone_wire[east=none,north=none,power=11,south=none,west=none]	891
minecraft:redstone_wire[east=none,north=none,power=11,south=none,west=side]	891
minecraft:redstone_wire[east=none,north=none,power=11,south=none,west=up]	891
minecraft:redstone_wire[east=none,north=none,power=11,south=side,west=none]	891
minecraft:redstone_wire[east=none,north=none,power=11,south=side,west=side]	891
minecraft:redstone_wire[east=none,north=none,power=11,south=side,west=up]	891
minecraft:redstone_wire[east=none,north=none,power=11,south=up,west=none]	891
minecraft:redstone_wire[east=none,north=none,power=11,south=up,west=side]	891
minecraft:redstone_wire[east=none,north=none,power=11,south=up,west=up]	891
minecraft:redstone_wire[east=none,north=none,power=12,south=none,west=none]	892
minecraft:redstone_wire[east=none,north=none,power=12,south=none,west=side]	892
minecraft:redstone_wire[east=none,north=none,power=12,south=none,west=up]	892
minecraft:redstone_wire[east=none,north=none,power=12,south=side,west=none]	892
minecraft:redstone_wire[east=none,north=none,power=12,south=side,west=side]	892
minecraft:redstone_wire[east=none,north=none,power=12,south=side,west=up]	892
minecraft:redstone_wire[east=none,north=none,power=12,south=up,west=none]	892
minecraft:redstone_wire[east=none,north=none,power=12,south=up,west=side]	892
minecraft:redstone_wire[east=none,north=none,power=12,south=up,west=up]	892
minecraft:redstone_wire[east=none,north=none,power=13,south=none,west=none]	893
minecraft:redstone_wire[east=none,north=none,power=13,south=none,west=side]	893
minecraft:redstone_wire[east=none,north=none,power=13,south=none,west=up]	893
minecraft:redstone_wire[east=none,north=none,power=13,south=side,west=none]	893
minecraft:redstone_wire[east=none,north=none,power=13,south=side,west=side]	893
minecraft:redstone_wire[east=none,north=none,power=13,south=side,west=up]	893
minecraft:redstone_wire[east=none,north=none,power=13,south=up,west=none]	893
minecraft:redstone_wire[east=none,north=none,power=13,south=up,west=side]	893
minecraft:redstone_wire[east=none,north=none,power=13,south=up,west=up]	893
minecraft:redstone_wire[east=none,north=none,power=14,south=none,west=none]	894
minecraft:redstone_wire[east=none,north=none,power=14,south=none,west=side]	894
minecraft:redstone_wire[east=none,north=none,power=14,south=none,west=up]	894
minecraft:redstone_wire[east=none,north=none,power=14,south=side,west=none]	894
minecraft:redstone_wire[east=none,north=none,power=14,south=side,west=side]	894
minecraft:redstone_wire[east=none,north=none,power=14,south=side,west=up]	894
minecraft:redstone_wire[east=none,north=none,power=14,south=up,west=none]	894
minecraft:redstone_wire[east=none,north=none,power=14,south=up,west=side]	894
minecraft:redstone_wire[east=none,north=none,power=14,south=up,west=up]	894
minecraft:redstone_wire[east=none,north=none,power=15,south=none,west=none]	895
minecraft:redstone_wire[east=none,north=none,power=15,south=none,west=side]	895
minecraft:redstone_wire[east=none,north=none,power=15,south=none,west=up]	895
minecraft:redstone_wire[east=none,north=none,power=15,south=side,west=none]	895
minecraft:redstone_wire[east=none,north=none,power=15,south=side,west=side]	895
minecraft:redstone_wire[east=none,north=none,power=15,south=side,west=up]	895
minecraft:redstone_wire[east=none,north=none,power=15,south=up,west=none]	895
minecraft:redstone_wire[east=none,north=none,power=15,south=up,west=side]	895
minecraft:redstone_wire[east=none,north=none,power=15,south=up,west=up]	895
minecraft:redstone_wire[east=none,north=none,power=2,south=none,west=none]	882
minecraft:redstone_wire[east=none,north=none,power=2,south=none,west=side]	882
minecraft:redstone_wire[east=none,north=none,power=2,south=none,west=up]	882
minecraft:redstone_wire[east=none,north=none,power=2,south=side,west=none]	882
minecraft:redstone_wire[east=none,north=none,power=2,south=side,west=side]	882
minecraft:redstone_wire[east=none,north=none,power=2,south=side,west=up]	882
minecraft:redstone_wire[east=none,north=none,power=2,south=up,west=none]	882
minecraft:redstone_wire[east=none,north=none,power=2,south=up,west=side]	882
minecraft:redstone_wire[east=none,north=none,power=2,south=up,west=up]	882
minecraft:redstone_wire[east=none,north=none,power=3,south=none,west=none]	883
minecraft:redstone_wire[east=none,north=none,power=3,south=none,west=side]	883
minecraft:redstone_wire[east=none,north=none,power=3,south=none,west=up]	883
minecraft:redstone_wire[east=none,north=none,power=3,south=side,west=none]	883
minecraft:redstone_wire[east=none,north=none,power=3,south=side,west=side]	883
minecraft:redstone_wire[east=none,north=none,power=3,south=side,west=up]	883
minecraft:redstone_wire[east=none,north=none,power=3,south=up,west=none]	883
minecraft:redstone_wire[east=none,north=none,power=3,south=up,west=side]	883
minecraft:redstone_wire[east=none,north=none,power=3,south=up,west=up]	883
minecraft:redstone_wire[east=none,north=none,power=4,south=none,west=none]	884
minecraft:redstone_wire[east=none,north=none,power=4,south=none,west=side]	884
minecraft:redstone_wire[east=none,north=none,power=4,south=none,west=up]	884
minecraft:redstone_wire[east=none,north=none,power=4,south=side,west=none]	884
minecraft:redstone_wire[east=none,north=none,power=4,south=side,west=side]	884
minecraft:redstone_wire[east=none,north=none,power=4,south=side,west=up]	884
minecraft:redstone_wire[east=none,north=none,power=4,south=up,west=none]	884
minecraft:redstone_wire[east=none,north=none,power=4,south=up,west=side]	884
minecraft:redstone_wire[east=none,north=none,power=4,south=up,west=up]	884
minecraft:redstone_wire[east=none,north=none,power=5,south=none,west=none]	885
minecraft:redstone_wire[east=none,north=none,power=5,south=none,west=side]	885
minecraft:redstone_wire[east=none,north=none,power=5,south=none,west=up]	885
minecraft:redstone_wire[east=none,north=none,power=5,south=side,west=none]	885
minecraft:redstone_wire[east=none,north=none,power=5,south=side,west=side]	885
minecraft:redstone_wire[east=none,north=none,power=5,south=side,west=up]	885
minecraft:redstone_wire[east=none,north=none,power=5,south=up,west=none]	885
minecraft:redstone_wire[east=none,north=none,power=5,south=up,west=side]	885
minecraft:redstone_wire[east=none,north=none,power=5,south=up,west=up]	885
minecraft:redstone_wire[east=none,north=none,power=6,south=none,west=none]	886
minecraft:redstone_wire[east=none,north=none,power=6,south=none,west=side]	886
minecraft:redstone_wire[east=none,north=none,power=6,south=none,west=up]	886
minecraft:redstone_wire[east=none,north=none,power=6,south=side,west=none]	886
minecraft:redstone_wire[east=none,north=none,power=6,south=side,west=side]	886
minecraft:redstone_wire[east=none,north=none,power=6,south=side,west=up]	886
minecraft:redstone_wire[east=none,north=none,power=6,south=up,west=none]	886
minecraft:redstone_wire[east=none,north=none,power=6,south=up,west=side]	886
minecraft:redstone_wire[east=none,north=none,power=6,south=up,west=up]	886
minecraft:redstone_wire[east=none,north=none,power=7,south=none,west=none]	887
minecraft:redstone_wire[east=none,north=none,power=7,south=none,west=side]	887
minecraft:redstone_wire[east=none,north=none,power=7,south=none,west=up]	887
minecraft:redstone_wire[east=none,north=none,power=7,south=side,west=none]	887
minecraft:redstone_wire[east=none,north=none,power=7,south=side,west=side]	887
minecraft:redstone_wire[east=none,north=none,power=7,south=side,west=up]	887
minecraft:redstone_wire[east=none,north=none,power=7,south=up,west=none]	887
minecraft:redstone_wire[east=none,north=none,power=7,south=up,west=side]	887
minecraft:redstone_wire[east=none,north=none,power=7,south=up,west=up]	887
minecraft:redstone_wire[east=none,north=none,power=8,south=none,west=none]	888
minecraft:redstone_wire[east=none,north=none,power=8,south=none,west=side]	888
minecraft:redstone_wire[east=none,north=none,power=8,south=none,west=up]	888
minecraft:redstone_wire[east=none,north=none,power=8,south=side,west=none]	888
minecraft:redstone_wire[east=none,north=none,power=8,south=side,west=side]	888
minecraft:redstone_wire[east=none,north=none,power=8,south=side,west=up]	888
minecraft:redstone_wire[east=none,north=none,power=8,south=up,west=none]	888
minecraft:redstone_wire[east=none,north=none,power=8,south=up,west=side]	888
minecraft:redstone_wire[east=none,north=none,power=8,south=up,west=up]	888
minecraft:redstone_wire[east=none,north=none,power=9,south=none,west=none]	889
minecraft:redstone_wire[east=none,north=none,power=9,south=none,west=side]	889
minecraft:redstone_wire[east=none,north=none,power=9,south=none,west=up]	889
minecraft:redstone_wire[east=none,north=none,power=9,south=side,west=none]	889
minecraft:redstone_wire[east=none,north=none,power=9,south=side,west=side]	889
minecraft:redstone_wire[east=none,north=none,power=9,south=side,west=up]	889
minecraft:redstone_wire[east=none,north=none,power=9,south=up,west=none]	889
minecraft:redstone_wire[east=none,north=none,power=9,south=up,west=side]	889
minecraft:redstone_wire[east=none,north=none,power=9,south=up,west=up]	889
minecraft:redstone_wire[east=none,north=side,power=0,south=none,west=none]	880
minecraft:redstone_wire[east=none,north=side,power=0,south=none,west=side]	880
minecraft:redstone_wire[east=none,north=side,power=0,south=none,west=up]	880
minecraft:redstone_wire[east=none,north=side,power=0,south=side,west=none]	880
minecraft:redstone_wire[east=none,north=side,power=0,south=side,west=side]	880
minecraft:redstone_wire[east=none,north=side,power=0,south=side,west=up]	880
minecraft:redstone_wire[east=none,north=side,power=0,south=up,west=none]	880
minecraft:redstone_wire[east=none,north=side,power=0,south=up,west=side]	880
minecraft:redstone_wire[east=none,north=side,power=0,south=up,west=up]	880
minecraft:redstone_wire[east=none,north=side,power=1,south=none,west=none]	881
minecraft:redstone_wire[east=none,north=side,power=1,south=none,west=side]	881
minecraft:redstone_wire[east=none,north=side,power=1,south=none,west=up]	881
minecraft:redstone_wire[east=none,north=side,power=1,south=side,west=none]	881
minecraft:redstone_wire[east=none,north=side,power=1,south=side,west=side]	881
minecraft:redstone_wire[east=none,north=side,power=1,south=side,west=up]	881
minecraft:redstone_wire[east=none,north=side,power=1,south=up,west=none]	881
minecraft:redstone_wire[east=none,north=side,power=1,south=up,west=side]	881
minecraft:redstone_wire[east=none,north=side,power=1,south=up,west=up]	881
minecraft:redstone_wire[east=none,north=side,power=10,south=none,west=none]	890
minecraft:redstone_wire[east=none,north=side,power=10,south=none,west=side]	890
minecraft:redstone_wire[east=none,north=side,power=10,south=none,west=up]	890
minecraft:redstone_wire[east=none,north=side,power=10,south=side,west=none]	890
minecraft:redstone_wire[east=none,north=side,power=10,south=side,west=side]	890
minecraft:redstone_wire[east=none,north=side,power=10,south=side,west=up]	890
minecraft:redstone_wire[east=none,north=side,power=10,south=up,west=none]	890
minecraft:redstone_wire[east=none,north=side,power=10,south=up,west=side]	890
minecraft:redstone_wire[east=none,north=side,power=10,south=up,west=up]	890
minecraft:redstone_wire[east=none,north=side,power=11,south=none,west=none]	891
minecraft:redstone_wire[east=none,north=side,power=11,south=none,west=side]	891
minecraft:redstone_wire[east=none,north=side,power=11,south=none,west=up]	891
minecraft:redstone_wire[east=none,north=side,power=11,south=side,west=none]	891
minecraft:redstone_wire[east=none,north=side,power=11,south=side,west=side]	891
minecraft:redstone_wire[east=none,north=side,power=11,south=side,west=up]	891
minecraft:redstone_wire[east=none,north=side,power=11,south=up,west=none]	891
minecraft:redstone_wire[east=none,north=side,power=11,south=up,west=side]	891
minecraft:redstone_wire[east=none,north=side,power=11,south=up,west=up]	891
minecraft:redstone_wire[east=none,north=side,power=12,south=none,west=none]	892
minecraft:redstone_wire[east=none,north=side,power=12,south=none,west=side]	892
minecraft:redstone_wire[east=none,north=side,power=12,south=none,west=up]	892
minecraft:redstone_wire[east=none,north=side,power=12,south=side,west=none]	892
minecraft:redstone_wire[east=none,north=side,power=12,south=side,west=side]	892
minecraft:redstone_wire[east=none,north=side,power=12,south=side,west=up]	892
minecraft:redstone_wire[east=none,north=side,power=12,south=up,west=none]	892
minecraft:redstone_wire[east=none,north=side,power=12,south=up,west=side]	892
minecraft:redstone_wire[east=none,north=side,power=12,south=up,west=up]	892
minecraft:redstone_wire[east=none,north=side,power=13,south=none,west=none]	893
minecraft:redstone_wire[east=none,north=side,power=13,south=none,west=side]	893
minecraft:redstone_wire[east=none,north=side,power=13,south=none,west=up]	893
minecraft:redstone_wire[east=none,north=side,power=13,south=side,west=none]	893
minecraft:redstone_wire[east=none,north=side,power=13,south=side,west=side]	893
minecraft:redstone_wire[east=none,north=side,power=13,south=side,west=up]	893
minecraft:redstone_wire[east=none,north=side,power=13,south=up,west=none]	893
minecraft:redstone_wire[east=none,north=side,power=13,south=up,west=side]	893
minecraft:redstone_wire[east=none,north=side,power=13,south=up,west=up]	893
minecraft:redstone_wire[east=none,north=side,power=14,south=none,west=none]	894
minecraft:redstone_wire[east=none,north=side,power=14,south=none,west=side]	894
minecraft:redstone_wire[east=none,north=side,power=14,south=none,west=up]	894
minecraft:redstone_wire[east=none,north=side,power=14,south=side,west=none]	894
minecraft:redstone_wire[east=none,north=side,power=14,south=side,west=side]	894
minecraft:redstone_wire[east=none,north=side,power=14,south=side,west=up]	894
minecraft:redstone_wire[east=none,north=side,power=14,south=up,west=none]	894
minecraft:redstone_wire[east=none,north=side,power=14,south=up,west=side]	894
minecraft:redstone_wire[east=none,north=side,power=14,south=up,west=up]	894
minecraft:redstone_wire[east=none,north=side,power=15,south=none,west=none]	895
minecraft:redstone_wire[east=none,north=side,power=15,south=none,west=side]	895
minecraft:redstone_wire[east=none,north=side,power=15,south=none,west=up]	895
minecraft:redstone_wire[east=none,north=side,power=15,south=side,west=none]	895
minecraft:redstone_wire[east=none,north=side,power=15,south=side,west=side]	895
minecraft:redstone_wire[east=none,north=side,power=15,south=side,west=up]	895
minecraft:redstone_wire[east=none,north=side,power=15,south=up,west=none]	895
minecraft:redstone_wire[east=none,north=side,power=15,south=up,west=side]	895
minecraft:redstone_wire[east=none,north=side,power=15,south=up,west=up]	895
minecraft:redstone_wire[east=none,north=side,power=2,south=none,west=none]	882
minecraft:redstone_wire[east=none,north=side,power=2,south=none,west=side]	882
minecraft:redstone_wire[east=none,north=side,power=2,south=none,west=up]	882
minecraft:redstone_wire[east=none,north=side,power=2,south=side,west=none]	882
minecraft:redstone_wire[east=none,north=side,power=2,south=side,west=side]	882
minecraft:redstone_wire[east=none,north=side,power=2,south=side,west=up]	882
minecraft:redstone_wire[east=none,north=side,power=2,south=up,west=none]	882
minecraft:redstone_wire[east=none,north=side,power=2,south=up,west=side]	882
minecraft:redstone_wire[east=none,north=side,power=2,south=up,west=up]	882
minecraft:redstone_wire[east=none,north=side,power=3,south=none,west=none]	883
minecraft:redstone_wire[east=none,north=side,power=3,south=none,west=side]	883
minecraft:redstone_wire[east=none,north=side,power=3,south=none,west=up]	883
minecraft:redstone_wire[east=none,north=side,power=3,south=side,west=none]	883
minecraft:redstone_wire[east=none,north=side,power=3,south=side,west=side]	883
minecraft:redstone_wire[east=none,north=side,power=3,south=side,west=up]	883
minecraft:redstone_wire[east=none,north=side,power=3,south=up,west=none]	883
minecraft:redstone_wire[east=none,north=side,power=3,south=up,west=side]	883
minecraft:redstone_wire[east=none,north=side,power=3,south=up,west=up]	883
minecraft:redstone_wire[east=none,north=side,power=4,south=none,west=none]	884
minecraft:redstone_wire[east=none,north=side,power=4,south=none,west=side]	884
minecraft:redstone_wire[east=none,north=side,power=4,south=none,west=up]	884
minecraft:redstone_wire[east=none,north=side,power=4,south=side,west=none]	884
minecraft:redstone_wire[east=none,north=side,power=4,south=side,west=side]	884
minecraft:redstone_wire[east=none,north=side,power=4,south=side,west=up]	884
minecraft:redstone_wire[east=none,north=side,power=4,south=up,west=none]	884
minecraft:redstone_wire[east=none,north=side,power=4,south=up,west=side]	884
minecraft:redstone_wire[east=none,north=side,power=4,south=up,west=up]	884
minecraft:redstone_wire[east=none,north=side,power=5,south=none,west=none]	885
minecraft:redstone_wire[east=none,north=side,power=5,south=none,west=side]	885
minecraft:redstone_wire[east=none,north=side,power=5,south=none,west=up]	885
minecraft:redstone_wire[east=none,north=side,power=5,south=side,west=none]	885
minecraft:redstone_wire[east=none,north=side,power=5,south=side,west=side]	885
minecraft:redstone_wire[east=none,north=side,power=5,south=side,west=up]	885
minecraft:redstone_wire[east=none,north=side,power=5,south=up,west=none]	885
minecraft:redstone_wire[east=none,north=side,power=5,south=up,west=side]	885
minecraft:redstone_wire[east=none,north=side,power=5,south=up,west=up]	885
minecraft:redstone_wire[east=none,north=side,power=6,south=none,west=none]	886
minecraft:redstone_wire[east=none,north=side,power=6,south=none,west=side]	886
minecraft:redstone_wire[east=none,north=side,power=6,south=none,west=up]	886
minecraft:redstone_wire[east=none,north=side,power=6,south=side,west=none]	886
minecraft:redstone_wire[east=none,north=side,power=6,south=side,west=side]	886
minecraft:redstone_wire[east=none,north=side,power=6,south=side,west=up]	886
minecraft:redstone_wire[east=none,north=side,power=6,south=up,west=none]	886
minecraft:redstone_wire[east=none,north=side,power=6,south=up,west=side]	886
minecraft:redstone_wire[east=none,north=side,power=6,south=up,west=up]	886
minecraft:redstone_wire[east=none,north=side,power=7,south=none,west=none]	887
minecraft:redstone_wire[east=none,north=side,power=7,south=none,west=side]	887
minecraft:redstone_wire[east=none,north=side,power=7,south=none,west=up]	887
minecraft:redstone_wire[east=none,north=side,power=7,south=side,west=none]	887
minecraft:redstone_wire[east=none,north=side,power=7,south=side,west=side]	887
minecraft:redstone_wire[east=none,north=side,power=7,south=side,west=up]	887
minecraft:redstone_wire[east=none,north=side,power=7,south=up,west=none]	887
minecraft:redstone_wire[east=none,north=side,power=7,south=up,west=side]	887
minecraft:redstone_wire[east=none,north=side,power=7,south=up,west=up]	887
minecraft:redstone_wire[east=none,north=side,power=8,south=none,west=none]	888
minecraft:redstone_wire[east=none,north=side,power=8,south=none,west=side]	888
minecraft:redstone_wire[east=none,north=side,power=8,south=none,west=up]	888
minecraft:redstone_wire[east=none,north=side,power=8,south=side,west=none]	888
minecraft:redstone_wire[east=none,north=side,power=8,south=side,west=side]	888
minecraft:redstone_wire[east=none,north=side,power=8,south=side,west=up]	888
minecraft:redstone_wire[east=none,north=side,power=8,south=up,west=none]	888
minecraft:redstone_wire[east=none,north=side,power=8,south=up,west=side]	888
minecraft:redstone_wire[east=none,north=side,power=8,south=up,west=up]	888
minecraft:redstone_wire[east=none,north=side,power=9,south=none,west=none]	889
minecraft:redstone_wire[east=none,north=side,power=9,south=none,west=side]	889
minecraft:redstone_wire[east=none,north=side,power=9,south=none,west=up]	889
minecraft:redstone_wire[east=none,north=side,power=9,south=side,west=none]	889
minecraft:redstone_wire[east=none,north=side,power=9,south=side,west=side]	889
minecraft:redstone_wire[east=none,north=side,power=9,south=side,west=up]	889
minecraft:redstone_wire[east=none,north=side,power=9,south=up,west=none]	889
minecraft:redstone_wire[east=none,north=side,power=9,south=up,west=side]	889
minecraft:redstone_wire[east=none,north=side,power=9,south=up,west=up]	889
minecraft:redstone_wire[east=none,north=up,power=0,south=none,west=none]	880
minecraft:redstone_wire[east=none,north=up,power=0,south=none,west=side]	880
minecraft:redstone_wire[east=none,north=up,power=0,south=none,west=up]	880
minecraft:redstone_wire[east=none,north=up,power=0,south=side,west=none]	880
minecraft:redstone_wire[east=none,north=up,power=0,south=side,west=side]	880
minecraft:redstone_wire[east=none,north=up,power=0,south=side,west=up]	880
minecraft:redstone_wire[east=none,north=up,power=0,south=up,west=none]	880
minecraft:redstone_wire[east=none,north=up,power=0,south=up,west=side]	880
minecraft:redstone_wire[east=none,north=up,power=0,south=up,west=up]	880
minecraft:redstone_wire[east=none,north=up,power=1,south=none,west=none]	881
minecraft:redstone_wire[east=none,north=up,power=1,south=none,west=side]	881
minecraft:redstone_wire[east=none,north=up,power=1,south=none,west=up]	881
minecraft:redstone_wire[east=none,north=up,power=1,south=side,west=none]	881
minecraft:redstone_wire[east=none,north=up,power=1,south=side,west=side]	881
minecraft:redstone_wire[east=none,north=up,power=1,south=side,west=up]	881
minecraft:redstone_wire[east=none,north=up,power=1,south=up,west=none]	881
minecraft:redstone_wire[east=none,north=up,power=1,south=up,west=side]	881
minecraft:redstone_wire[east=none,north=up,power=1,south=up,west=up]	881
minecraft:redstone_wire[east=none,north=up,power=10,south=none,west=none]	890
minecraft:redstone_wire[east=none,north=up,power=10,south=none,west=side]	890
minecraft:redstone_wire[east=none,north=up,power=10,south=none,west=up]	890
minecraft:redstone_wire[east=none,north=up,power=10,south=side,west=none]	890
minecraft:redstone_wire[east=none,north=up,power=10,south=side,west=side]	890
minecraft:redstone_wire[east=none,north=up,power=10,south=side,west=up]	890
minecraft:redstone_wire[east=none,north=up,power=10,south=up,west=none]	890
minecraft:redstone_wire[east=none,north=up,power=10,south=up,west=side]	890
minecraft:redstone_wire[east=none,north=up,power=10,south=up,west=up]	890
minecraft:redstone_wire[east=none,north=up,power=11,south=none,west=none]	891
minecraft:redstone_wire[east=none,north=up,power=11,south=none,west=side]	891
minecraft:redstone_wire[east=none,north=up,power=11,south=none,west=up]	891
minecraft:redstone_wire[east=none,north=up,power=11,south=side,west=none]	891
minecraft:redstone_wire[east=none,north=up,power=11,south=side,west=side]	891
minecraft:redstone_wire[east=none,north=up,power=11,south=side,west=up]	891
minecraft:redstone_wire[east=none,north=up,power=11,south=up,west=none]	891
minecraft:redstone_wire[east=none,north=up,power=11,south=up,west=side]	891
minecraft:redstone_wire[east=none,north=up,power=11,south=up,west=up]	891
minecraft:redstone_wire[east=none,north=up,power=12,south=none,west=none]	892
minecraft:redstone_wire[east=none,north=up,power=12,south=none,west=side]	892
minecraft:redstone_wire[east=none,north=up,power=12,south=none,west=up]	892
minecraft:redstone_wire[east=none,north=up,power=12,south=side,west=none]	892
minecraft:redstone_wire[east=none,north=up,power=12,south=side,west=side]	892
minecraft:redstone_wire[east=none,north=up,power=12,south=side,west=up]	892
minecraft:redstone_wire[east=none,north=up,power=12,south=up,west=none]	892
minecraft:redstone_wire[east=none,north=up,power=12,south=up,west=side]	892
minecraft:redstone_wire[east=none,north=up,power=12,south=up,west=up]	892
minecraft:redstone_wire[east=none,north=up,power=13,south=none,west=none]	893
minecraft:redstone_wire[east=none,north=up,power=13,south=none,west=side]	893
minecraft:redstone_wire[east=none,north=up,power=13,south=none,west=up]	893
minecraft:redstone_wire[east=none,north=up,power=13,south=side,west=none]	893
minecraft:redstone_wire[east=none,north=up,power=13,south=side,west=side]	893
minecraft:redstone_wire[east=none,north=up,power=13,south=side,west=up]	893
minecraft:redstone_wire[east=none,north=up,power=13,south=up,west=none]	893
minecraft:redstone_wire[east=none,north=up,power=13,south=up,west=side]	893
minecraft:redstone_wire[east=none,north=up,power=13,south=up,west=up]	893
minecraft:redstone_wire[east=none,north=up,power=14,south=none,west=none]	894
minecraft:redstone_wire[east=none,north=up,power=14,south=none,west=side]	894
minecraft:redstone_wire[east=none,north=up,power=14,south=none,west=up]	894
minecraft:redstone_wire[east=none,north=up,power=14,south=side,west=none]	894
minecraft:redstone_wire[east=none,north=up,power=14,south=side,west=side]	894
minecraft:redstone_wire[east=none,north=up,power=14,south=side,west=up]	894
minecraft:redstone_wire[east=none,north=up,power=14,south=up,west=none]	894
minecraft:redstone_wire[east=none,north=up,power=14,south=up,west=side]	894
minecraft:redstone_wire[east=none,north=up,power=14,south=up,west=up]	894
minecraft:redstone_wire[east=none,north=up,power=15,south=none,west=none]	895
minecraft:redstone_wire[east=none,north=up,power=15,south=none,west=side]	895
minecraft:redstone_wire[east=none,north=up,power=15,south=none,west=up]	895
minecraft:redstone_wire[east=none,north=up,power=15,south=side,west=none]	895
minecraft:redstone_wire[east=none,north=up,power=15,south=side,west=side]	895
minecraft:redstone_wire[east=none,north=up,power=15,south=side,west=up]	895
minecraft:redstone_wire[east=none,north=up,power=15,south=up,west=none]	895
minecraft:redstone_wire[east=none,north=up,power=15,south=up,west=side]	895
minecraft:redstone_wire[east=none,north=up,power=15,south=up,west=up]	895
minecraft:redstone_wire[east=none,north=up,power=2,south=none,west=none]	882
minecraft:redstone_wire[east=none,north=up,power=2,south=none,west=side]	882
minecraft:redstone_wire[east=none,north=up,power=2,south=none,west=up]	882
minecraft:redstone_wire[east=none,north=up,power=2,south=side,west=none]	882
minecraft:redstone_wire[east=none,north=up,power=2,south=side,west=side]	882
minecraft:redstone_wire[east=none,north=up,power=2,south=side,west=up]	882
minecraft:redstone_wire[east=none,north=up,power=2,south=up,west=none]	882
minecraft:redstone_wire[east=none,north=up,power=2,south=up,west=side]	882
minecraft:redstone_wire[east=none,north=up,power=2,south=up,west=up]	882
minecraft:redstone_wire[east=none,north=up,power=3,south=none,west=none]	883
minecraft:redstone_wire[east=none,north=up,power=3,south=none,west=side]	883
minecraft:redstone_wire[east=none,north=up,power=3,south=none,west=up]	883
minecraft:redstone_wire[east=none,north=up,power=3,south=side,west=none]	883
minecraft:redstone_wire[east=none,north=up,power=3,south=side,west=side]	883
minecraft:redstone_wire[east=none,north=up,power=3,south=side,west=up]	883
minecraft:redstone_wire[east=none,north=up,power=3,south=up,west=none]	883
minecraft:redstone_wire[east=none,north=up,power=3,south=up,west=side]	883
minecraft:redstone_wire[east=none,north=up,power=3,south=up,west=up]	883
minecraft:redstone_wire[east=none,north=up,power=4,south=none,west=none]	884
minecraft:redstone_wire[east=none,north=up,power=4,south=none,west=side]	884
minecraft:redstone_wire[east=none,north=up,power=4,south=none,west=up]	884
minecraft:redstone_wire[east=none,north=up,power=4,south=side,west=none]	884
minecraft:redstone_wire[east=none,north=up,power=4,south=side,west=side]	884
minecraft:redstone_wire[east=none,north=up,power=4,south=side,west=up]	884
minecraft:redstone_wire[east=none,north=up,power=4,south=up,west=none]	884
minecraft:redstone_wire[east=none,north=up,power=4,south=up,west=side]	884
minecraft:redstone_wire[east=none,north=up,power=4,south=up,west=up]	884
minecraft:redstone_wire[east=none,north=up,power=5,south=none,west=none]	885
minecraft:redstone_wire[east=none,north=up,power=5,south=none,west=side]	885
minecraft:redstone_wire[east=none,north=up,power=5,south=none,west=up]	885
minecraft:redstone_wire[east=none,north=up,power=5,south=side,west=none]	885
minecraft:redstone_wire[east=none,north=up,power=5,south=side,west=side]	885
minecraft:redstone_wire[east=none,north=up,power=5,south=side,west=up]	885
minecraft:redstone_wire[east=none,north=up,power=5,south=up,west=none]	885
minecraft:redstone_wire[east=none,north=up,power=5,south=up,west=side]	885
minecraft:redstone_wire[east=none,north=up,power=5,south=up,west=up]	885
minecraft:redstone_wire[east=none,north=up,power=6,south=none,west=none]	886
minecraft:redstone_wire[east=none,north=up,power=6,south=none,west=side]	886
minecraft:redstone_wire[east=none,north=up,power=6,south=none,west=up]	886
minecraft:redstone_wire[east=none,north=up,power=6,south=side,west=none]	886
minecraft:redstone_wire[east=none,north=up,power=6,south=side,west=side]	886
minecraft:redstone_wire[east=none,north=up,power=6,south=side,west=up]	886
minecraft:redstone_wire[east=none,north=up,power=6,south=up,west=none]	886
minecraft:redstone_wire[east=none,north=up,power=6,south=up,west=side]	886
minecraft:redstone_wire[east=none,north=up,power=6,south=up,west=up]	886
minecraft:redstone_wire[east=none,north=up,power=7,south=none,west=none]	887
minecraft:redstone_wire[east=none,north=up,power=7,south=none,west=side]	887
minecraft:redstone_wire[east=none,north=up,power=7,south=none,west=up]	887
minecraft:redstone_wire[east=none,north=up,power=7,south=side,west=none]	887
minecraft:redstone_wire[east=none,north=up,power=7,south=side,west=side]	887
minecraft:redstone_wire[east=none,north=up,power=7,south=side,west=up]	887
minecraft:redstone_wire[east=none,north=up,power=7,south=up,west=none]	887
minecraft:redstone_wire[east=none,north=up,power=7,south=up,west=side]	887
minecraft:redstone_wire[east=none,north=up,power=7,south=up,west=up]	887
minecraft:redstone_wire[east=none,north=up,power=8,south=none,west=none]	888
minecraft:redstone_wire[east=none,north=up,power=8,south=none,west=side]	888
minecraft:redstone_wire[east=none,north=up,power=8,south=none,west=up]	888
minecraft:redstone_wire[east=none,north=up,power=8,south=side,west=none]	888
minecraft:redstone_wire[east=none,north=up,power=8,south=side,west=side]	888
minecraft:redstone_wire[east=none,north=up,power=8,south=side,west=up]	888
minecraft:redstone_wire[east=none,north=up,power=8,south=up,west=none]	888
minecraft:redstone_wire[east=none,north=up,power=8,south=up,west=side]	888
minecraft:redstone_wire[east=none,north=up,power=8,south=up,west=up]	888
minecraft:redstone_wire[east=none,north=up,power=9,south=none,west=none]	889
minecraft:redstone_wire[east=none,north=up,power=9,south=none,west=side]	889
minecraft:redstone_wire[east=none,north=up,power=9,south=none,west=up]	889
minecraft:redstone_wire[east=none,north=up,power=9,south=side,west=none]	889
minecraft:redstone_wire[east=none,north=up,power=9,south=side,west=side]	889
minecraft:redstone_wire[east=none,north=up,power=9,south=side,west=up]	889
minecraft:redstone_wire[east=none,north=up,power=9,south=up,west=none]	889
minecraft:redstone_wire[east=none,north=up,power=9,south=up,west=side]	889
minecraft:redstone_wire[east=none,north=up,power=9,south=up,west=up]	889
minecraft:redstone_wire[east=side,north=none,power=0,south=none,west=none]	880
minecraft:redstone_wire[east=side,north=none,power=0,south=none,west=side]	880
minecraft:redstone_wire[east=side,north=none,power=0,south=none,west=up]	880
minecraft:redstone_wire[east=side,north=none,power=0,south=side,west=none]	880
minecraft:redstone_wire[east=side,north=none,power=0,south=side,west=side]	880
minecraft:redstone_wire[east=side,north=none,power=0,south=side,west=up]	880
minecraft:redstone_wire[east=side,north=none,power=0,south=up,west=none]	880
minecraft:redstone_wire[east=side,north=none,power=0,south=up,west=side]	880
minecraft:redstone_wire[east=side,north=none,power=0,south=up,west=up]	880
minecraft:redstone_wire[east=side,north=none,power=1,south=none,west=none]	881
minecraft:redstone_wire[east=side,north=none,power=1,south=none,west=side]	881
minecraft:redstone_wire[east=side,north=none,power=1,south=none,west=up]	881
minecraft:redstone_wire[east=side,north=none,power=1,south=side,west=none]	881
minecraft:redstone_wire[east=side,north=none,power=1,south=side,west=side]	881
minecraft:redstone_wire[east=side,north=none,power=1,south=side,west=up]	881
minecraft:redstone_wire[east=side,north=none,power=1,south=up,west=none]	881
minecraft:redstone_wire[east=side,north=none,power=1,south=up,west=side]	881
minecraft:redstone_wire[east=side,north=none,power=1,south=up,west=up]	881
minecraft:redstone_wire[east=side,north=none,power=10,south=none,west=none]	890
minecraft:redstone_wire[east=side,north=none,power=10,south=none,west=side]	890
minecraft:redstone_wire[east=side,north=none,power=10,south=none,west=up]	890
minecraft:redstone_wire[east=side,north=none,power=10,south=side,west=none]	890
minecraft:redstone_wire[east=side,north=none,power=10,south=side,west=side]	890
minecraft:redstone_wire[east=side,north=none,power=10,south=side,west=up]	890
minecraft:redstone_wire[east=side,north=none,power=10,south=up,west=none]	890
minecraft:redstone_wire[east=side,north=none,power=10,south=up,west=side]	890
minecraft:redstone_wire[east=side,north=none,power=10,south=up,west=up]	890
minecraft:redstone_wire[east=side,north=none,power=11,south=none,west=none]	891
minecraft:redstone_wire[east=side,north=none,power=11,south=none,west=side]	891
minecraft:redstone_wire[east=side,north=none,power=11,south=none,west=up]	891
minecraft:redstone_wire[east=side,north=none,power=11,south=side,west=none]	891
minecraft:redstone_wire[east=side,north=none,power=11,south=side,west=side]	891
minecraft:redstone_wire[east=side,north=none,power=11,south=side,west=up]	891
minecraft:redstone_wire[east=side,north=none,power=11,south=up,west=none]	891
minecraft:redstone_wire[east=side,north=none,power=11,south=up,west=side]	891
minecraft:redstone_wire[east=side,north=none,power=11,south=up,west=up]	891
minecraft:redstone_wire[east=side,north=none,power=12,south=none,west=none]	892
minecraft:redstone_wire[east=side,north=none,power=12,south=none,west=side]	892
minecraft:redstone_wire[east=side,north=none,power=12,south=none,west=up]	892
minecraft:redstone_wire[east=side,north=none,power=12,south=side,west=none]	892
minecraft:redstone_wire[east=side,north=none,power=12,south=side,west=side]	892
minecraft:redstone_wire[east=side,north=none,power=12,south=side,west=up]	892
minecraft:redstone_wire[east=side,north=none,power=12,south=up,west=none]	892
minecraft:redstone_wire[east=side,north=none,power=12,south=up,west=side]	892
minecraft:redstone_wire[east=side,north=none,power=12,south=up,west=up]	892
minecraft:redstone_wire[east=side,north=none,power=13,south=none,west=none]	893
minecraft:redstone_wire[east=side,north=none,power=13,south=none,west=side]	893
minecraft:redstone_wire[east=side,north=none,power=13,south=none,west=up]	893
minecraft:redstone_wire[east=side,north=none,power=13,south=side,west=none]	893
minecraft:redstone_wire[east=side,north=none,power=13,south=side,west=side]	893
minecraft:redstone_wire[east=side,north=none,power=13,south=side,west=up]	893
minecraft:redstone_wire[east=side,north=none,power=13,south=up,west=none]	893
minecraft:redstone_wire[east=side,north=none,power=13,south=up,west=side]	893
minecraft:redstone_wire[east=side,north=none,power=13,south=up,west=up]	893
minecraft:redstone_wire[east=side,north=none,power=14,south=none,west=none]	894
minecraft:redstone_wire[east=side,north=none,power=14,south=none,west=side]	894
minecraft:redstone_wire[east=side,north=none,power=14,south=none,west=up]	894
minecraft:redstone_wire[east=side,north=none,power=14,south=side,west=none]	894
minecraft:redstone_wire[east=side,north=none,power=14,south=side,west=side]	894
minecraft:redstone_wire[east=side,north=none,power=14,south=side,west=up]	894
minecraft:redstone_wire[east=side,north=none,power=14,south=up,west=none]	894
minecraft:redstone_wire[east=side,north=none,power=14,south=up,west=side]	894
minecraft:redstone_wire[east=side,north=none,power=14,south=up,west=up]	894
minecraft:redstone_wire[east=side,north=none,power=15,south=none,west=none]	895
minecraft:redstone_wire[east=side,north=none,power=15,south=none,west=side]	895
minecraft:redstone_wire[east=side,north=none,power=15,south=none,west=up]	895
minecraft:redstone_wire[east=side,north=none,power=15,south=side,west=none]	895
minecraft:redstone_wire[east=side,north=none,power=15,south=side,west=side]	895
minecraft:redstone_wire[east=side,north=none,power=15,south=side,west=up]	895
minecraft:redstone_wire[east=side,north=none,power=15,south=up,west=none]	895
minecraft:redstone_wire[east=side,north=none,power=15,south=up,west=side]	895
minecraft:redstone_wire[east=side,north=none,power=15,south=up,west=up]	895
minecraft:redstone_wire[east=side,north=none,power=2,south=none,west=none]	882
minecraft:redstone_wire[east=side,north=none,power=2,south=none,west=side]	882
minecraft:redstone_wire[east=side,north=none,power=2,south=none,west=up]	882
minecraft:redstone_wire[east=side,north=none,power=2,south=side,west=none]	882
minecraft:redstone_wire[east=side,north=none,power=2,south=side,west=side]	882
minecraft:redstone_wire[east=side,north=none,power=2,south=side,west=up]	882
minecraft:redstone_wire[east=side,north=none,power=2,south=up,west=none]	882
minecraft:redstone_wire[east=side,north=none,power=2,south=up,west=side]	882
minecraft:redstone_wire[east=side,north=none,power=2,south=up,west=up]	882
minecraft:redstone_wire[east=side,north=none,power=3,south=none,west=none]	883
minecraft:redstone_wire[east=side,north=none,power=3,south=none,west=side]	883
minecraft:redstone_wire[east=side,north=none,power=3,south=none,west=up]	883
minecraft:redstone_wire[east=side,north=none,power=3,south=side,west=none]	883
minecraft:redstone_wire[east=side,north=none,power=3,south=side,west=side]	883
minecraft:redstone_wire[east=side,north=none,power=3,south=side,west=up]	883
minecraft:redstone_wire[east=side,north=none,power=3,south=up,west=none]	883
minecraft:redstone_wire[east=side,north=none,power=3,south=up,west=side]	883
minecraft:redstone_wire[east=side,north=none,power=3,south=up,west=up]	883
minecraft:redstone_wire[east=side,north=none,power=4,south=none,west=none]	884
minecraft:redstone_wire[east=side,north=none,power=4,south=none,west=side]	884
minecraft:redstone_wire[east=side,north=none,power=4,south=none,west=up]	884
minecraft:redstone_wire[east=side,north=none,power=4,south=side,west=none]	884
minecraft:redstone_wire[east=side,north=none,power=4,south=side,west=side]	884
minecraft:redstone_wire[east=side,north=none,power=4,south=side,west=up]	884
minecraft:redstone_wire[east=side,north=none,power=4,south=up,west=none]	884
minecraft:redstone_wire[east=side,north=none,power=4,south=up,west=side]	884
minecraft:redstone_wire[east=side,north=none,power=4,south=up,west=up]	884
minecraft:redstone_wire[east=side,north=none,power=5,south=none,west=none]	885
minecraft:redstone_wire[east=side,north=none,power=5,south=none,west=side]	885
minecraft:redstone_wire[east=side,north=none,power=5,south=none,west=up]	885
minecraft:redstone_wire[east=side,north=none,power=5,south=side,west=none]	885
minecraft:redstone_wire[east=side,north=none,power=5,south=side,west=side]	885
minecraft:redstone_wire[east=side,north=none,power=5,south=side,west=up]	885
minecraft:redstone_wire[east=side,north=none,power=5,south=up,west=none]	885
minecraft:redstone_wire[east=side,north=none,power=5,south=up,west=side]	885
minecraft:redstone_wire[east=side,north=none,power=5,south=up,west=up]	885
minecraft:redstone_wire[east=side,north=none,power=6,south=none,west=none]	886
minecraft:redstone_wire[east=side,north=none,power=6,south=none,west=side]	886
minecraft:redstone_wire[east=side,north=none,power=6,south=none,west=up]	886
minecraft:redstone_wire[east=side,north=none,power=6,south=side,west=none]	886
minecraft:redstone_wire[east=side,north=none,power=6,south=side,west=side]	886
minecraft:redstone_wire[east=side,north=none,power=6,south=side,west=up]	886
minecraft:redstone_wire[east=side,north=none,power=6,south=up,west=none]	886
minecraft:redstone_wire[east=side,north=none,power=6,south=up,west=side]	886
minecraft:redstone_wire[east=side,north=none,power=6,south=up,west=up]	886
minecraft:redstone_wire[east=side,north=none,power=7,south=none,west=none]	887
minecraft:redstone_wire[east=side,north=none,power=7,south=none,west=side]	887
minecraft:redstone_wire[east=side,north=none,power=7,south=none,west=up]	887
minecraft:redstone_wire[east=side,north=none,power=7,south=side,west=none]	887
minecraft:redstone_wire[east=side,north=none,power=7,south=side,west=side]	887
minecraft:redstone_wire[east=side,north=none,power=7,south=side,west=up]	887
minecraft:redstone_wire[east=side,north=none,power=7,south=up,west=none]	887
minecraft:redstone_wire[east=side,north=none,power=7,south=up,west=side]	887
minecraft:redstone_wire[east=side,north=none,power=7,south=up,west=up]	887
minecraft:redstone_wire[east=side,north=none,power=8,south=none,west=none]	888
minecraft:redstone_wire[east=side,north=none,power=8,south=none,west=side]	888
minecraft:redstone_wire[east=side,north=none,power=8,south=none,west=up]	888
minecraft:redstone_wire[east=side,north=none,power=8,south=side,west=none]	888
minecraft:redstone_wire[east=side,north=none,power=8,south=side,west=side]	888
minecraft:redstone_wire[east=side,north=none,power=8,south=side,west=up]	888
minecraft:redstone_wire[east=side,north=none,power=8,south=up,west=none]	888
minecraft:redstone_wire[east=side,north=none,power=8,south=up,west=side]	888
minecraft:redstone_wire[east=side,north=none,power=8,south=up,west=up]	888
minecraft:redstone_wire[east=side,north=none,power=9,south=none,west=none]	889
minecraft:redstone_wire[east=side,north=none,power=9,south=none,west=side]	889
minecraft:redstone_wire[east=side,north=none,power=9,south=none,west=up]	889
minecraft:redstone_wire[east=side,north=none,power=9,south=side,west=none]	889
minecraft:redstone_wire[east=side,north=none,power=9,south=side,west=side]	889
minecraft:redstone_wire[east=side,north=none,power=9,south=side,west=up]	889
minecraft:redstone_wire[east=side,north=none,power=9,south=up,west=none]	889
minecraft:redstone_wire[east=side,north=none,power=9,south=up,west=side]	889
minecraft:redstone_wire[east=side,north=none,power=9,south=up,west=up]	889
minecraft:redstone_wire[east=side,north=side,power=0,south=none,west=none]	880
minecraft:redstone_wire[east=side,north=side,power=0,south=none,west=side]	880
minecraft:redstone_wire[east=side,north=side,power=0,south=none,west=up]	880
minecraft:redstone_wire[east=side,north=side,power=0,south=side,west=none]	880
minecraft:redstone_wire[east=side,north=side,power=0,south=side,west=side]	880
minecraft:redstone_wire[east=side,north=side,power=0,south=side,west=up]	880
minecraft:redstone_wire[east=side,north=side,power=0,south=up,west=none]	880
minecraft:redstone_wire[east=side,north=side,power=0,south=up,west=side]	880
minecraft:redstone_wire[east=side,north=side,power=0,south=up,west=up]	880
minecraft:redstone_wire[east=side,north=side,power=1,south=none,west=none]	881
minecraft:redstone_wire[east=side,north=side,power=1,south=none,west=side]	881
minecraft:redstone_wire[east=side,north=side,power=1,south=none,west=up]	881
minecraft:redstone_wire[east=side,north=side,power=1,south=side,west=none]	881
minecraft:redstone_wire[east=side,north=side,power=1,south=side,west=side]	881
minecraft:redstone_wire[east=side,north=side,power=1,south=side,west=up]	881
minecraft:redstone_wire[east=side,north=side,power=1,south=up,west=none]	881
minecraft:redstone_wire[east=side,north=side,power=1,south=up,west=side]	881
minecraft:redstone_wire[east=side,north=side,power=1,south=up,west=up]	881
minecraft:redstone_wire[east=side,north=side,power=10,south=none,west=none]	890
minecraft:redstone_wire[east=side,north=side,power=10,south=none,west=side]	890
minecraft:redstone_wire[east=side,north=side,power=10,south=none,west=up]	890
minecraft:redstone_wire[east=side,north=side,power=10,south=side,west=none]	890
minecraft:redstone_wire[east=side,north=side,power=10,south=side,west=side]	890
minecraft:redstone_wire[east=side,north=side,power=10,south=side,west=up]	890
minecraft:redstone_wire[east=side,north=side,power=10,south=up,west=none]	890
minecraft:redstone_wire[east=side,north=side,power=10,south=up,west=side]	890
minecraft:redstone_wire[east=side,north=side,power=10,south=up,west=up]	890
minecraft:redstone_wire[east=side,north=side,power=11,south=none,west=none]	891
minecraft:redstone_wire[east=side,north=side,power=11,south=none,west=side]	891
minecraft:redstone_wire[east=side,north=side,power=11,south=none,west=up]	891
minecraft:redstone_wire[east=side,north=side,power=11,south=side,west=none]	891
minecraft:redstone_wire[east=side,north=side,power=11,south=side,west=side]	891
minecraft:redstone_wire[east=side,north=side,power=11,south=side,west=up]	891
minecraft:redstone_wire[east=side,north=side,power=11,south=up,west=none]	891
minecraft:redstone_wire[east=side,north=side,power=11,south=up,west=side]	891
minecraft:redstone_wire[east=side,north=side,power=11,south=up,west=up]	891
minecraft:redstone_wire[east=side,north=side,power=12,south=none,west=none]	892
minecraft:redstone_wire[east=side,north=side,power=12,south=none,west=side]	892
minecraft:redstone_wire[east=side,north=side,power=12,south=none,west=up]	892
minecraft:redstone_wire[east=side,north=side,power=12,south=side,west=none]	892
minecraft:redstone_wire[east=side,north=side,power=12,south=side,west=side]	892
minecraft:redstone_wire[east=side,north=side,power=12,south=side,west=up]	892
minecraft:redstone_wire[east=side,north=side,power=12,south=up,west=none]	892
minecraft:redstone_wire[east=side,north=side,power=12,south=up,west=side]	892
minecraft:redstone_wire[east=side,north=side,power=12,south=up,west=up]	892
minecraft:redstone_wire[east=side,north=side,power=13,south=none,west=none]	893
minecraft:redstone_wire[east=side,north=side,power=13,south=none,west=side]	893
minecraft:redstone_wire[east=side,north=side,power=13,south=none,west=up]	893
minecraft:redstone_wire[east=side,north=side,power=13,south=side,west=none]	893
minecraft:redstone_wire[east=side,north=side,power=13,south=side,west=side]	893
minecraft:redstone_wire[east=side,north=side,power=13,south=side,west=up]	893
minecraft:redstone_wire[east=side,north=side,power=13,south=up,west=none]	893
minecraft:redstone_wire[east=side,north=side,power=13,south=up,west=side]	893
minecraft:redstone_wire[east=side,north=side,power=13,south=up,west=up]	893
minecraft:redstone_wire[east=side,north=side,power=14,south=none,west=none]	894
minecraft:redstone_wire[east=side,north=side,power=14,south=none,west=side]	894
minecraft:redstone_wire[east=side,north=side,power=14,south=none,west=up]	894
minecraft:redstone_wire[east=side,north=side,power=14,south=side,west=none]	894
minecraft:redstone_wire[east=side,north=side,power=14,south=side,west=side]	894
minecraft:redstone_wire[east=side,north=side,power=14,south=side,west=up]	894
minecraft:redstone_wire[east=side,north=side,power=14,south=up,west=none]	894
minecraft:redstone_wire[east=side,north=side,power=14,south=up,west=side]	894
minecraft:redstone_wire[east=side,north=side,power=14,south=up,west=up]	894
minecraft:redstone_wire[east=side,north=side,power=15,south=none,west=none]	895
minecraft:redstone_wire[east=side,north=side,power=15,south=none,west=side]	895
minecraft:redstone_wire[east=side,north=side,power=15,south=none,west=up]	895
minecraft:redstone_wire[east=side,north=side,power=15,south=side,west=none]	895
minecraft:redstone_wire[east=side,north=side,power=15,south=side,west=side]	895
minecraft:redstone_wire[east=side,north=side,power=15,south=side,west=up]	895
minecraft:redstone_wire[east=side,north=side,power=15,south=up,west=none]	895
minecraft:redstone_wire[east=side,north=side,power=15,south=up,west=side]	895
minecraft:redstone_wire[east=side,north=side,power=15,south=up,west=up]	895
minecraft:redstone_wire[east=side,north=side,power=2,south=none,west=none]	882
minecraft:redstone_wire[east=side,north=side,power=2,south=none,west=side]	882
minecraft:redstone_wire[east=side,north=side,power=2,south=none,west=up]	882
minecraft:redstone_wire[east=side,north=side,power=2,south=side,west=none]	882
minecraft:redstone_wire[east=side,north=side,power=2,south=side,west=side]	882
minecraft:redstone_wire[east=side,north=side,power=2,south=side,west=up]	882
minecraft:redstone_wire[east=side,north=side,power=2,south=up,west=none]	882
minecraft:redstone_wire[east=side,north=side,power=2,south=up,west=side]	882
minecraft:redstone_wire[east=side,north=side,power=2,south=up,west=up]	882
minecraft:redstone_wire[east=side,north=side,power=3,south=none,west=none]	883
minecraft:redstone_wire[east=side,north=side,power=3,south=none,west=side]	883
minecraft:redstone_wire[east=side,north=side,power=3,south=none,west=up]	883
minecraft:redstone_wire[east=side,north=side,power=3,south=side,west=none]	883
minecraft:redstone_wire[east=side,north=side,power=3,south=side,west=side]	883
minecraft:redstone_wire[east=side,north=side,power=3,south=side,west=up]	883
minecraft:redstone_wire[east=side,north=side,power=3,south=up,west=none]	883
minecraft:redstone_wire[east=side,north=side,power=3,south=up,west=side]	883
minecraft:redstone_wire[east=side,north=side,power=3,south=up,west=up]	883
minecraft:redstone_wire[east=side,north=side,power=4,south=none,west=none]	884
minecraft:redstone_wire[east=side,north=side,power=4,south=none,west=side]	884
minecraft:redstone_wire[east=side,north=side,power=4,south=none,west=up]	884
minecraft:redstone_wire[east=side,north=side,power=4,south=side,west=none]	884
minecraft:redstone_wire[east=side,north=side,power=4,south=side,west=side]	884
minecraft:redstone_wire[east=side,north=side,power=4,south=side,west=up]	884
minecraft:redstone_wire[east=side,north=side,power=4,south=up,west=none]	884
minecraft:redstone_wire[east=side,north=side,power=4,south=up,west=side]	884
minecraft:redstone_wire[east=side,north=side,power=4,south=up,west=up]	884
minecraft:redstone_wire[east=side,north=side,power=5,south=none,west=none]	885
minecraft:redstone_wire[east=side,north=side,power=5,south=none,west=side]	885
minecraft:redstone_wire[east=side,north=side,power=5,south=none,west=up]	885
minecraft:redstone_wire[east=side,north=side,power=5,south=side,west=none]	885
minecraft:redstone_wire[east=side,north=side,power=5,south=side,west=side]	885
minecraft:redstone_wire[east=side,north=side,power=5,south=side,west=up]	885
minecraft:redstone_wire[east=side,north=side,power=5,south=up,west=none]	885
minecraft:redstone_wire[east=side,north=side,power=5,south=up,west=side]	885
minecraft:redstone_wire[east=side,north=side,power=5,south=up,west=up]	885
minecraft:redstone_wire[east=side,north=side,power=6,south=none,west=none]	886
minecraft:redstone_wire[east=side,north=side,power=6,south=none,west=side]	886
minecraft:redstone_wire[east=side,north=side,power=6,south=none,west=up]	886
minecraft:redstone_wire[east=side,north=side,power=6,south=side,west=none]	886
minecraft:redstone_wire[east=side,north=side,power=6,south=side,west=side]	886
minecraft:redstone_wire[east=side,north=side,power=6,south=side,west=up]	886
minecraft:redstone_wire[east=side,north=side,power=6,south=up,west=none]	886
minecraft:redstone_wire[east=side,north=side,power=6,south=up,west=side]	886
minecraft:redstone_wire[east=side,north=side,power=6,south=up,west=up]	886
minecraft:redstone_wire[east=side,north=side,power=7,south=none,west=none]	887
minecraft:redstone_wire[east=side,north=side,power=7,south=none,west=side]	887
minecraft:redstone_wire[east=side,north=side,power=7,south=none,west=up]	887
minecraft:redstone_wire[east=side,north=side,power=7,south=side,west=none]	887
minecraft:redstone_wire[east=side,north=side,power=7,south=side,west=side]	887
minecraft:redstone_wire[east=side,north=side,power=7,south=side,west=up]	887
minecraft:redstone_wire[east=side,north=side,power=7,south=up,west=none]	887
minecraft:redstone_wire[east=side,north=side,power=7,south=up,west=side]	887
minecraft:redstone_wire[east=side,north=side,power=7,south=up,west=up]	887
minecraft:redstone_wire[east=side,north=side,power=8,south=none,west=none]	888
minecraft:redstone_wire[east=side,north=side,power=8,south=none,west=side]	888
minecraft:redstone_wire[east=side,north=side,power=8,south=none,west=up]	888
minecraft:redstone_wire[east=side,north=side,power=8,south=side,west=none]	888
minecraft:redstone_wire[east=side,north=side,power=8,south=side,west=side]	888
minecraft:redstone_wire[east=side,north=side,power=8,south=side,west=up]	888
minecraft:redstone_wire[east=side,north=side,power=8,south=up,west=none]	888
minecraft:redstone_wire[east=side,north=side,power=8,south=up,west=side]	888
minecraft:redstone_wire[east=side,north=side,power=8,south=up,west=up]	888
minecraft:redstone_wire[east=side,north=side,power=9,south=none,west=none]	889
minecraft:redstone_wire[east=side,north=side,power=9,south=none,west=side]	889
minecraft:redstone_wire[east=side,north=side,power=9,south=none,west=up]	889
minecraft:redstone_wire[east=side,north=side,power=9,south=side,west=none]	889
minecraft:redstone_wire[east=side,north=side,power=9,south=side,west=side]	889
minecraft:redstone_wire[east=side,north=side,power=9,south=side,west=up]	889
minecraft:redstone_wire[east=side,north=side,power=9,south=up,west=none]	889
minecraft:redstone_wire[east=side,north=side,power=9,south=up,west=side]	889
minecraft:redstone_wire[east=side,north=side,power=9,south=up,west=up]	889
minecraft:redstone_wire[east=side,north=up,power=0,south=none,west=none]	880
minecraft:redstone_wire[east=side,north=up,power=0,south=none,west=side]	880
minecraft:redstone_wire[east=side,north=up,power=0,south=none,west=up]	880
minecraft:redstone_wire[east=side,north=up,power=0,south=side,west=none]	880
minecraft:redstone_wire[east=side,north=up,power=0,south=side,west=side]	880
minecraft:redstone_wire[east=side,north=up,power=0,south=side,west=up]	880
minecraft:redstone_wire[east=side,north=up,power=0,south=up,west=none]	880
minecraft:redstone_wire[east=side,north=up,power=0,south=up,west=side]	880
minecraft:redstone_wire[east=side,north=up,power=0,south=up,west=up]	880
minecraft:redstone_wire[east=side,north=up,power=1,south=none,west=none]	881
minecraft:redstone_wire[east=side,north=up,power=1,south=none,west=side]	881
minecraft:redstone_wire[east=side,north=up,power=1,south=none,west=up]	881
minecraft:redstone_wire[east=side,north=up,power=1,south=side,west=none]	881
minecraft:redstone_wire[east=side,north=up,power=1,south=side,west=side]	881
minecraft:redstone_wire[east=side,north=up,power=1,south=side,west=up]	881
minecraft:redstone_wire[east=side,north=up,power=1,south=up,west=none]	881
minecraft:redstone_wire[east=side,north=up,power=1,south=up,west=side]	881
minecraft:redstone_wire[east=side,north=up,power=1,south=up,west=up]	881
minecraft:redstone_wire[east=side,north=up,power=10,south=none,west=none]	890
minecraft:redstone_wire[east=side,north=up,power=10,south=none,west=side]	890
minecraft:redstone_wire[east=side,north=up,power=10,south=none,west=up]	890
minecraft:redstone_wire[east=side,north=up,power=10,south=side,west=none]	890
minecraft:redstone_wire[east=side,north=up,power=10,south=side,west=side]	890
minecraft:redstone_wire[east=side,north=up,power=10,south=side,west=up]	890
minecraft:redstone_wire[east=side,north=up,power=10,south=up,west=none]	890
minecraft:redstone_wire[east=side,north=up,power=10,south=up,west=side]	890
minecraft:redstone_wire[east=side,north=up,power=10,south=up,west=up]	890
minecraft:redstone_wire[east=side,north=up,power=11,south=none,west=none]	891
minecraft:redstone_wire[east=side,north=up,power=11,south=none,west=side]	891
minecraft:redstone_wire[east=side,north=up,power=11,south=none,west=up]	891
minecraft:redstone_wire[east=side,north=up,power=11,south=side,west=none]	891
minecraft:redstone_wire[east=side,north=up,power=11,south=side,west=side]	891
minecraft:redstone_wire[east=side,north=up,power=11,south=side,west=up]	891
minecraft:redstone_wire[east=side,north=up,power=11,south=up,west=none]	891
minecraft:redstone_wire[east=side,north=up,power=11,south=up,west=side]	891
minecraft:redstone_wire[east=side,north=up,power=11,south=up,west=up]	891
minecraft:redstone_wire[east=side,north=up,power=12,south=none,west=none]	892
minecraft:redstone_wire[east=side,north=up,power=12,south=none,west=side]	892
minecraft:redstone_wire[east=side,north=up,power=12,south=none,west=up]	892
minecraft:redstone_wire[east=side,north=up,power=12,south=side,west=none]	892
minecraft:redstone_wire[east=side,north=up,power=12,south=side,west=side]	892
minecraft:redstone_wire[east=side,north=up,power=12,south=side,west=up]	892
minecraft:redstone_wire[east=side,north=up,power=12,south=up,west=none]	892
minecraft:redstone_wire[east=side,north=up,power=12,south=up,west=side]	892
minecraft:redstone_wire[east=side,north=up,power=12,south=up,west=up]	892
minecraft:redstone_wire[east=side,north=up,power=13,south=none,west=none]	893
minecraft:redstone_wire[east=side,north=up,power=13,south=none,west=side]	893
minecraft:redstone_wire[east=side,north=up,power=13,south=none,west=up]	893
minecraft:redstone_wire[east=side,north=up,power=13,south=side,west=none]	893
minecraft:redstone_wire[east=side,north=up,power=13,south=side,west=side]	893
minecraft:redstone_wire[east=side,north=up,power=13,south=side,west=up]	893
minecraft:redstone_wire[east=side,north=up,power=13,south=up,west=none]	893
minecraft:redstone_wire[east=side,north=up,power=13,south=up,west=side]	893
minecraft:redstone_wire[east=side,north=up,power=13,south=up,west=up]	893
minecraft:redstone_wire[east=side,north=up,power=14,south=none,west=none]	894
minecraft:redstone_wire[east=side,north=up,power=14,south=none,west=side]	894
minecraft:redstone_wire[east=side,north=up,power=14,south=none,west=up]	894
minecraft:redstone_wire[east=side,north=up,power=14,south=side,west=none]	894
minecraft:redstone_wire[east=side,north=up,power=14,south=side,west=side]	894
minecraft:redstone_wire[east=side,north=up,power=14,south=side,west=up]	894
minecraft:redstone_wire[east=side,north=up,power=14,south=up,west=none]	894
minecraft:redstone_wire[east=side,north=up,power=14,south=up,west=side]	894
minecraft:redstone_wire[east=side,north=up,power=14,south=up,west=up]	894
minecraft:redstone_wire[east=side,north=up,power=15,south=none,west=none]	895
minecraft:redstone_wire[east=side,north=up,power=15,south=none,west=side]	895
minecraft:redstone_wire[east=side,north=up,power=15,south=none,west=up]	895
minecraft:redstone_wire[east=side,north=up,power=15,south=side,west=none]	895
minecraft:redstone_wire[east=side,north=up,power=15,south=side,west=side]	895
minecraft:redstone_wire[east=side,north=up,power=15,south=side,west=up]	895
minecraft:redstone_wire[east=side,north=up,power=15,south=up,west=none]	895
minecraft:redstone_wire[east=side,north=up,power=15,south=up,west=side]	895
minecraft:redstone_wire[east=side,north=up,power=15,south=up,west=up]	895
minecraft:redstone_wire[east=side,north=up,power=2,south=none,west=none]	882
minecraft:redstone_wire[east=side,north=up,power=2,south=none,west=side]	882
minecraft:redstone_wire[east=side,north=up,power=2,south=none,west=up]	882
minecraft:redstone_wire[east=side,north=up,power=2,south=side,west=none]	882
minecraft:redstone_wire[east=side,north=up,power=2,south=side,west=side]	882
minecraft:redstone_wire[east=side,north=up,power=2,south=side,west=up]	882
minecraft:redstone_wire[east=side,north=up,power=2,south=up,west=none]	882
minecraft:redstone_wire[east=side,north=up,power=2,south=up,west=side]	882
minecraft:redstone_wire[east=side,north=up,power=2,south=up,west=up]	882
minecraft:redstone_wire[east=side,north=up,power=3,south=none,west=none]	883
minecraft:redstone_wire[east=side,north=up,power=3,south=none,west=side]	883
minecraft:redstone_wire[east=side,north=up,power=3,south=none,west=up]	883
minecraft:redstone_wire[east=side,north=up,power=3,south=side,west=none]	883
minecraft:redstone_wire[east=side,north=up,power=3,south=side,west=side]	883
minecraft:redstone_wire[east=side,north=up,power=3,south=side,west=up]	883
minecraft:redstone_wire[east=side,north=up,power=3,south=up,west=none]	883
minecraft:redstone_wire[east=side,north=up,power=3,south=up,west=side]	883
minecraft:redstone_wire[east=side,north=up,power=3,south=up,west=up]	883
minecraft:redstone_wire[east=side,north=up,power=4,south=none,west=none]	884
minecraft:redstone_wire[east=side,north=up,power=4,south=none,west=side]	884
minecraft:redstone_wire[east=side,north=up,power=4,south=none,west=up]	884
minecraft:redstone_wire[east=side,north=up,power=4,south=side,west=none]	884
minecraft:redstone_wire[east=side,north=up,power=4,south=side,west=side]	884
minecraft:redstone_wire[east=side,north=up,power=4,south=side,west=up]	884
minecraft:redstone_wire[east=side,north=up,power=4,south=up,west=none]	884
minecraft:redstone_wire[east=side,north=up,power=4,south=up,west=side]	884
minecraft:redstone_wire[east=side,north=up,power=4,south=up,west=up]	884
minecraft:redstone_wire[east=side,north=up,power=5,south=none,west=none]	885
minecraft:redstone_wire[east=side,north=up,power=5,south=none,west=side]	885
minecraft:redstone_wire[east=side,north=up,power=5,south=none,west=up]	885
minecraft:redstone_wire[east=side,north=up,power=5,south=side,west=none]	885
minecraft:redstone_wire[east=side,north=up,power=5,south=side,west=side]	885
minecraft:redstone_wire[east=side,north=up,power=5,south=side,west=up]	885
minecraft:redstone_wire[east=side,north=up,power=5,south=up,west=none]	885
minecraft:redstone_wire[east=side,north=up,power=5,south=up,west=side]	885
minecraft:redstone_wire[east=side,north=up,power=5,south=up,west=up]	885
minecraft:redstone_wire[east=side,north=up,power=6,south=none,west=none]	886
minecraft:redstone_wire[east=side,north=up,power=6,south=none,west=side]	886
minecraft:redstone_wire[east=side,north=up,power=6,south=none,west=up]	886
minecraft:redstone_wire[east=side,north=up,power=6,south=side,west=none]	886
minecraft:redstone_wire[east=side,north=up,power=6,south=side,west=side]	886
minecraft:redstone_wire[east=side,north=up,power=6,south=side,west=up]	886
minecraft:redstone_wire[east=side,north=up,power=6,south=up,west=none]	886
minecraft:redstone_wire[east=side,north=up,power=6,south=up,west=side]	886
minecraft:redstone_wire[east=side,north=up,power=6,south=up,west=up]	886
minecraft:redstone_wire[east=side,north=up,power=7,south=none,west=none]	887
minecraft:redstone_wire[east=side,north=up,power=7,south=none,west=side]	887
minecraft:redstone_wire[east=side,north=up,power=7,south=none,west=up]	887
minecraft:redstone_wire[east=side,north=up,power=7,south=side,west=none]	887
minecraft:redstone_wire[east=side,north=up,power=7,south=side,west=side]	887
minecraft:redstone_wire[east=side,north=up,power=7,south=side,west=up]	887
minecraft:redstone_wire[east=side,north=up,power=7,south=up,west=none]	887
minecraft:redstone_wire[east=side,north=up,power=7,south=up,west=side]	887
minecraft:redstone_wire[east=side,north=up,power=7,south=up,west=up]	887
minecraft:redstone_wire[east=side,north=up,power=8,south=none,west=none]	888
minecraft:redstone_wire[east=side,north=up,power=8,south=none,west=side]	888
minecraft:redstone_wire[east=side,north=up,power=8,south=none,west=up]	888
minecraft:redstone_wire[east=side,north=up,power=8,south=side,west=none]	888
minecraft:redstone_wire[east=side,north=up,power=8,south=side,west=side]	888
minecraft:redstone_wire[east=side,north=up,power=8,south=side,west=up]	888
minecraft:redstone_wire[east=side,north=up,power=8,south=up,west=none]	888
minecraft:redstone_wire[east=side,north=up,power=8,south=up,west=side]	888
minecraft:redstone_wire[east=side,north=up,power=8,south=up,west=up]	888
minecraft:redstone_wire[east=side,north=up,power=9,south=none,west=none]	889
minecraft:redstone_wire[east=side,north=up,power=9,south=none,west=side]	889
minecraft:redstone_wire[east=side,north=up,power=9,south=none,west=up]	889
minecraft:redstone_wire[east=side,north=up,power=9,south=side,west=none]	889
minecraft:redstone_wire[east=side,north=up,power=9,south=side,west=side]	889
minecraft:redstone_wire[east=side,north=up,power=9,south=side,west=up]	889
minecraft:redstone_wire[east=side,north=up,power=9,south=up,west=none]	889
minecraft:redstone_wire[east=side,north=up,power=9,south=up,west=side]	889
minecraft:redstone_wire[east=side,north=up,power=9,south=up,west=up]	889
minecraft:redstone_wire[east=up,north=none,power=0,south=none,west=none]	880
minecraft:redstone_wire[east=up,north=none,power=0,south=none,west=side]	880
minecraft:redstone_wire[east=up,north=none,power=0,south=none,west=up]	880
minecraft:redstone_wire[east=up,north=none,power=0,south=side,west=none]	880
minecraft:redstone_wire[east=up,north=none,power=0,south=side,west=side]	880
minecraft:redstone_wire[east=up,north=none,power=0,south=side,west=up]	880
minecraft:redstone_wire[east=up,north=none,power=0,south=up,west=none]	880
minecraft:redstone_wire[east=up,north=none,power=0,south=up,west=side]	880
minecraft:redstone_wire[east=up,north=none,power=0,south=up,west=up]	880
minecraft:redstone_wire[east=up,north=none,power=1,south=none,west=none]	881
minecraft:redstone_wire[east=up,north=none,power=1,south=none,west=side]	881
minecraft:redstone_wire[east=up,north=none,power=1,south=none,west=up]	881
minecraft:redstone_wire[east=up,north=none,power=1,south=side,west=none]	881
minecraft:redstone_wire[east=up,north=none,power=1,south=side,west=side]	881
minecraft:redstone_wire[east=up,north=none,power=1,south=side,west=up]	881
minecraft:redstone_wire[east=up,north=none,power=1,south=up,west=none]	881
minecraft:redstone_wire[east=up,north=none,power=1,south=up,west=side]	881
minecraft:redstone_wire[east=up,north=none,power=1,south=up,west=up]	881
minecraft:redstone_wire[east=up,north=none,power=10,south=none,west=none]	890
minecraft:redstone_wire[east=up,north=none,power=10,south=none,west=side]	890
minecraft:redstone_wire[east=up,north=none,power=10,south=none,west=up]	890
minecraft:redstone_wire[east=up,north=none,power=10,south=side,west=none]	890
minecraft:redstone_wire[east=up,north=none,power=10,south=side,west=side]	890
minecraft:redstone_wire[east=up,north=none,power=10,south=side,west=up]	890
minecraft:redstone_wire[east=up,north=none,power=10,south=up,west=none]	890
minecraft:redstone_wire[east=up,north=none,power=10,south=up,west=side]	890
minecraft:redstone_wire[east=up,north=none,power=10,south=up,west=up]	890
minecraft:redstone_wire[east=up,north=none,power=11,south=none,west=none]	891
minecraft:redstone_wire[east=up,north=none,power=11,south=none,west=side]	891
minecraft:redstone_wire[east=up,north=none,power=11,south=none,west=up]	891
minecraft:redstone_wire[east=up,north=none,power=11,south=side,west=none]	891
minecraft:redstone_wire[east=up,north=none,power=11,south=side,west=side]	891
minecraft:redstone_wire[east=up,north=none,power=11,south=side,west=up]	891
minecraft:redstone_wire[east=up,north=none,power=11,south=up,west=none]	891
minecraft:redstone_wire[east=up,north=none,power=11,south=up,west=side]	891
minecraft:redstone_wire[east=up,north=none,power=11,south=up,west=up]	891
minecraft:redstone_wire[east=up,north=none,power=12,south=none,west=none]	892
minecraft:redstone_wire[east=up,north=none,power=12,south=none,west=side]	892
minecraft:redstone_wire[east=up,north=none,power=12,south=none,west=up]	892
minecraft:redstone_wire[east=up,north=none,power=12,south=side,west=none]	892
minecraft:redstone_wire[east=up,north=none,power=12,south=side,west=side]	892
minecraft:redstone_wire[east=up,north=none,power=12,south=side,west=up]	892
minecraft:redstone_wire[east=up,north=none,power=12,south=up,west=none]	892
minecraft:redstone_wire[east=up,north=none,power=12,south=up,west=side]	892
minecraft:redstone_wire[east=up,north=none,power=12,south=up,west=up]	892
minecraft:redstone_wire[east=up,north=none,power=13,south=none,west=none]	893
minecraft:redstone_wire[east=up,north=none,power=13,south=none,west=side]	893
minecraft:redstone_wire[east=up,north=none,power=13,south=none,west=up]	893
minecraft:redstone_wire[east=up,north=none,power=13,south=side,west=none]	893
minecraft:redstone_wire[east=up,north=none,power=13,south=side,west=side]	893
minecraft:redstone_wire[east=up,north=none,power=13,south=side,west=up]	893
minecraft:redstone_wire[east=up,north=none,power=13,south=up,west=none]	893
minecraft:redstone_wire[east=up,north=none,power=13,south=up,west=side]	893
minecraft:redstone_wire[east=up,north=none,power=13,south=up,west=up]	893
minecraft:redstone_wire[east=up,north=none,power=14,south=none,west=none]	894
minecraft:redstone_wire[east=up,north=none,power=14,south=none,west=side]	894
minecraft:redstone_wire[east=up,north=none,power=14,south=none,west=up]	894
minecraft:redstone_wire[east=up,north=none,power=14,south=side,west=none]	894
minecraft:redstone_wire[east=up,north=none,power=14,south=side,west=side]	894
minecraft:redstone_wire[east=up,north=none,power=14,south=side,west=up]	894
minecraft:redstone_wire[east=up,north=none,power=14,south=up,west=none]	894
minecraft:redstone_wire[east=up,north=none,power=14,south=up,west=side]	894
minecraft:redstone_wire[east=up,north=none,power=14,south=up,west=up]	894
minecraft:redstone_wire[east=up,north=none,power=15,south=none,west=none]	895
minecraft:redstone_wire[east=up,north=none,power=15,south=none,west=side]	895
minecraft:redstone_wire[east=up,north=none,power=15,south=none,west=up]	895
minecraft:redstone_wire[east=up,north=none,power=15,south=side,west=none]	895
minecraft:redstone_wire[east=up,north=none,power=15,south=side,west=side]	895
minecraft:redstone_wire[east=up,north=none,power=15,south=side,west=up]	895
minecraft:redstone_wire[east=up,north=none,power=15,south=up,west=none]	895
minecraft:redstone_wire[east=up,north=none,power=15,south=up,west=side]	895
minecraft:redstone_wire[east=up,north=none,power=15,south=up,west=up]	895
minecraft:redstone_wire[east=up,north=none,power=2,south=none,west=none]	882
minecraft:redstone_wire[east=up,north=none,power=2,south=none,west=side]	882
minecraft:redstone_wire[east=up,north=none,power=2,south=none,west=up]	882
minecraft:redstone_wire[east=up,north=none,power=2,south=side,west=none]	882
minecraft:redstone_wire[east=up,north=none,power=2,south=side,west=side]	882
minecraft:redstone_wire[east=up,north=none,power=2,south=side,west=up]	882
minecraft:redstone_wire[east=up,north=none,power=2,south=up,west=none]	882
minecraft:redstone_wire[east=up,north=none,power=2,south=up,west=side]	882
minecraft:redstone_wire[east=up,north=none,power=2,south=up,west=up]	882
minecraft:redstone_wire[east=up,north=none,power=3,south=none,west=none]	883
minecraft:redstone_wire[east=up,north=none,power=3,south=none,west=side]	883
minecraft:redstone_wire[east=up,north=none,power=3,south=none,west=up]	883
minecraft:redstone_wire[east=up,north=none,power=3,south=side,west=none]	883
minecraft:redstone_wire[east=up,north=none,power=3,south=side,west=side]	883
minecraft:redstone_wire[east=up,north=none,power=3,south=side,west=up]	883
minecraft:redstone_wire[east=up,north=none,power=3,south=up,west=none]	883
minecraft:redstone_wire[east=up,north=none,power=3,south=up,west=side]	883
minecraft:redstone_wire[east=up,north=none,power=3,south=up,west=up]	883
minecraft:redstone_wire[east=up,north=none,power=4,south=none,west=none]	884
minecraft:redstone_wire[east=up,north=none,power=4,south=none,west=side]	884
minecraft:redstone_wire[east=up,north=none,power=4,south=none,west=up]	884
minecraft:redstone_wire[east=up,north=none,power=4,south=side,west=none]	884
minecraft:redstone_wire[east=up,north=none,power=4,south=side,west=side]	884
minecraft:redstone_wire[east=up,north=none,power=4,south=side,west=up]	884
minecraft:redstone_wire[east=up,north=none,power=4,south=up,west=none]	884
minecraft:redstone_wire[east=up,north=none,power=4,south=up,west=side]	884
minecraft:redstone_wire[east=up,north=none,power=4,south=up,west=up]	884
minecraft:redstone_wire[east=up,north=none,power=5,south=none,west=none]	885
minecraft:redstone_wire[east=up,north=none,power=5,south=none,west=side]	885
minecraft:redstone_wire[east=up,north=none,power=5,south=none,west=up]	885
minecraft:redstone_wire[east=up,north=none,power=5,south=side,west=none]	885
minecraft:redstone_wire[east=up,north=none,power=5,south=side,west=side]	885
minecraft:redstone_wire[east=up,north=none,power=5,south=side,west=up]	885
minecraft:redstone_wire[east=up,north=none,power=5,south=up,west=none]	885
minecraft:redstone_wire[east=up,north=none,power=5,south=up,west=side]	885
minecraft:redstone_wire[east=up,north=none,power=5,south=up,west=up]	885
minecraft:redstone_wire[east=up,north=none,power=6,south=none,west=none]	886
minecraft:redstone_wire[east=up,north=none,power=6,south=none,west=side]	886
minecraft:redstone_wire[east=up,north=none,power=6,south=none,west=up]	886
minecraft:redstone_wire[east=up,north=none,power=6,south=side,west=none]	886
minecraft:redstone_wire[east=up,north=none,power=6,south=side,west=side]	886
minecraft:redstone_wire[east=up,north=none,power=6,south=side,west=up]	886
minecraft:redstone_wire[east=up,north=none,power=6,south=up,west=none]	886
minecraft:redstone_wire[east=up,north=none,power=6,south=up,west=side]	886
minecraft:redstone_wire[east=up,north=none,power=6,south=up,west=up]	886
minecraft:redstone_wire[east=up,north=none,power=7,south=none,west=none]	887
minecraft:redstone_wire[east=up,north=none,power=7,south=none,west=side]	887
minecraft:redstone_wire[east=up,north=none,power=7,south=none,west=up]	887
minecraft:redstone_wire[east=up,north=none,power=7,south=side,west=none]	887
minecraft:redstone_wire[east=up,north=none,power=7,south=side,west=side]	887
minecraft:redstone_wire[east=up,north=none,power=7,south=side,west=up]	887
minecraft:redstone_wire[east=up,north=none,power=7,south=up,west=none]	887
minecraft:redstone_wire[east=up,north=none,power=7,south=up,west=side]	887
minecraft:redstone_wire[east=up,north=none,power=7,south=up,west=up]	887
minecraft:redstone_wire[east=up,north=none,power=8,south=none,west=none]	888
minecraft:redstone_wire[east=up,north=none,power=8,south=none,west=side]	888
minecraft:redstone_wire[east=up,north=none,power=8,south=none,west=up]	888
minecraft:redstone_wire[east=up,north=none,power=8,south=side,west=none]	888
minecraft:redstone_wire[east=up,north=none,power=8,south=side,west=side]	888
minecraft:redstone_wire[east=up,north=none,power=8,south=side,west=up]	888
minecraft:redstone_wire[east=up,north=none,power=8,south=up,west=none]	888
minecraft:redstone_wire[east=up,north=none,power=8,south=up,west=side]	888
minecraft:redstone_wire[east=up,north=none,power=8,south=up,west=up]	888
minecraft:redstone_wire[east=up,north=none,power=9,south=none,west=none]	889
minecraft:redstone_wire[east=up,north=none,power=9,south=none,west=side]	889
minecraft:redstone_wire[east=up,north=none,power=9,south=none,west=up]	889
minecraft:redstone_wire[east=up,north=none,power=9,south=side,west=none]	889
minecraft:redstone_wire[east=up,north=none,power=9,south=side,west=side]	889
minecraft:redstone_wire[east=up,north=none,power=9,south=side,west=up]	889
minecraft:redstone_wire[east=up,north=none,power=9,south=up,west=none]	889
minecraft:redstone_wire[east=up,north=none,power=9,south=up,west=side]	889
minecraft:redstone_wire[east=up,north=none,power=9,south=up,west=up]	889
minecraft:redstone_wire[east=up,north=side,power=0,south=none,west=none]	880
minecraft:redstone_wire[east=up,north=side,power=0,south=none,west=side]	880
minecraft:redstone_wire[east=up,north=side,power=0,south=none,west=up]	880
minecraft:redstone_wire[east=up,north=side,power=0,south=side,west=none]	880
minecraft:redstone_wire[east=up,north=side,power=0,south=side,west=side]	880
minecraft:redstone_wire[east=up,north=side,power=0,south=side,west=up]	880
minecraft:redstone_wire[east=up,north=side,power=0,south=up,west=none]	880
minecraft:redstone_wire[east=up,north=side,power=0,south=up,west=side]	880
minecraft:redstone_wire[east=up,north=side,power=0,south=up,west=up]	880
minecraft:redstone_wire[east=up,north=side,power=1,south=none,west=none]	881
minecraft:redstone_wire[east=up,north=side,power=1,south=none,west=side]	881
minecraft:redstone_wire[east=up,north=side,power=1,south=none,west=up]	881
minecraft:redstone_wire[east=up,north=side,power=1,south=side,west=none]	881
minecraft:redstone_wire[east=up,north=side,power=1,south=side,west=side]	881
minecraft:redstone_wire[east=up,north=side,power=1,south=side,west=up]	881
minecraft:redstone_wire[east=up,north=side,power=1,south=up,west=none]	881
minecraft:redstone_wire[east=up,north=side,power=1,south=up,west=side]	881
minecraft:redstone_wire[east=up,north=side,power=1,south=up,west=up]	881
minecraft:redstone_wire[east=up,north=side,power=10,south=none,west=none]	890
minecraft:redstone_wire[east=up,north=side,power=10,south=none,west=side]	890
minecraft:redstone_wire[east=up,north=side,power=10,south=none,west=up]	890
minecraft:redstone_wire[east=up,north=side,power=10,south=side,west=none]	890
minecraft:redstone_wire[east=up,north=side,power=10,south=side,west=side]	890
minecraft:redstone_wire[east=up,north=side,power=10,south=side,west=up]	890
minecraft:redstone_wire[east=up,north=side,power=10,south=up,west=none]	890
minecraft:redstone_wire[east=up,north=side,power=10,south=up,west=side]	890
minecraft:redstone_wire[east=up,north=side,power=10,south=up,west=up]	890
minecraft:redstone_wire[east=up,north=side,power=11,south=none,west=none]	891
minecraft:redstone_wire[east=up,north=side,power=11,south=none,west=side]	891
minecraft:redstone_wire[east=up,north=side,power=11,south=none,west=up]	891
minecraft:redstone_wire[east=up,north=side,power=11,south=side,west=none]	891
minecraft:redstone_wire[east=up,north=side,power=11,south=side,west=side]	891
minecraft:redstone_wire[east=up,north=side,power=11,south=side,west=up]	891
minecraft:redstone_wire[east=up,north=side,power=11,south=up,west=none]	891
minecraft:redstone_wire[east=up,north=side,power=11,south=up,west=side]	891
minecraft:redstone_wire[east=up,north=side,power=11,south=up,west=up]	891
minecraft:redstone_wire[east=up,north=side,power=12,south=none,west=none]	892
minecraft:redstone_wire[east=up,north=side,power=12,south=none,west=side]	892
minecraft:redstone_wire[east=up,north=side,power=12,south=none,west=up]	892
minecraft:redstone_wire[east=up,north=side,power=12,south=side,west=none]	892
minecraft:redstone_wire[east=up,north=side,power=12,south=side,west=side]	892
minecraft:redstone_wire[east=up,north=side,power=12,south=side,west=up]	892
minecraft:redstone_wire[east=up,north=side,power=12,south=up,west=none]	892
minecraft:redstone_wire[east=up,north=side,power=12,south=up,west=side]	892
minecraft:redstone_wire[east=up,north=side,power=12,south=up,west=up]	892
minecraft:redstone_wire[east=up,north=side,power=13,south=none,west=none]	893
minecraft:redstone_wire[east=up,north=side,power=13,south=none,west=side]	893
minecraft:redstone_wire[east=up,north=side,power=13,south=none,west=up]	893
minecraft:redstone_wire[east=up,north=side,power=13,south=side,west=none]	893
minecraft:redstone_wire[east=up,north=side,power=13,south=side,west=side]	893
minecraft:redstone_wire[east=up,north=side,power=13,south=side,west=up]	893
minecraft:redstone_wire[east=up,north=side,power=13,south=up,west=none]	893
minecraft:redstone_wire[east=up,north=side,power=13,south=up,west=side]	893
minecraft:redstone_wire[east=up,north=side,power=13,south=up,west=up]	893
minecraft:redstone_wire[east=up,north=side,power=14,south=none,west=none]	894
minecraft:redstone_wire[east=up,north=side,power=14,south=none,west=side]	894
minecraft:redstone_wire[east=up,north=side,power=14,south=none,west=up]	894
minecraft:redstone_wire[east=up,north=side,power=14,south=side,west=none]	894
minecraft:redstone_wire[east=up,north=side,power=14,south=side,west=side]	894
minecraft:redstone_wire[east=up,north=side,power=14,south=side,west=up]	894
minecraft:redstone_wire[east=up,north=side,power=14,south=up,west=none]	894
minecraft:redstone_wire[east=up,north=side,power=14,south=up,west=side]	894
minecraft:redstone_wire[east=up,north=side,power=14,south=up,west=up]	894
minecraft:redstone_wire[east=up,north=side,power=15,south=none,west=none]	895
minecraft:redstone_wire[east=up,north=side,power=15,south=none,west=side]	895
minecraft:redstone_wire[east=up,north=side,power=15,south=none,west=up]	895
minecraft:redstone_wire[east=up,north=side,power=15,south=side,west=none]	895
minecraft:redstone_wire[east=up,north=side,power=15,south=side,west=side]	895
minecraft:redstone_wire[east=up,north=side,power=15,south=side,west=up]	895
minecraft:redstone_wire[east=up,north=side,power=15,south=up,west=none]	895
minecraft:redstone_wire[east=up,north=side,power=15,south=up,west=side]	895
minecraft:redstone_wire[east=up,north=side,power=15,south=up,west=up]	895
minecraft:redstone_wire[east=up,north=side,power=2,south=none,west=none]	882
minecraft:redstone_wire[east=up,north=side,power=2,south=none,west=side]	882
minecraft:redstone_wire[east=up,north=side,power=2,south=none,west=up]	882
minecraft:redstone_wire[east=up,north=side,power=2,south=side,west=none]	882
minecraft:redstone_wire[east=up,north=side,power=2,south=side,west=side]	882
minecraft:redstone_wire[east=up,north=side,power=2,south=side,west=up]	882
minecraft:redstone_wire[east=up,north=side,power=2,south=up,west=none]	882
minecraft:redstone_wire[east=up,north=side,power=2,south=up,west=side]	882
minecraft:redstone_wire[east=up,north=side,power=2,south=up,west=up]	882
minecraft:redstone_wire[east=up,north=side,power=3,south=none,west=none]	883
minecraft:redstone_wire[east=up,north=side,power=3,south=none,west=side]	883
minecraft:redstone_wire[east=up,north=side,power=3,south=none,west=up]	883
minecraft:redstone_wire[east=up,north=side,power=3,south=side,west=none]	883
minecraft:redstone_wire[east=up,north=side,power=3,south=side,west=side]	883
minecraft:redstone_wire[east=up,north=side,power=3,south=side,west=up]	883
minecraft:redstone_wire[east=up,north=side,power=3,south=up,west=none]	883
minecraft:redstone_wire[east=up,north=side,power=3,south=up,west=side]	883
minecraft:redstone_wire[east=up,north=side,power=3,south=up,west=up]	883
minecraft:redstone_wire[east=up,north=side,power=4,south=none,west=none]	884
minecraft:redstone_wire[east=up,north=side,power=4,south=none,west=side]	884
minecraft:redstone_wire[east=up,north=side,power=4,south=none,west=up]	884
minecraft:redstone_wire[east=up,north=side,power=4,south=side,west=none]	884
minecraft:redstone_wire[east=up,north=side,power=4,south=side,west=side]	884
minecraft:redstone_wire[east=up,north=side,power=4,south=side,west=up]	884
minecraft:redstone_wire[east=up,north=side,power=4,south=up,west=none]	884
minecraft:redstone_wire[east=up,north=side,power=4,south=up,west=side]	884
minecraft:redstone_wire[east=up,north=side,power=4,south=up,west=up]	884
minecraft:redstone_wire[east=up,north=side,power=5,south=none,west=none]	885
minecraft:redstone_wire[east=up,north=side,power=5,south=none,west=side]	885
minecraft:redstone_wire[east=up,north=side,power=5,south=none,west=up]	885
minecraft:redstone_wire[east=up,north=side,power=5,south=side,west=none]	885
minecraft:redstone_wire[east=up,north=side,power=5,south=side,west=side]	885
minecraft:redstone_wire[east=up,north=side,power=5,south=side,west=up]	885
minecraft:redstone_wire[east=up,north=side,power=5,south=up,west=none]	885
minecraft:redstone_wire[east=up,north=side,power=5,south=up,west=side]	885
minecraft:redstone_wire[east=up,north=side,power=5,south=up,west=up]	885
minecraft:redstone_wire[east=up,north=side,power=6,south=none,west=none]	886
minecraft:redstone_wire[east=up,north=side,power=6,south=none,west=side]	886
minecraft:redstone_wire[east=up,north=side,power=6,south=none,west=up]	886
minecraft:redstone_wire[east=up,north=side,power=6,south=side,west=none]	886
minecraft:redstone_wire[east=up,north=side,power=6,south=side,west=side]	886
minecraft:redstone_wire[east=up,north=side,power=6,south=side,west=up]	886
minecraft:redstone_wire[east=up,north=side,power=6,south=up,west=none]	886
minecraft:redstone_wire[east=up,north=side,power=6,south=up,west=side]	886
minecraft:redstone_wire[east=up,north=side,power=6,south=up,west=up]	886
minecraft:redstone_wire[east=up,north=side,power=7,south=none,west=none]	887
minecraft:redstone_wire[east=up,north=side,power=7,south=none,west=side]	887
minecraft:redstone_wire[east=up,north=side,power=7,south=none,west=up]	887
minecraft:redstone_wire[east=up,north=side,power=7,south=side,west=none]	887
minecraft:redstone_wire[east=up,north=side,power=7,south=side,west=side]	887
minecraft:redstone_wire[east=up,north=side,power=7,south=side,west=up]	887
minecraft:redstone_wire[east=up,north=side,power=7,south=up,west=none]	887
minecraft:redstone_wire[east=up,north=side,power=7,south=up,west=side]	887
minecraft:redstone_wire[east=up,north=side,power=7,south=up,west=up]	887
minecraft:redstone_wire[east=up,north=side,power=8,south=none,west=none]	888
minecraft:redstone_wire[east=up,north=side,power=8,south=none,west=side]	888
minecraft:redstone_wire[east=up,north=side,power=8,south=none,west=up]	888
minecraft:redstone_wire[east=up,north=side,power=8,south=side,west=none]	888
minecraft:redstone_wire[east=up,north=side,power=8,south=side,west=side]	888
minecraft:redstone_wire[east=up,north=side,power=8,south=side,west=up]	888
minecraft:redstone_wire[east=up,north=side,power=8,south=up,west=none]	888
minecraft:redstone_wire[east=up,north=side,power=8,south=up,west=side]	888
minecraft:redstone_wire[east=up,north=side,power=8,south=up,west=up]	888
minecraft:redstone_wire[east=up,north=side,power=9,south=none,west=none]	889
minecraft:redstone_wire[east=up,north=side,power=9,south=none,west=side]	889
minecraft:redstone_wire[east=up,north=side,power=9,south=none,west=up]	889
minecraft:redstone_wire[east=up,north=side,power=9,south=side,west=none]	889
minecraft:redstone_wire[east=up,north=side,power=9,south=side,west=side]	889
minecraft:redstone_wire[east=up,north=side,power=9,south=side,west=up]	889
minecraft:redstone_wire[east=up,north=side,power=9,south=up,west=none]	889
minecraft:redstone_wire[east=up,north=side,power=9,south=up,west=side]	889
minecraft:redstone_wire[east=up,north=side,power=9,south=up,west=up]	889
minecraft:redstone_wire[east=up,north=up,power=0,south=none,west=none]	880
minecraft:redstone_wire[east=up,north=up,power=0,south=none,west=side]	880
minecraft:redstone_wire[east=up,north=up,power=0,south=none,west=up]	880
minecraft:redstone_wire[east=up,north=up,power=0,south=side,west=none]	880
minecraft:redstone_wire[east=up,north=up,power=0,south=side,west=side]	880
minecraft:redstone_wire[east=up,north=up,power=0,south=side,west=up]	880
minecraft:redstone_wire[east=up,north=up,power=0,south=up,west=none]	880
minecraft:redstone_wire[east=up,north=up,power=0,south=up,west=side]	880
minecraft:redstone_wire[east=up,north=up,power=0,south=up,west=up]	880
minecraft:redstone_wire[east=up,north=up,power=1,south=none,west=none]	881
minecraft:redstone_wire[east=up,north=up,power=1,south=none,west=side]	881
minecraft:redstone_wire[east=up,north=up,power=1,south=none,west=up]	881
minecraft:redstone_wire[east=up,north=up,power=1,south=side,west=none]	881
minecraft:redstone_wire[east=up,north=up,power=1,south=side,west=side]	881
minecraft:redstone_wire[east=up,north=up,power=1,south=side,west=up]	881
minecraft:redstone_wire[east=up,north=up,power=1,south=up,west=none]	881
minecraft:redstone_wire[east=up,north=up,power=1,south=up,west=side]	881
minecraft:redstone_wire[east=up,north=up,power=1,south=up,west=up]	881
minecraft:redstone_wire[east=up,north=up,power=10,south=none,west=none]	890
minecraft:redstone_wire[east=up,north=up,power=10,south=none,west=side]	890
minecraft:redstone_wire[east=up,north=up,power=10,south=none,west=up]	890
minecraft:redstone_wire[east=up,north=up,power=10,south=side,west=none]	890
minecraft:redstone_wire[east=up,north=up,power=10,south=side,west=side]	890
minecraft:redstone_wire[east=up,north=up,power=10,south=side,west=up]	890
minecraft:redstone_wire[east=up,north=up,power=10,south=up,west=none]	890
minecraft:redstone_wire[east=up,north=up,power=10,south=up,west=side]	890
minecraft:redstone_wire[east=up,north=up,power=10,south=up,west=up]	890
minecraft:redstone_wire[east=up,north=up,power=11,south=none,west=none]	891
minecraft:redstone_wire[east=up,north=up,power=11,south=none,west=side]	891
minecraft:redstone_wire[east=up,north=up,power=11,south=none,west=up]	891
minecraft:redstone_wire[east=up,north=up,power=11,south=side,west=none]	891
minecraft:redstone_wire[east=up,north=up,power=11,south=side,west=side]	891
minecraft:redstone_wire[east=up,north=up,power=11,south=side,west=up]	891
minecraft:redstone_wire[east=up,north=up,power=11,south=up,west=none]	891
minecraft:redstone_wire[east=up,north=up,power=11,south=up,west=side]	891
minecraft:redstone_wire[east=up,north=up,power=11,south=up,west=up]	891
minecraft:redstone_wire[east=up,north=up,power=12,south=none,west=none]	892
minecraft:redstone_wire[east=up,north=up,power=12,south=none,west=side]	892
minecraft:redstone_wire[east=up,north=up,power=12,south=none,west=up]	892
minecraft:redstone_wire[east=up,north=up,power=12,south=side,west=none]	892
minecraft:redstone_wire[east=up,north=up,power=12,south=side,west=side]	892
minecraft:redstone_wire[east=up,north=up,power=12,south=side,west=up]	892
minecraft:redstone_wire[east=up,north=up,power=12,south=up,west=none]	892
minecraft:redstone_wire[east=up,north=up,power=12,south=up,west=side]	892
minecraft:redstone_wire[east=up,north=up,power=12,south=up,west=up]	892
minecraft:redstone_wire[east=up,north=up,power=13,south=none,west=none]	893
minecraft:redstone_wire[east=up,north=up,power=13,south=none,west=side]	893
minecraft:redstone_wire[east=up,north=up,power=13,south=none,west=up]	893
minecraft:redstone_wire[east=up,north=up,power=13,south=side,west=none]	893
minecraft:redstone_wire[east=up,north=up,power=13,south=side,west=side]	893
minecraft:redstone_wire[east=up,north=up,power=13,south=side,west=up]	893
minecraft:redstone_wire[east=up,north=up,power=13,south=up,west=none]	893
minecraft:redstone_wire[east=up,north=up,power=13,south=up,west=side]	893
minecraft:redstone_wire[east=up,north=up,power=13,south=up,west=up]	893
minecraft:redstone_wire[east=up,north=up,power=14,south=none,west=none]	894
minecraft:redstone_wire[east=up,north=up,power=14,south=none,west=side]	894
minecraft:redstone_wire[east=up,north=up,power=14,south=none,west=up]	894
minecraft:redstone_wire[east=up,north=up,power=14,south=side,west=none]	894
minecraft:redstone_wire[east=up,north=up,power=14,south=side,west=side]	894
minecraft:redstone_wire[east=up,north=up,power=14,south=side,west=up]	894
minecraft:redstone_wire[east=up,north=up,power=14,south=up,west=none]	894
minecraft:redstone_wire[east=up,north=up,power=14,south=up,west=side]	894
minecraft:redstone_wire[east=up,north=up,power=14,south=up,west=up]	894
minecraft:redstone_wire[east=up,north=up,power=15,south=none,west=none]	895
minecraft:redstone_wire[east=up,north=up,power=15,south=none,west=side]	895
minecraft:redstone_wire[east=up,north=up,power=15,south=none,west=up]	895
minecraft:redstone_wire[east=up,north=up,power=15,south=side,west=none]	895
minecraft:redstone_wire[east=up,north=up,power=15,south=side,west=side]	895
minecraft:redstone_wire[east=up,north=up,power=15,south=side,west=up]	895
minecraft:redstone_wire[east=up,north=up,power=15,south=up,west=none]	895
minecraft:redstone_wire[east=up,north=up,power=15,south=up,west=side]	895
minecraft:redstone_wire[east=up,north=up,power=15,south=up,west=up]	895
minecraft:redstone_wire[east=up,north=up,power=2,south=none,west=none]	882
minecraft:redstone_wire[east=up,north=up,power=2,south=none,west=side]	882
minecraft:redstone_wire[east=up,north=up,power=2,south=none,west=up]	882
minecraft:redstone_wire[east=up,north=up,power=2,south=side,west=none]	882
minecraft:redstone_wire[east=up,north=up,power=2,south=side,west=side]	882
minecraft:redstone_wire[east=up,north=up,power=2,south=side,west=up]	882
minecraft:redstone_wire[east=up,north=up,power=2,south=up,west=none]	882
minecraft:redstone_wire[east=up,north=up,power=2,south=up,west=side]	882
minecraft:redstone_wire[east=up,north=up,power=2,south=up,west=up]	882
minecraft:redstone_wire[east=up,north=up,power=3,south=none,west=none]	883
minecraft:redstone_wire[east=up,north=up,power=3,south=none,west=side]	883
minecraft:redstone_wire[east=up,north=up,power=3,south=none,west=up]	883
minecraft:redstone_wire[east=up,north=up,power=3,south=side,west=none]	883
minecraft:redstone_wire[east=up,north=up,power=3,south=side,west=side]	883
minecraft:redstone_wire[east=up,north=up,power=3,south=side,west=up]	883
minecraft:redstone_wire[east=up,north=up,power=3,south=up,west=none]	883
minecraft:redstone_wire[east=up,north=up,power=3,south=up,west=side]	883
minecraft:redstone_wire[east=up,north=up,power=3,south=up,west=up]	883
minecraft:redstone_wire[east=up,north=up,power=4,south=none,west=none]	884
minecraft:redstone_wire[east=up,north=up,power=4,south=none,west=side]	884
minecraft:redstone_wire[east=up,north=up,power=4,south=none,west=up]	884
minecraft:redstone_wire[east=up,north=up,power=4,south=side,west=none]	884
minecraft:redstone_wire[east=up,north=up,power=4,south=side,west=side]	884
minecraft:redstone_wire[east=up,north=up,power=4,south=side,west=up]	884
minecraft:redstone_wire[east=up,north=up,power=4,south=up,west=none]	884
minecraft:redstone_wire[east=up,north=up,power=4,south=up,west=side]	884
minecraft:redstone_wire[east=up,north=up,power=4,south=up,west=up]	884
minecraft:redstone_wire[east=up,north=up,power=5,south=none,west=none]	885
minecraft:redstone_wire[east=up,north=up,power=5,south=none,west=side]	885
minecraft:redstone_wire[east=up,north=up,power=5,south=none,west=up]	885
minecraft:redstone_wire[east=up,north=up,power=5,south=side,west=none]	885
minecraft:redstone_wire[east=up,north=up,power=5,south=side,west=side]	885
minecraft:redstone_wire[east=up,north=up,power=5,south=side,west=up]	885
minecraft:redstone_wire[east=up,north=up,power=5,south=up,west=none]	885
minecraft:redstone_wire[east=up,north=up,power=5,south=up,west=side]	885
minecraft:redstone_wire[east=up,north=up,power=5,south=up,west=up]	885
minecraft:redstone_wire[east=up,north=up,power=6,south=none,west=none]	886
minecraft:redstone_wire[east=up,north=up,power=6,south=none,west=side]	886
minecraft:redstone_wire[east=up,north=up,power=6,south=none,west=up]	886
minecraft:redstone_wire[east=up,north=up,power=6,south=side,west=none]	886
minecraft:redstone_wire[east=up,north=up,power=6,south=side,west=side]	886
minecraft:redstone_wire[east=up,north=up,power=6,south=side,west=up]	886
minecraft:redstone_wire[east=up,north=up,power=6,south=up,west=none]	886
minecraft:redstone_wire[east=up,north=up,power=6,south=up,west=side]	886
minecraft:redstone_wire[east=up,north=up,power=6,south=up,west=up]	886
minecraft:redstone_wire[east=up,north=up,power=7,south=none,west=none]	887
minecraft:redstone_wire[east=up,north=up,power=7,south=none,west=side]	887
minecraft:redstone_wire[east=up,north=up,power=7,south=none,west=up]	887
minecraft:redstone_wire[east=up,north=up,power=7,south=side,west=none]	887
minecraft:redstone_wire[east=up,north=up,power=7,south=side,west=side]	887
minecraft:redstone_wire[east=up,north=up,power=7,south=side,west=up]	887
minecraft:redstone_wire[east=up,north=up,power=7,south=up,west=none]	887
minecraft:redstone_wire[east=up,north=up,power=7,south=up,west=side]	887
minecraft:redstone_wire[east=up,north=up,power=7,south=up,west=up]	887
minecraft:redstone_wire[east=up,north=up,power=8,south=none,west=none]	888
minecraft:redstone_wire[east=up,north=up,power=8,south=none,west=side]	888
minecraft:redstone_wire[east=up,north=up,power=8,south=none,west=up]	888
minecraft:redstone_wire[east=up,north=up,power=8,south=side,west=none]	888
minecraft:redstone_wire[east=up,north=up,power=8,south=side,west=side]	888
minecraft:redstone_wire[east=up,north=up,power=8,south=side,west=up]	888
minecraft:redstone_wire[east=up,north=up,power=8,south=up,west=none]	888
minecraft:redstone_wire[east=up,north=up,power=8,south=up,west=side]	888
minecraft:redstone_wire[east=up,north=up,power=8,south=up,west=up]	888
minecraft:redstone_wire[east=up,north=up,power=9,south=none,west=none]	889
minecraft:redstone_wire[east=up,north=up,power=9,south=none,west=side]	889
minecraft:redstone_wire[east=up,north=up,power=9,south=none,west=up]	889
minecraft:redstone_wire[east=up,north=up,power=9,south=side,west=none]	889
minecraft:redstone_wire[east=up,north=up,power=9,south=side,west=side]	889
minecraft:redstone_wire[east=up,north=up,power=9,south=side,west=up]	889
minecraft:redstone_wire[east=up,north=up,power=9,south=up,west=none]	889
minecraft:redstone_wire[east=up,north=up,power=9,south=up,west=side]	889
minecraft:redstone_wire[east=up,north=up,power=9,south=up,west=up]	889
minecraft:reeds[age=0]	1328
minecraft:reeds[age=10]	1338
minecraft:reeds[age=11]	1339
minecraft:reeds[age=12]	1340
minecraft:reeds[age=13]	1341
minecraft:reeds[age=14]	1342
minecraft:reeds[age=15]	1343
minecraft:reeds[age=1]	1329
minecraft:reeds[age=2]	1330
minecraft:reeds[age=3]	1331
minecraft:reeds[age=4]	1332
minecraft:reeds[age=5]	1333
minecraft:reeds[age=6]	1334
minecraft:reeds[age=7]	1335
minecraft:reeds[age=8]	1336
minecraft:reeds[age=9]	1337
minecraft:repeating_command_block[conditional=false,facing=down]	3360
minecraft:repeating_command_block[conditional=false,facing=east]	3365
minecraft:repeating_command_block[conditional=false,facing=north]	3362
minecraft:repeating_command_block[conditional=false,facing=south]	3363
minecraft:repeating_command_block[conditional=false,facing=up]	3361
minecraft:repeating_command_block[conditional=false,facing=west]	3364
minecraft:repeating_command_block[conditional=true,facing=down]	3368
minecraft:repeating_command_block[conditional=true,facing=east]	3373
minecraft:repeating_command_block[conditional=true,facing=north]	3370
minecraft:repeating_command_block[conditional=true,facing=south]	3371
minecraft:repeating_command_block[conditional=true,facing=up]	3369
minecraft:repeating_command_block[conditional=true,facing=west]	3372
minecraft:sand[variant=red_sand]	193
minecraft:sand[variant=sand]	192
minecraft:sandstone[type=chiseled_sandstone]	385
minecraft:sandstone[type=sandstone]	384
minecraft:sandstone[type=smooth_sandstone]	386
minecraft:sandstone_stairs[facing=east,half=bottom,shape=inner_left]	2048
minecraft:sandstone_stairs[facing=east,half=bottom,shape=inner_right]	2048
minecraft:sandstone_stairs[facing=east,half=bottom,shape=outer_left]	2048
minecraft:sandstone_stairs[facing=east,half=bottom,shape=outer_right]	2048
minecraft:sandstone_stairs[facing=east,half=bottom,shape=straight]	2048
minecraft:sandstone_stairs[facing=east,half=top,shape=inner_left]	2052
minecraft:sandstone_stairs[facing=east,half=top,shape=inner_right]	2052
minecraft:sandstone_stairs[facing=east,half=top,shape=outer_left]	2052
minecraft:sandstone_stairs[facing=east,half=top,shape=outer_right]	2052
minecraft:sandstone_stairs[facing=east,half=top,shape=straight]	2052
minecraft:sandstone_stairs[facing=north,half=bottom,shape=inner_left]	2051
minecraft:sandstone_stairs[facing=north,half=bottom,shape=inner_right]	2051
minecraft:sandstone_stairs[facing=north,half=bottom,shape=outer_left]	2051
minecraft:sandstone_stairs[facing=north,half=bottom,shape=outer_right]	2051
minecraft:sandstone_stairs[facing=north,half=bottom,shape=straight]	2051
minecraft:sandstone_stairs[facing=north,half=top,shape=inner_left]	2055
minecraft:sandstone_stairs[facing=north,half=top,shape=inner_right]	2055
minecraft:sandstone_stairs[facing=north,half=top,shape=outer_left]	2055
minecraft:sandstone_stairs[facing=north,half=top,shape=outer_right]	2055
minecraft:sandstone_stairs[facing=north,half=top,shape=straight]	2055
minecraft:sandstone_stairs[facing=south,half=bottom,shape=inner_left]	2050
minecraft:sandstone_stairs[facing=south,half=bottom,shape=inner_right]	2050
minecraft:sandstone_stairs[facing=south,half=bottom,shape=outer_left]	2050
minecraft:sandstone_stairs[facing=south,half=bottom,shape=outer_right]	2050
minecraft:sandstone_stairs[facing=south,half=bottom,shape=straight]	2050
minecraft:sandstone_stairs[facing=south,half=top,shape=inner_left]	2054
minecraft:sandstone_stairs[facing=south,half=top,shape=inner_right]	2054
minecraft:sandstone_stairs[facing=south,half=top,shape=outer_left]	2054
minecraft:sandstone_stairs[facing=south,half=top,shape=outer_right]	2054
minecraft:sandstone_stairs[facing=south,half=top,shape=straight]	2054
minecraft:sandstone_stairs[facing=west,half=bottom,shape=inner_left]	2049
minecraft:sandstone_stairs[facing=west,half=bottom,shape=inner_right]	2049
minecraft:sandstone_stairs[facing=west,half=bottom,shape=outer_left]	2049
minecraft:sandstone_stairs[facing=west,half=bottom,shape=outer_right]	2049
minecraft:sandstone_stairs[facing=west,half=bottom,shape=straight]	2049
minecraft:sandstone_stairs[facing=west,half=top,shape=inner_left]	2053
minecraft:sandstone_stairs[facing=west,half=top,shape=inner_right]	2053
minecraft:sandstone_stairs[facing=west,half=top,shape=outer_left]	2053
minecraft:sandstone_stairs[facing=west,half=top,shape=outer_right]	2053
minecraft:sandstone_stairs[facing=west,half=top,shape=straight]	2053
minecraft:sapling[stage=0,type=acacia]	100
minecraft:sapling[stage=0,type=birch]	98
minecraft:sapling[stage=0,type=dark_oak]	101
minecraft:sapling[stage=0,type=jungle]	99
minecraft:sapling[stage=0,type=oak]	96
minecraft:sapling[stage=0,type=spruce]	97
minecraft:sapling[stage=1,type=acacia]	108
minecraft:sapling[stage=1,type=birch]	106
minecraft:sapling[stage=1,type=dark_oak]	109
minecraft:sapling[stage=1,type=jungle]	107
minecraft:sapling[stage=1,type=oak]	104
minecraft:sapling[stage=1,type=spruce]	105
minecraft:sea_lantern	2704
minecraft:silver_glazed_terracotta[facing=east]	3891
minecraft:silver_glazed_terracotta[facing=north]	3890
minecraft:silver_glazed_terracotta[facing=south]	3888
minecraft:silver_glazed_terracotta[facing=west]	3889
minecraft:silver_shulker_box[facing=down]	3632
minecraft:silver_shulker_box[facing=east]	3637
minecraft:silver_shulker_box[facing=north]	3634
minecraft:silver_shulker_box[facing=south]	3635
minecraft:silver_shulker_box[facing=up]	3633
minecraft:silver_shulker_box[facing=west]	3636
minecraft:skull[facing=down,nodrop=false]	2304
minecraft:skull[facing=down,nodrop=true]	2312
minecraft:skull[facing=east,nodrop=false]	2309
minecraft:skull[facing=east,nodrop=true]	2317
minecraft:skull[facing=north,nodrop=false]	2306
minecraft:skull[facing=north,nodrop=true]	2314
minecraft:skull[facing=south,nodrop=false]	2307
minecraft:skull[facing=south,nodrop=true]	2315
minecraft:skull[facing=up,nodrop=false]	2305
minecraft:skull[facing=up,nodrop=true]	2313
minecraft:skull[facing=west,nodrop=false]	2308
minecraft:skull[facing=west,nodrop=true]	2316
minecraft:slime	2640
minecraft:snow	1280
minecraft:snow_layer[layers=1]	1248
minecraft:snow_layer[layers=2]	1249
minecraft:snow_layer[layers=3]	1250
minecraft:snow_layer[layers=4]	1251
minecraft:snow_layer[layers=5]	1252
minecraft:snow_layer[layers=6]	1253
minecraft:snow_layer[layers=7]	1254
minecraft:snow_layer[layers=8]	1255
minecraft:soul_sand	1408
minecraft:sponge[wet=false]	304
minecraft:sponge[wet=true]	305
minecraft:spruce_door[facing=east,half=lower,hinge=left,open=false,powered=false]	3088
minecraft:spruce_door[facing=east,half=lower,hinge=left,open=false,powered=true]	3088
minecraft:spruce_door[facing=east,half=lower,hinge=left,open=true,powered=false]	3092
minecraft:spruce_door[facing=east,half=lower,hinge=left,open=true,powered=true]	3092
minecraft:spruce_door[facing=east,half=lower,hinge=right,open=false,powered=false]	3088
minecraft:spruce_door[facing=east,half=lower,hinge=right,open=false,powered=true]	3088
minecraft:spruce_door[facing=east,half=lower,hinge=right,open=true,powered=false]	3092
minecraft:spruce_door[facing=east,half=lower,hinge=right,open=true,powered=true]	3092
minecraft:spruce_door[facing=east,half=upper,hinge=left,open=false,powered=false]	3096
minecraft:spruce_door[facing=east,half=upper,hinge=left,open=false,powered=true]	3098
minecraft:spruce_door[facing=east,half=upper,hinge=left,open=true,powered=false]	3096
minecraft:spruce_door[facing=east,half=upper,hinge=left,open=true,powered=true]	3098
minecraft:spruce_door[facing=east,half=upper,hinge=right,open=false,powered=false]	3097
minecraft:spruce_door[facing=east,half=upper,hinge=right,open=false,powered=true]	3099
minecraft:spruce_door[facing=east,half=upper,hinge=right,open=true,powered=false]	3097
minecraft:spruce_door[facing=east,half=upper,hinge=right,open=true,powered=true]	3099
minecraft:spruce_door[facing=north,half=lower,hinge=left,open=false,powered=false]	3091
minecraft:spruce_door[facing=north,half=lower,hinge=left,open=false,powered=true]	3091
minecraft:spruce_door[facing=north,half=lower,hinge=left,open=true,powered=false]	3095
minecraft:spruce_door[facing=north,half=lower,hinge=left,open=true,powered=true]	3095
minecraft:spruce_door[facing=north,half=lower,hinge=right,open=false,powered=false]	3091
minecraft:spruce_door[facing=north,half=lower,hinge=right,open=false,powered=true]	3091
minecraft:spruce_door[facing=north,half=lower,hinge=right,open=true,powered=false]	3095
minecraft:spruce_door[facing=north,half=lower,hinge=right,open=true,powered=true]	3095
minecraft:spruce_door[facing=north,half=upper,hinge=left,open=false,powered=false]	3096
minecraft:spruce_door[facing=north,half=upper,hinge=left,open=false,powered=true]	3098
minecraft:spruce_door[facing=north,half=upper,hinge=left,open=true,powered=false]	3096
minecraft:spruce_door[facing=north,half=upper,hinge=left,open=true,powered=true]	3098
minecraft:spruce_door[facing=north,half=upper,hinge=right,open=false,powered=false]	3097
minecraft:spruce_door[facing=north,half=upper,hinge=right,open=false,powered=true]	3099
minecraft:spruce_door[facing=north,half=upper,hinge=right,open=true,powered=false]	3097
minecraft:spruce_door[facing=north,half=upper,hinge=right,open=true,powered=true]	3099
minecraft:spruce_door[facing=south,half=lower,hinge=left,open=false,powered=false]	3089
minecraft:spruce_door[facing=south,half=lower,hinge=left,open=false,powered=true]	3089
minecraft:spruce_door[facing=south,half=lower,hinge=left,open=true,powered=false]	3093
minecraft:spruce_door[facing=south,half=lower,hinge=left,open=true,powered=true]	3093
minecraft:spruce_door[facing=south,half=lower,hinge=right,open=false,powered=false]	3089
minecraft:spruce_door[facing=south,half=lower,hinge=right,open=false,powered=true]	3089
minecraft:spruce_door[facing=south,half=lower,hinge=right,open=true,powered=false]	3093
minecraft:spruce_door[facing=south,half=lower,hinge=right,open=true,powered=true]	3093
minecraft:spruce_door[facing=south,half=upper,hinge=left,open=false,powered=false]	3096
minecraft:spruce_door[facing=south,half=upper,hinge=left,open=false,powered=true]	3098
minecraft:spruce_door[facing=south,half=upper,hinge=left,open=true,powered=false]	3096
minecraft:spruce_door[facing=south,half=upper,hinge=left,open=true,powered=true]	3098
minecraft:spruce_door[facing=south,half=upper,hinge=right,open=false,powered=false]	3097
minecraft:spruce_door[facing=south,half=upper,hinge=right,open=false,powered=true]	3099
minecraft:spruce_door[facing=south,half=upper,hinge=right,open=true,powered=false]	3097
minecraft:spruce_door[facing=south,half=upper,hinge=right,open=true,powered=true]	3099
minecraft:spruce_door[facing=west,half=lower,hinge=left,open=false,powered=false]	3090
minecraft:spruce_door[facing=west,half=lower,hinge=left,open=false,powered=true]	3090
minecraft:spruce_door[facing=west,half=lower,hinge=left,open=true,powered=false]	3094
minecraft:spruce_door[facing=west,half=lower,hinge=left,open=true,powered=true]	3094
minecraft:spruce_door[facing=west,half=lower,hinge=right,open=false,powered=false]	3090
minecraft:spruce_door[facing=west,half=lower,hinge=right,open=false,powered=true]	3090
minecraft:spruce_door[facing=west,half=lower,hinge=right,open=true,powered=false]	3094
minecraft:spruce_door[facing=west,half=lower,hinge=right,open=true,powered=true]	3094
minecraft:spruce_door[facing=west,half=upper,hinge=left,open=false,powered=false]	3096
minecraft:spruce_door[facing=west,half=upper,hinge=left,open=false,powered=true]	3098
minecraft:spruce_door[facing=west,half=upper,hinge=left,open=true,powered=false]	3096
minecraft:spruce_door[facing=west,half=upper,hinge=left,open=true,powered=true]	3098
minecraft:spruce_door[facing=west,half=upper,hinge=right,open=false,powered=false]	3097
minecraft:spruce_door[facing=west,half=upper,hinge=right,open=false,powered=true]	3099
minecraft:spruce_door[facing=west,half=upper,hinge=right,open=true,powered=false]	3097
minecraft:spruce_door[facing=west,half=upper,hinge=right,open=true,powered=true]	3099
minecraft:spruce_fence[east=false,north=false,south=false,west=false]	3008
minecraft:spruce_fence[east=false,north=false,south=false,west=true]	3008
minecraft:spruce_fence[east=false,north=false,south=true,west=false]	3008
minecraft:spruce_fence[east=false,north=false,south=true,west=true]	3008
minecraft:spruce_fence[east=false,north=true,south=false,west=false]	3008
minecraft:spruce_fence[east=false,north=true,south=false,west=true]	3008
minecraft:spruce_fence[east=false,north=true,south=true,west=false]	3008
minecraft:spruce_fence[east=false,north=true,south=true,west=true]	3008
minecraft:spruce_fence[east=true,north=false,south=false,west=false]	3008
minecraft:spruce_fence[east=true,north=false,south=false,west=true]	3008
minecraft:spruce_fence[east=true,north=false,south=true,west=false]	3008
minecraft:spruce_fence[east=true,north=false,south=true,west=true]	3008
minecraft:spruce_fence[east=true,north=true,south=false,west=false]	3008
minecraft:spruce_fence[east=true,north=true,south=false,west=true]	3008
minecraft:spruce_fence[east=true,north=true,south=true,west=false]	3008
minecraft:spruce_fence[east=true,north=true,south=true,west=true]	3008
minecraft:spruce_fence_gate[facing=east,in_wall=false,open=false,powered=false]	2931
minecraft:spruce_fence_gate[facing=east,in_wall=false,open=false,powered=true]	2939
minecraft:spruce_fence_gate[facing=east,in_wall=false,open=true,powered=false]	2935
minecraft:spruce_fence_gate[facing=east,in_wall=false,open=true,powered=true]	2943
minecraft:spruce_fence_gate[facing=east,in_wall=true,open=false,powered=false]	2931
minecraft:spruce_fence_gate[facing=east,in_wall=true,open=false,powered=true]	2939
minecraft:spruce_fence_gate[facing=east,in_wall=true,open=true,powered=false]	2935
minecraft:spruce_fence_gate[facing=east,in_wall=true,open=true,powered=true]	2943
minecraft:spruce_fence_gate[facing=north,in_wall=false,open=false,powered=false]	2930
minecraft:spruce_fence_gate[facing=north,in_wall=false,open=false,powered=true]	2938
minecraft:spruce_fence_gate[facing=north,in_wall=false,open=true,powered=false]	2934
minecraft:spruce_fence_gate[facing=north,in_wall=false,open=true,powered=true]	2942
minecraft:spruce_fence_gate[facing=north,in_wall=true,open=false,powered=false]	2930
minecraft:spruce_fence_gate[facing=north,in_wall=true,open=false,powered=true]	2938
minecraft:spruce_fence_gate[facing=north,in_wall=true,open=true,powered=false]	2934
minecraft:spruce_fence_gate[facing=north,in_wall=true,open=true,powered=true]	2942
minecraft:spruce_fence_gate[facing=south,in_wall=false,open=false,powered=false]	2928
minecraft:spruce_fence_gate[facing=south,in_wall=false,open=false,powered=true]	2936
minecraft:spruce_fence_gate[facing=south,in_wall=false,open=true,powered=false]	2932
minecraft:spruce_fence_gate[facing=south,in_wall=false,open=true,powered=true]	2940
minecraft:spruce_fence_gate[facing=south,in_wall=true,open=false,powered=false]	2928
minecraft:spruce_fence_gate[facing=south,in_wall=true,open=false,powered=true]	2936
minecraft:spruce_fence_gate[facing=south,in_wall=true,open=true,powered=false]	2932
minecraft:spruce_fence_gate[facing=south,in_wall=true,open=true,powered=true]	2940
minecraft:spruce_fence_gate[facing=west,in_wall=false,open=false,powered=false]	2929
minecraft:spruce_fence_gate[facing=west,in_wall=false,open=false,powered=true]	2937
minecraft:spruce_fence_gate[facing=west,in_wall=false,open=true,powered=false]	2933
minecraft:spruce_fence_gate[facing=west,in_wall=false,open=true,powered=true]	2941
minecraft:spruce_fence_gate[facing=west,in_wall=true,open=false,powered=false]	2929
minecraft:spruce_fence_gate[facing=west,in_wall=true,open=false,powered=true]	2937
minecraft:spruce_fence_gate[facing=west,in_wall=true,open=true,powered=false]	2933
minecraft:spruce_fence_gate[facing=west,in_wall=true,open=true,powered=true]	2941
minecraft:spruce_stairs[facing=east,half=bottom,shape=inner_left]	2144
minecraft:spruce_stairs[facing=east,half=bottom,shape=inner_right]	2144
minecraft:spruce_stairs[facing=east,half=bottom,shape=outer_left]	2144
minecraft:spruce_stairs[facing=east,half=bottom,shape=outer_right]	2144
minecraft:spruce_stairs[facing=east,half=bottom,shape=straight]	2144
minecraft:spruce_stairs[facing=east,half=top,shape=inner_left]	2148
minecraft:spruce_stairs[facing=east,half=top,shape=inner_right]	2148
minecraft:spruce_stairs[facing=east,half=top,shape=outer_left]	2148
minecraft:spruce_stairs[facing=east,half=top,shape=outer_right]	2148
minecraft:spruce_stairs[facing=east,half=top,shape=straight]	2148
minecraft:spruce_stairs[facing=north,half=bottom,shape=inner_left]	2147
minecraft:spruce_stairs[facing=north,half=bottom,shape=inner_right]	2147
minecraft:spruce_stairs[facing=north,half=bottom,shape=outer_left]	2147
minecraft:spruce_stairs[facing=north,half=bottom,shape=outer_right]	2147
minecraft:spruce_stairs[facing=north,half=bottom,shape=straight]	2147
minecraft:spruce_stairs[facing=north,half=top,shape=inner_left]	2151
minecraft:spruce_stairs[facing=north,half=top,shape=inner_right]	2151
minecraft:spruce_stairs[facing=north,half=top,shape=outer_left]	2151
minecraft:spruce_stairs[facing=north,half=top,shape=outer_right]	2151
minecraft:spruce_stairs[facing=north,half=top,shape=straight]	2151
minecraft:spruce_stairs[facing=south,half=bottom,shape=inner_left]	2146
minecraft:spruce_stairs[facing=south,half=bottom,shape=inner_right]	2146
minecraft:spruce_stairs[facing=south,half=bottom,shape=outer_left]	2146
minecraft:spruce_stairs[facing=south,half=bottom,shape=outer_right]	2146
minecraft:spruce_stairs[facing=south,half=bottom,shape=straight]	2146
minecraft:spruce_stairs[facing=south,half=top,shape=inner_left]	2150
minecraft:spruce_stairs[facing=south,half=top,shape=inner_right]	2150
minecraft:spruce_stairs[facing=south,half=top,shape=outer_left]	2150
minecraft:spruce_stairs[facing=south,half=top,shape=outer_right]	2150
minecraft:spruce_stairs[facing=south,half=top,shape=straight]	2150
minecraft:spruce_stairs[facing=west,half=bottom,shape=inner_left]	2145
minecraft:spruce_stairs[facing=west,half=bottom,shape=inner_right]	2145
minecraft:spruce_stairs[facing=west,half=bottom,shape=outer_left]	2145
minecraft:spruce_stairs[facing=west,half=bottom,shape=outer_right]	2145
minecraft:spruce_stairs[facing=west,half=bottom,shape=straight]	2145
minecraft:spruce_stairs[facing=west,half=top,shape=inner_left]	2149
minecraft:spruce_stairs[facing=west,half=top,shape=inner_right]	2149
minecraft:spruce_stairs[facing=west,half=top,shape=outer_left]	2149
minecraft:spruce_stairs[facing=west,half=top,shape=outer_right]	2149
minecraft:spruce_stairs[facing=west,half=top,shape=straight]	2149
minecraft:stained_glass[color=black]	1535
minecraft:stained_glass[color=blue]	1531
minecraft:stained_glass[color=brown]	1532
minecraft:stained_glass[color=cyan]	1529
minecraft:stained_glass[color=gray]	1527
minecraft:stained_glass[color=green]	1533
minecraft:stained_glass[color=light_blue]	1523
minecraft:stained_glass[color=lime]	1525
minecraft:stained_glass[color=magenta]	1522
minecraft:stained_glass[color=orange]	1521
minecraft:stained_glass[color=pink]	1526
minecraft:stained_glass[color=purple]	1530
minecraft:stained_glass[color=red]	1534
minecraft:stained_glass[color=silver]	1528
minecraft:stained_glass[color=white]	1520
minecraft:stained_glass[color=yellow]	1524
minecraft:stained_glass_pane[color=black,east=false,north=false,south=false,west=false]	2575
minecraft:stained_glass_pane[color=black,east=false,north=false,south=false,west=true]	2575
minecraft:stained_glass_pane[color=black,east=false,north=false,south=true,west=false]	2575
minecraft:stained_glass_pane[color=black,east=false,north=false,south=true,west=true]	2575
minecraft:stained_glass_pane[color=black,east=false,north=true,south=false,west=false]	2575
minecraft:stained_glass_pane[color=black,east=false,north=true,south=false,west=true]	2575
minecraft:stained_glass_pane[color=black,east=false,north=true,south=true,west=false]	2575
minecraft:stained_glass_pane[color=black,east=false,north=true,south=true,west=true]	2575
minecraft:stained_glass_pane[color=black,east=true,north=false,south=false,west=false]	2575
minecraft:stained_glass_pane[color=black,east=true,north=false,south=false,west=true]	2575
minecraft:stained_glass_pane[color=black,east=true,north=false,south=true,west=false]	2575
minecraft:stained_glass_pane[color=black,east=true,north=false,south=true,west=true]	2575
minecraft:stained_glass_pane[color=black,east=true,north=true,south=false,west=false]	2575
minecraft:stained_glass_pane[color=black,east=true,north=true,south=false,west=true]	2575
minecraft:stained_glass_pane[color=black,east=true,north=true,south=true,west=false]	2575
minecraft:stained_glass_pane[color=black,east=true,north=true,south=true,west=true]	2575
minecraft:stained_glass_pane[color=blue,east=false,north=false,south=false,west=false]	2571
minecraft:stained_glass_pane[color=blue,east=false,north=false,south=false,west=true]	2571
minecraft:stained_glass_pane[color=blue,east=false,north=false,south=true,west=false]	2571
minecraft:stained_glass_pane[color=blue,east=false,north=false,south=true,west=true]	2571
minecraft:stained_glass_pane[color=blue,east=false,north=true,south=false,west=false]	2571
minecraft:stained_glass_pane[color=blue,east=false,north=true,south=false,west=true]	2571
minecraft:stained_glass_pane[color=blue,east=false,north=true,south=true,west=false]	2571
minecraft:stained_glass_pane[color=blue,east=false,north=true,south=true,west=true]	2571
minecraft:stained_glass_pane[color=blue,east=true,north=false,south=false,west=false]	2571
minecraft:stained_glass_pane[color=blue,east=true,north=false,south=false,west=true]	2571
minecraft:stained_glass_pane[color=blue,east=true,north=false,south=true,west=false]	2571
minecraft:stained_glass_pane[color=blue,east=true,north=false,south=true,west=true]	2571
minecraft:stained_glass_pane[color=blue,east=true,north=true,south=false,west=false]	2571
minecraft:stained_glass_pane[color=blue,east=true,north=true,south=false,west=true]	2571
minecraft:stained_glass_pane[color=blue,east=true,north=true,south=true,west=false]	2571
minecraft:stained_glass_pane[color=blue,east=true,north=true,south=true,west=true]	2571
minecraft:stained_glass_pane[color=brown,east=false,north=false,south=false,west=false]	2572
minecraft:stained_glass_pane[color=brown,east=false,north=false,south=false,west=true]	2572
minecraft:stained_glass_pane[color=brown,east=false,north=false,south=true,west=false]	2572
minecraft:stained_glass_pane[color=brown,east=false,north=false,south=true,west=true]	2572
minecraft:stained_glass_pane[color=brown,east=false,north=true,south=false,west=false]	2572
minecraft:stained_glass_pane[color=brown,east=false,north=true,south=false,west=true]	2572
minecraft:stained_glass_pane[color=brown,east=false,north=true,south=true,west=false]	2572
minecraft:stained_glass_pane[color=brown,east=false,north=true,south=true,west=true]	2572
minecraft:stained_glass_pane[color=brown,east=true,north=false,south=false,west=false]	2572
minecraft:stained_glass_pane[color=brown,east=true,north=false,south=false,west=true]	2572
minecraft:stained_glass_pane[color=brown,east=true,north=false,south=true,west=false]	2572
minecraft:stained_glass_pane[color=brown,east=true,north=false,south=true,west=true]	2572
minecraft:stained_glass_pane[color=brown,east=true,north=true,south=false,west=false]	2572
minecraft:stained_glass_pane[color=brown,east=true,north=true,south=false,west=true]	2572
minecraft:stained_glass_pane[color=brown,east=true,north=true,south=true,west=false]	2572
minecraft:stained_glass_pane[color=brown,east=true,north=true,south=true,west=true]	2572
minecraft:stained_glass_pane[color=cyan,east=false,north=false,south=false,west=false]	2569
minecraft:stained_glass_pane[color=cyan,east=false,north=false,south=false,west=true]	2569
minecraft:stained_glass_pane[color=cyan,east=false,north=false,south=true,west=false]	2569
minecraft:stained_glass_pane[color=cyan,east=false,north=false,south=true,west=true]	2569
minecraft:stained_glass_pane[color=cyan,east=false,north=true,south=false,west=false]	2569
minecraft:stained_glass_pane[color=cyan,east=false,north=true,south=false,west=true]	2569
minecraft:stained_glass_pane[color=cyan,east=false,north=true,south=true,west=false]	2569
minecraft:stained_glass_pane[color=cyan,east=false,north=true,south=true,west=true]	2569
minecraft:stained_glass_pane[color=cyan,east=true,north=false,south=false,west=false]	2569
minecraft:stained_glass_pane[color=cyan,east=true,north=false,south=false,west=true]	2569
minecraft:stained_glass_pane[color=cyan,east=true,north=false,south=true,west=false]	2569
minecraft:stained_glass_pane[color=cyan,east=true,north=false,south=true,west=true]	2569
minecraft:stained_glass_pane[color=cyan,east=true,north=true,south=false,west=false]	2569
minecraft:stained_glass_pane[color=cyan,east=true,north=true,south=false,west=true]	2569
minecraft:stained_glass_pane[color=cyan,east=true,north=true,south=true,west=false]	2569
minecraft:stained_glass_pane[color=cyan,east=true,north=true,south=true,west=true]	2569
minecraft:stained_glass_pane[color=gray,east=false,north=false,south=false,west=false]	2567
minecraft:stained_glass_pane[color=gray,east=false,north=false,south=false,west=true]	2567
minecraft:stained_glass_pane[color=gray,east=false,north=false,south=true,west=false]	2567
minecraft:stained_glass_pane[color=gray,east=false,north=false,south=true,west=true]	2567
minecraft:stained_glass_pane[color=gray,east=false,north=true,south=false,west=false]	2567
minecraft:stained_glass_pane[color=gray,east=false,north=true,south=false,west=true]	2567
minecraft:stained_glass_pane[color=gray,east=false,north=true,south=true,west=false]	2567
minecraft:stained_glass_pane[color=gray,east=false,north=true,south=true,west=true]	2567
minecraft:stained_glass_pane[color=gray,east=true,north=false,south=false,west=false]	2567
minecraft:stained_glass_pane[color=gray,east=true,north=false,south=false,west=true]	2567
minecraft:stained_glass_pane[color=gray,east=true,north=false,south=true,west=false]	2567
minecraft:stained_glass_pane[color=gray,east=true,north=false,south=true,west=true]	2567
minecraft:stained_glass_pane[color=gray,east=true,north=true,south=false,west=false]	2567
minecraft:stained_glass_pane[color=gray,east=true,north=true,south=false,west=true]	2567
minecraft:stained_glass_pane[color=gray,east=true,north=true,south=true,west=false]	2567
minecraft:stained_glass_pane[color=gray,east=true,north=true,south=true,west=true]	2567
minecraft:stained_glass_pane[color=green,east=false,north=false,south=false,west=false]	2573
minecraft:stained_glass_pane[color=green,east=false,north=false,south=false,west=true]	2573
minecraft:stained_glass_pane[color=green,east=false,north=false,south=true,west=false]	2573
minecraft:stained_glass_pane[color=green,east=false,north=false,south=true,west=true]	2573
minecraft:stained_glass_pane[color=green,east=false,north=true,south=false,west=false]	2573
minecraft:stained_glass_pane[color=green,east=false,north=true,south=false,west=true]	2573
minecraft:stained_glass_pane[color=green,east=false,north=true,south=true,west=false]	2573
minecraft:stained_glass_pane[color=green,east=false,north=true,south=true,west=true]	2573
minecraft:stained_glass_pane[color=green,east=true,north=false,south=false,west=false]	2573
minecraft:stained_glass_pane[color=green,east=true,north=false,south=false,west=true]	2573
minecraft:stained_glass_pane[color=green,east=true,north=false,south=true,west=false]	2573
minecraft:stained_glass_pane[color=green,east=true,north=false,south=true,west=true]	2573
minecraft:stained_glass_pane[color=green,east=true,north=true,south=false,west=false]	2573
minecraft:stained_glass_pane[color=green,east=true,north=true,south=false,west=true]	2573
minecraft:stained_glass_pane[color=green,east=true,north=true,south=true,west=false]	2573
minecraft:stained_glass_pane[color=green,east=true,north=true,south=true,west=true]	2573
minecraft:stained_glass_pane[color=light_blue,east=false,north=false,south=false,west=false]	2563
minecraft:stained_glass_pane[color=light_blue,east=false,north=false,south=false,west=true]	2563
minecraft:stained_glass_pane[color=light_blue,east=false,north=false,south=true,west=false]	2563
minecraft:stained_glass_pane[color=light_blue,east=false,north=false,south=true,west=true]	2563
minecraft:stained_glass_pane[color=light_blue,east=false,north=true,south=false,west=false]	2563
minecraft:stained_glass_pane[color=light_blue,east=false,north=true,south=false,west=true]	2563
minecraft:stained_glass_pane[color=light_blue,east=false,north=true,south=true,west=false]	2563
minecraft:stained_glass_pane[color=light_blue,east=false,north=true,south=true,west=true]	2563
minecraft:stained_glass_pane[color=light_blue,east=true,north=false,south=false,west=false]	2563
minecraft:stained_glass_pane[color=light_blue,east=true,north=false,south=false,west=true]	2563
minecraft:stained_glass_pane[color=light_blue,east=true,north=false,south=true,west=false]	2563
minecraft:stained_glass_pane[color=light_blue,east=true,north=false,south=true,west=true]	2563
minecraft:stained_glass_pane[color=light_blue,east=true,north=true,south=false,west=false]	2563
minecraft:stained_glass_pane[color=light_blue,east=true,north=true,south=false,west=true]	2563
minecraft:stained_glass_pane[color=light_blue,east=true,north=true,south=true,west=false]	2563
minecraft:stained_glass_pane[color=light_blue,east=true,north=true,south=true,west=true]	2563
minecraft:stained_glass_pane[color=lime,east=false,north=false,south=false,west=false]	2565
minecraft:stained_glass_pane[color=lime,east=false,north=false,south=false,west=true]	2565
minecraft:stained_glass_pane[color=lime,east=false,north=false,south=true,west=false]	2565
minecraft:stained_glass_pane[color=lime,east=false,north=false,south=true,west=true]	2565
minecraft:stained_glass_pane[color=lime,east=false,north=true,south=false,west=false]	2565
minecraft:stained_glass_pane[color=lime,east=false,north=true,south=false,west=true]	2565
minecraft:stained_glass_pane[color=lime,east=false,north=true,south=true,west=false]	2565
minecraft:stained_glass_pane[color=lime,east=false,north=true,south=true,west=true]	2565
minecraft:stained_glass_pane[color=lime,east=true,north=false,south=false,west=false]	2565
minecraft:stained_glass_pane[color=lime,east=true,north=false,south=false,west=true]	2565
minecraft:stained_glass_pane[color=lime,east=true,north=false,south=true,west=false]	2565
minecraft:stained_glass_pane[color=lime,east=true,north=false,south=true,west=true]	2565
minecraft:stained_glass_pane[color=lime,east=true,north=true,south=false,west=false]	2565
minecraft:stained_glass_pane[color=lime,east=true,north=true,south=false,west=true]	2565
minecraft:stained_glass_pane[color=lime,east=true,north=true,south=true,west=false]	2565
minecraft:stained_glass_pane[color=lime,east=true,north=true,south=true,west=true]	2565
minecraft:stained_glass_pane[color=magenta,east=false,north=false,south=false,west=false]	2562
minecraft:stained_glass_pane[color=magenta,east=false,north=false,south=false,west=true]	2562
minecraft:stained_glass_pane[color=magenta,east=false,north=false,south=true,west=false]	2562
minecraft:stained_glass_pane[color=magenta,east=false,north=false,south=true,west=true]	2562
minecraft:stained_glass_pane[color=magenta,east=false,north=true,south=false,west=false]	2562
minecraft:stained_glass_pane[color=magenta,east=false,north=true,south=false,west=true]	2562
minecraft:stained_glass_pane[color=magenta,east=false,north=true,south=true,west=false]	2562
minecraft:stained_glass_pane[color=magenta,east=false,north=true,south=true,west=true]	2562
minecraft:stained_glass_pane[color=magenta,east=true,north=false,south=false,west=false]	2562
minecraft:stained_glass_pane[color=magenta,east=true,north=false,south=false,west=true]	2562
minecraft:stained_glass_pane[color=magenta,east=true,north=false,south=true,west=false]	2562
minecraft:stained_glass_pane[color=magenta,east=true,north=false,south=true,west=true]	2562
minecraft:stained_glass_pane[color=magenta,east=true,north=true,south=false,west=false]	2562
minecraft:stained_glass_pane[color=magenta,east=true,north=true,south=false,west=true]	2562
minecraft:stained_glass_pane[color=magenta,east=true,north=true,south=true,west=false]	2562
minecraft:stained_glass_pane[color=magenta,east=true,north=true,south=true,west=true]	2562
minecraft:stained_glass_pane[color=orange,east=false,north=false,south=false,west=false]	2561
minecraft:stained_glass_pane[color=orange,east=false,north=false,south=false,west=true]	2561
minecraft:stained_glass_pane[color=orange,east=false,north=false,south=true,west=false]	2561
minecraft:stained_glass_pane[color=orange,east=false,north=false,south=true,west=true]	2561
minecraft:stained_glass_pane[color=orange,east=false,north=true,south=false,west=false]	2561
minecraft:stained_glass_pane[color=orange,east=false,north=true,south=false,west=true]	2561
minecraft:stained_glass_pane[color=orange,east=false,north=true,south=true,west=false]	2561
minecraft:stained_glass_pane[color=orange,east=false,north=true,south=true,west=true]	2561
minecraft:stained_glass_pane[color=orange,east=true,north=false,south=false,west=false]	2561
minecraft:stained_glass_pane[color=orange,east=true,north=false,south=false,west=true]	2561
minecraft:stained_glass_pane[color=orange,east=true,north=false,south=true,west=false]	2561
minecraft:stained_glass_pane[color=orange,east=true,north=false,south=true,west=true]	2561
minecraft:stained_glass_pane[color=orange,east=true,north=true,south=false,west=false]	2561
minecraft:stained_glass_pane[color=orange,east=true,north=true,south=false,west=true]	2561
minecraft:stained_glass_pane[color=orange,east=true,north=true,south=true,west=false]	2561
minecraft:stained_glass_pane[color=orange,east=true,north=true,south=true,west=true]	2561
minecraft:stained_glass_pane[color=pink,east=false,north=false,south=false,west=false]	2566
minecraft:stained_glass_pane[color=pink,east=false,north=false,south=false,west=true]	2566
minecraft:stained_glass_pane[color=pink,east=false,north=false,south=true,west=false]	2566
minecraft:stained_glass_pane[color=pink,east=false,north=false,south=true,west=true]	2566
minecraft:stained_glass_pane[color=pink,east=false,north=true,south=false,west=false]	2566
minecraft:stained_glass_pane[color=pink,east=false,north=true,south=false,west=true]	2566
minecraft:stained_glass_pane[color=pink,east=false,north=true,south=true,west=false]	2566
minecraft:stained_glass_pane[color=pink,east=false,north=true,south=true,west=true]	2566
minecraft:stained_glass_pane[color=pink,east=true,north=false,south=false,west=false]	2566
minecraft:stained_glass_pane[color=pink,east=true,north=false,south=false,west=true]	2566
minecraft:stained_glass_pane[color=pink,east=true,north=false,south=true,west=false]	2566
minecraft:stained_glass_pane[color=pink,east=true,north=false,south=true,west=true]	2566
minecraft:stained_glass_pane[color=pink,east=true,north=true,south=false,west=false]	2566
minecraft:stained_glass_pane[color=pink,east=true,north=true,south=false,west=true]	2566
minecraft:stained_glass_pane[color=pink,east=true,north=true,south=true,west=false]	2566
minecraft:stained_glass_pane[color=pink,east=true,north=true,south=true,west=true]	2566
minecraft:stained_glass_pane[color=purple,east=false,north=false,south=false,west=false]	2570
minecraft:stained_glass_pane[color=purple,east=false,north=false,south=false,west=true]	2570
minecraft:stained_glass_pane[color=purple,east=false,north=false,south=true,west=false]	2570
minecraft:stained_glass_pane[color=purple,east=false,north=false,south=true,west=true]	2570
minecraft:stained_glass_pane[color=purple,east=false,north=true,south=false,west=false]	2570
minecraft:stained_glass_pane[color=purple,east=false,north=true,south=false,west=true]	2570
minecraft:stained_glass_pane[color=purple,east=false,north=true,south=true,west=false]	2570
minecraft:stained_glass_pane[color=purple,east=false,north=true,south=true,west=true]	2570
minecraft:stained_glass_pane[color=purple,east=true,north=false,south=false,west=false]	2570
minecraft:stained_glass_pane[color=purple,east=true,north=false,south=false,west=true]	2570
minecraft:stained_glass_pane[color=purple,east=true,north=false,south=true,west=false]	2570
minecraft:stained_glass_pane[color=purple,east=true,north=false,south=true,west=true]	2570
minecraft:stained_glass_pane[color=purple,east=true,north=true,south=false,west=false]	2570
minecraft:stained_glass_pane[color=purple,east=true,north=true,south=false,west=true]	2570
minecraft:stained_glass_pane[color=purple,east=true,north=true,south=true,west=false]	2570
minecraft:stained_glass_pane[color=purple,east=true,north=true,south=true,west=true]	2570
minecraft:stained_glass_pane[color=red,east=false,north=false,south=false,west=false]	2574
minecraft:stained_glass_pane[color=red,east=false,north=false,south=false,west=true]	2574
minecraft:stained_glass_pane[color=red,east=false,north=false,south=true,west=false]	2574
minecraft:stained_glass_pane[color=red,east=false,north=false,south=true,west=true]	2574
minecraft:stained_glass_pane[color=red,east=false,north=true,south=false,west=false]	2574
minecraft:stained_glass_pane[color=red,east=false,north=true,south=false,west=true]	2574
minecraft:stained_glass_pane[color=red,east=false,north=true,south=true,west=false]	2574
minecraft:stained_glass_pane[color=red,east=false,north=true,south=true,west=true]	2574
minecraft:stained_glass_pane[color=red,east=true,north=false,south=false,west=false]	2574
minecraft:stained_glass_pane[color=red,east=true,north=false,south=false,west=true]	2574
minecraft:stained_glass_pane[color=red,east=true,north=false,south=true,west=false]	2574
minecraft:stained_glass_pane[color=red,east=true,north=false,south=true,west=true]	2574
minecraft:stained_glass_pane[color=red,east=true,north=true,south=false,west=false]	2574
minecraft:stained_glass_pane[color=red,east=true,north=true,south=false,west=true]	2574
minecraft:stained_glass_pane[color=red,east=true,north=true,south=true,west=false]	2574
minecraft:stained_glass_pane[color=red,east=true,north=true,south=true,west=true]	2574
minecraft:stained_glass_pane[color=silver,east=false,north=false,south=false,west=false]	2568
minecraft:stained_glass_pane[color=silver,east=false,north=false,south=false,west=true]	2568
minecraft:stained_glass_pane[color=silver,east=false,north=false,south=true,west=false]	2568
minecraft:stained_glass_pane[color=silver,east=false,north=false,south=true,west=true]	2568
minecraft:stained_glass_pane[color=silver,east=false,north=true,south=false,west=false]	2568
minecraft:stained_glass_pane[color=silver,east=false,north=true,south=false,west=true]	2568
minecraft:stained_glass_pane[color=silver,east=false,north=true,south=true,west=false]	2568
minecraft:stained_glass_pane[color=silver,east=false,north=true,south=true,west=true]	2568
minecraft:stained_glass_pane[color=silver,east=true,north=false,south=false,west=false]	2568
minecraft:stained_glass_pane[color=silver,east=true,north=false,south=false,west=true]	2568
minecraft:stained_glass_pane[color=silver,east=true,north=false,south=true,west=false]	2568
minecraft:stained_glass_pane[color=silver,east=true,north=false,south=true,west=true]	2568
minecraft:stained_glass_pane[color=silver,east=true,north=true,south=false,west=false]	2568
minecraft:stained_glass_pane[color=silver,east=true,north=true,south=false,west=true]	2568
minecraft:stained_glass_pane[color=silver,east=true,north=true,south=true,west=false]	2568
minecraft:stained_glass_pane[color=silver,east=true,north=true,south=true,west=true]	2568
minecraft:stained_glass_pane[color=white,east=false,north=false,south=false,west=false]	2560
minecraft:stained_glass_pane[color=white,east=false,north=false,south=false,west=true]	2560
minecraft:stained_glass_pane[color=white,east=false,north=false,south=true,west=false]	2560
minecraft:stained_glass_pane[color=white,east=false,north=false,south=true,west=true]	2560
minecraft:stained_glass_pane[color=white,east=false,north=true,south=false,west=false]	2560
minecraft:stained_glass_pane[color=white,east=false,north=true,south=false,west=true]	2560
minecraft:stained_glass_pane[color=white,east=false,north=true,south=true,west=false]	2560
minecraft:stained_glass_pane[color=white,east=false,north=true,south=true,west=true]	2560
minecraft:stained_glass_pane[color=white,east=true,north=false,south=false,west=false]	2560
minecraft:stained_glass_pane[color=white,east=true,north=false,south=false,west=true]	2560
minecraft:stained_glass_pane[color=white,east=true,north=false,south=true,west=false]	2560
minecraft:stained_glass_pane[color=white,east=true,north=false,south=true,west=true]	2560
minecraft:stained_glass_pane[color=white,east=true,north=true,south=false,west=false]	2560
minecraft:stained_glass_pane[color=white,east=true,north=true,south=false,west=true]	2560
minecraft:stained_glass_pane[color=white,east=true,north=true,south=true,west=false]	2560
minecraft:stained_glass_pane[color=white,east=true,north=true,south=true,west=true]	2560
minecraft:stained_glass_pane[color=yellow,east=false,north=false,south=false,west=false]	2564
minecraft:stained_glass_pane[color=yellow,east=false,north=false,south=false,west=true]	2564
minecraft:stained_glass_pane[color=yellow,east=false,north=false,south=true,west=false]	2564
minecraft:stained_glass_pane[color=yellow,east=false,north=false,south=true,west=true]	2564
minecraft:stained_glass_pane[color=yellow,east=false,north=true,south=false,west=false]	2564
minecraft:stained_glass_pane[color=yellow,east=false,north=true,south=false,west=true]	2564
minecraft:stained_glass_pane[color=yellow,east=false,north=true,south=true,west=false]	2564
minecraft:stained_glass_pane[color=yellow,east=false,north=true,south=true,west=true]	2564
minecraft:stained_glass_pane[color=yellow,east=true,north=false,south=false,west=false]	2564
minecraft:stained_glass_pane[color=yellow,east=true,north=false,south=false,west=true]	2564
minecraft:stained_glass_pane[color=yellow,east=true,north=false,south=true,west=false]	2564
minecraft:stained_glass_pane[color=yellow,east=true,north=false,south=true,west=true]	2564
minecraft:stained_glass_pane[color=yellow,east=true,north=true,south=false,west=false]	2564
minecraft:stained_glass_pane[color=yellow,east=true,north=true,south=false,west=true]	2564
minecraft:stained_glass_pane[color=yellow,east=true,north=true,south=true,west=false]	2564
minecraft:stained_glass_pane[color=yellow,east=true,north=true,south=true,west=true]	2564
minecraft:stained_hardened_clay[color=black]	2559
minecraft:stained_hardened_clay[color=blue]	2555
minecraft:stained_hardened_clay[color=brown]	2556
minecraft:stained_hardened_clay[color=cyan]	2553
minecraft:stained_hardened_clay[color=gray]	2551
minecraft:stained_hardened_clay[color=green]	2557
minecraft:stained_hardened_clay[color=light_blue]	2547
minecraft:stained_hardened_clay[color=lime]	2549
minecraft:stained_hardened_clay[color=magenta]	2546
minecraft:stained_hardened_clay[color=orange]	2545
minecraft:stained_hardened_clay[color=pink]	2550
minecraft:stained_hardened_clay[color=purple]	2554
minecraft:stained_hardened_clay[color=red]	2558
minecraft:stained_hardened_clay[color=silver]	2552
minecraft:stained_hardened_clay[color=white]	2544
minecraft:stained_hardened_clay[color=yellow]	2548
minecraft:standing_banner[rotation=0]	2816
minecraft:standing_banner[rotation=10]	2826
minecraft:standing_banner[rotation=11]	2827
minecraft:standing_banner[rotation=12]	2828
minecraft:standing_banner[rotation=13]	2829
minecraft:standing_banner[rotation=14]	2830
minecraft:standing_banner[rotation=15]	2831
minecraft:standing_banner[rotation=1]	2817
minecraft:standing_banner[rotation=2]	2818
minecraft:standing_banner[rotation=3]	2819
minecraft:standing_banner[rotation=4]	2820
minecraft:standing_banner[rotation=5]	2821
minecraft:standing_banner[rotation=6]	2822
minecraft:standing_banner[rotation=7]	2823
minecraft:standing_banner[rotation=8]	2824
minecraft:standing_banner[rotation=9]	2825
minecraft:standing_sign[rotation=0]	1008
minecraft:standing_sign[rotation=10]	1018
minecraft:standing_sign[rotation=11]	1019
minecraft:standing_sign[rotation=12]	1020
minecraft:standing_sign[rotation=13]	1021
minecraft:standing_sign[rotation=14]	1022
minecraft:standing_sign[rotation=15]	1023
minecraft:standing_sign[rotation=1]	1009
minecraft:standing_sign[rotation=2]	1010
minecraft:standing_sign[rotation=3]	1011
minecraft:standing_sign[rotation=4]	1012
minecraft:standing_sign[rotation=5]	1013
minecraft:standing_sign[rotation=6]	1014
minecraft:standing_sign[rotation=7]	1015
minecraft:standing_sign[rotation=8]	1016
minecraft:standing_sign[rotation=9]	1017
minecraft:sticky_piston[extended=false,facing=down]	464
minecraft:sticky_piston[extended=false,facing=east]	469
minecraft:sticky_piston[extended=false,facing=north]	466
minecraft:sticky_piston[extended=false,facing=south]	467
minecraft:sticky_piston[extended=false,facing=up]	465
minecraft:sticky_piston[extended=false,facing=west]	468
minecraft:sticky_piston[extended=true,facing=down]	472
minecraft:sticky_piston[extended=true,facing=east]	477
minecraft:sticky_piston[extended=true,facing=north]	474
minecraft:sticky_piston[extended=true,facing=south]	475
minecraft:sticky_piston[extended=true,facing=up]	473
minecraft:sticky_piston[extended=true,facing=west]	476
minecraft:stone[variant=andesite]	21
minecraft:stone[variant=diorite]	19
minecraft:stone[variant=granite]	17
minecraft:stone[variant=smooth_andesite]	22
minecraft:stone[variant=smooth_diorite]	20
minecraft:stone[variant=smooth_granite]	18
minecraft:stone[variant=stone]	16
minecraft:stone_brick_stairs[facing=east,half=bottom,shape=inner_left]	1744
minecraft:stone_brick_stairs[facing=east,half=bottom,shape=inner_right]	1744
minecraft:stone_brick_stairs[facing=east,half=bottom,shape=outer_left]	1744
minecraft:stone_brick_stairs[facing=east,half=bottom,shape=outer_right]	1744
minecraft:stone_brick_stairs[facing=east,half=bottom,shape=straight]	1744
minecraft:stone_brick_stairs[facing=east,half=top,shape=inner_left]	1748
minecraft:stone_brick_stairs[facing=east,half=top,shape=inner_right]	1748
minecraft:stone_brick_stairs[facing=east,half=top,shape=outer_left]	1748
minecraft:stone_brick_stairs[facing=east,half=top,shape=outer_right]	1748
minecraft:stone_brick_stairs[facing=east,half=top,shape=straight]	1748
minecraft:stone_brick_stairs[facing=north,half=bottom,shape=inner_left]	1747
minecraft:stone_brick_stairs[facing=north,half=bottom,shape=inner_right]	1747
minecraft:stone_brick_stairs[facing=north,half=bottom,shape=outer_left]	1747
minecraft:stone_brick_stairs[facing=north,half=bottom,shape=outer_right]	1747
minecraft:stone_brick_stairs[facing=north,half=bottom,shape=straight]	1747
minecraft:stone_brick_stairs[facing=north,half=top,shape=inner_left]	1751
minecraft:stone_brick_stairs[facing=north,half=top,shape=inner_right]	1751
minecraft:stone_brick_stairs[facing=north,half=top,shape=outer_left]	1751
minecraft:stone_brick_stairs[facing=north,half=top,shape=outer_right]	1751
minecraft:stone_brick_stairs[facing=north,half=top,shape=straight]	1751
minecraft:stone_brick_stairs[facing=south,half=bottom,shape=inner_left]	1746
minecraft:stone_brick_stairs[facing=south,half=bottom,shape=inner_right]	1746
minecraft:stone_brick_stairs[facing=south,half=bottom,shape=outer_left]	1746
minecraft:stone_brick_stairs[facing=south,half=bottom,shape=outer_right]	1746
minecraft:stone_brick_stairs[facing=south,half=bottom,shape=straight]	1746
minecraft:stone_brick_stairs[facing=south,half=top,shape=inner_left]	1750
minecraft:stone_brick_stairs[facing=south,half=top,shape=inner_right]	1750
minecraft:stone_brick_stairs[facing=south,half=top,shape=outer_left]	1750
minecraft:stone_brick_stairs[facing=south,half=top,shape=outer_right]	1750
minecraft:stone_brick_stairs[facing=south,half=top,shape=straight]	1750
minecraft:stone_brick_stairs[facing=west,half=bottom,shape=inner_left]	1745
minecraft:stone_brick_stairs[facing=west,half=bottom,shape=inner_right]	1745
minecraft:stone_brick_stairs[facing=west,half=bottom,shape=outer_left]	1745
minecraft:stone_brick_stairs[facing=west,half=bottom,shape=outer_right]	1745
minecraft:stone_brick_stairs[facing=west,half=bottom,shape=straight]	1745
minecraft:stone_brick_stairs[facing=west,half=top,shape=inner_left]	1749
minecraft:stone_brick_stairs[facing=west,half=top,shape=inner_right]	1749
minecraft:stone_brick_stairs[facing=west,half=top,shape=outer_left]	1749
minecraft:stone_brick_stairs[facing=west,half=top,shape=outer_right]	1749
minecraft:stone_brick_stairs[facing=west,half=top,shape=straight]	1749
minecraft:stone_button[facing=down,powered=false]	1232
minecraft:stone_button[facing=down,powered=true]	1240
minecraft:stone_button[facing=east,powered=false]	1233
minecraft:stone_button[facing=east,powered=true]	1241
minecraft:stone_button[facing=north,powered=false]	1236
minecraft:stone_button[facing=north,powered=true]	1244
minecraft:stone_button[facing=south,powered=false]	1235
minecraft:stone_button[facing=south,powered=true]	1243
minecraft:stone_button[facing=up,powered=false]	1237
minecraft:stone_button[facing=up,powered=true]	1245
minecraft:stone_button[facing=west,powered=false]	1234
minecraft:stone_button[facing=west,powered=true]	1242
minecraft:stone_pressure_plate[powered=false]	1120
minecraft:stone_pressure_plate[powered=true]	1121
minecraft:stone_slab2[half=bottom,variant=red_sandstone]	2912
minecraft:stone_slab2[half=top,variant=red_sandstone]	2920
minecraft:stone_slab[half=bottom,variant=brick]	708
minecraft:stone_slab[half=bottom,variant=cobblestone]	707
minecraft:stone_slab[half=bottom,variant=nether_brick]	710
minecraft:stone_slab[half=bottom,variant=quartz]	711
minecraft:stone_slab[half=bottom,variant=sandstone]	705
minecraft:stone_slab[half=bottom,variant=stone]	704
minecraft:stone_slab[half=bottom,variant=stone_brick]	709
minecraft:stone_slab[half=bottom,variant=wood_old]	706
minecraft:stone_slab[half=top,variant=brick]	716
minecraft:stone_slab[half=top,variant=cobblestone]	715
minecraft:stone_slab[half=top,variant=nether_brick]	718
minecraft:stone_slab[half=top,variant=quartz]	719
minecraft:stone_slab[half=top,variant=sandstone]	713
minecraft:stone_slab[half=top,variant=stone]	712
minecraft:stone_slab[half=top,variant=stone_brick]	717
minecraft:stone_slab[half=top,variant=wood_old]	714
minecraft:stone_stairs[facing=east,half=bottom,shape=inner_left]	1072
minecraft:stone_stairs[facing=east,half=bottom,shape=inner_right]	1072
minecraft:stone_stairs[facing=east,half=bottom,shape=outer_left]	1072
minecraft:stone_stairs[facing=east,half=bottom,shape=outer_right]	1072
minecraft:stone_stairs[facing=east,half=bottom,shape=straight]	1072
minecraft:stone_stairs[facing=east,half=top,shape=inner_left]	1076
minecraft:stone_stairs[facing=east,half=top,shape=inner_right]	1076
minecraft:stone_stairs[facing=east,half=top,shape=outer_left]	1076
minecraft:stone_stairs[facing=east,half=top,shape=outer_right]	1076
minecraft:stone_stairs[facing=east,half=top,shape=straight]	1076
minecraft:stone_stairs[facing=north,half=bottom,shape=inner_left]	1075
minecraft:stone_stairs[facing=north,half=bottom,shape=inner_right]	1075
minecraft:stone_stairs[facing=north,half=bottom,shape=outer_left]	1075
minecraft:stone_stairs[facing=north,half=bottom,shape=outer_right]	1075
minecraft:stone_stairs[facing=north,half=bottom,shape=straight]	1075
minecraft:stone_stairs[facing=north,half=top,shape=inner_left]	1079
minecraft:stone_stairs[facing=north,half=top,shape=inner_right]	1079
minecraft:stone_stairs[facing=north,half=top,shape=outer_left]	1079
minecraft:stone_stairs[facing=north,half=top,shape=outer_right]	1079
minecraft:stone_stairs[facing=north,half=top,shape=straight]	1079
minecraft:stone_stairs[facing=south,half=bottom,shape=inner_left]	1074
minecraft:stone_stairs[facing=south,half=bottom,shape=inner_right]	1074
minecraft:stone_stairs[facing=south,half=bottom,shape=outer_left]	1074
minecraft:stone_stairs[facing=south,half=bottom,shape=outer_right]	1074
minecraft:stone_stairs[facing=south,half=bottom,shape=straight]	1074
minecraft:stone_stairs[facing=south,half=top,shape=inner_left]	1078
minecraft:stone_stairs[facing=south,half=top,shape=inner_right]	1078
minecraft:stone_stairs[facing=south,half=top,shape=outer_left]	1078
minecraft:stone_stairs[facing=south,half=top,shape=outer_right]	1078
minecraft:stone_stairs[facing=south,half=top,shape=straight]	1078
minecraft:stone_stairs[facing=west,half=bottom,shape=inner_left]	1073
minecraft:stone_stairs[facing=west,half=bottom,shape=inner_right]	1073
minecraft:stone_stairs[facing=west,half=bottom,shape=outer_left]	1073
minecraft:stone_stairs[facing=west,half=bottom,shape=outer_right]	1073
minecraft:stone_stairs[facing=west,half=bottom,shape=straight]	1073
minecraft:stone_stairs[facing=west,half=top,shape=inner_left]	1077
minecraft:stone_stairs[facing=west,half=top,shape=inner_right]	1077
minecraft:stone_stairs[facing=west,half=top,shape=outer_left]	1077
minecraft:stone_stairs[facing=west,half=top,shape=outer_right]	1077
minecraft:stone_stairs[facing=west,half=top,shape=straight]	1077
minecraft:stonebrick[variant=chiseled_stonebrick]	1571
minecraft:stonebrick[variant=cracked_stonebrick]	1570
minecraft:stonebrick[variant=mossy_stonebrick]	1569
minecraft:stonebrick[variant=stonebrick]	1568
minecraft:structure_block[mode=corner]	4082
minecraft:structure_block[mode=data]	4083
minecraft:structure_block[mode=load]	4081
minecraft:structure_block[mode=save]	4080
minecraft:structure_void	3472
minecraft:tallgrass[type=dead_bush]	496
minecraft:tallgrass[type=fern]	498
minecraft:tallgrass[type=tall_grass]	497
minecraft:tnt[explode=false]	736
minecraft:tnt[explode=true]	737
minecraft:torch[facing=east]	801
minecraft:torch[facing=north]	804
minecraft:torch[facing=south]	803
minecraft:torch[facing=up]	805
minecraft:torch[facing=west]	802
minecraft:trapdoor[facing=east,half=bottom,open=false]	1539
minecraft:trapdoor[facing=east,half=bottom,open=true]	1543
minecraft:trapdoor[facing=east,half=top,open=false]	1547
minecraft:trapdoor[facing=east,half=top,open=true]	1551
minecraft:trapdoor[facing=north,half=bottom,open=false]	1536
minecraft:trapdoor[facing=north,half=bottom,open=true]	1540
minecraft:trapdoor[facing=north,half=top,open=false]	1544
minecraft:trapdoor[facing=north,half=top,open=true]	1548
minecraft:trapdoor[facing=south,half=bottom,open=false]	1537
minecraft:trapdoor[facing=south,half=bottom,open=true]	1541
minecraft:trapdoor[facing=south,half=top,open=false]	1545
minecraft:trapdoor[facing=south,half=top,open=true]	1549
minecraft:trapdoor[facing=west,half=bottom,open=false]	1538
minecraft:trapdoor[facing=west,half=bottom,open=true]	1542
minecraft:trapdoor[facing=west,half=top,open=false]	1546
minecraft:trapdoor[facing=west,half=top,open=true]	1550
minecraft:trapped_chest[facing=east]	2341
minecraft:trapped_chest[facing=north]	2338
minecraft:trapped_chest[facing=south]	2339
minecraft:trapped_chest[facing=west]	2340
minecraft:tripwire[attached=false,disarmed=false,east=false,north=false,powered=false,south=false,west=false]	2112
minecraft:tripwire[attached=false,disarmed=false,east=false,north=false,powered=false,south=false,west=true]	2112
minecraft:tripwire[attached=false,disarmed=false,east=false,north=false,powered=false,south=true,west=false]	2112
minecraft:tripwire[attached=false,disarmed=false,east=false,north=false,powered=false,south=true,west=true]	2112
minecraft:tripwire[attached=false,disarmed=false,east=false,north=false,powered=true,south=false,west=false]	2113
minecraft:tripwire[attached=false,disarmed=false,east=false,north=false,powered=true,south=false,west=true]	2113
minecraft:tripwire[attached=false,disarmed=false,east=false,north=false,powered=true,south=true,west=false]	2113
minecraft:tripwire[attached=false,disarmed=false,east=false,north=false,powered=true,south=true,west=true]	2113
minecraft:tripwire[attached=false,disarmed=false,east=false,north=true,powered=false,south=false,west=false]	2112
minecraft:tripwire[attached=false,disarmed=false,east=false,north=true,powered=false,south=false,west=true]	2112
minecraft:tripwire[attached=false,disarmed=false,east=false,north=true,powered=false,south=true,west=false]	2112
minecraft:tripwire[attached=false,disarmed=false,east=false,north=true,powered=false,south=true,west=true]	2112
minecraft:tripwire[attached=false,disarmed=false,east=false,north=true,powered=true,south=false,west=false]	2113
minecraft:tripwire[attached=false,disarmed=false,east=false,north=true,powered=true,south=false,west=true]	2113
minecraft:tripwire[attached=false,disarmed=false,east=false,north=true,powered=true,south=true,west=false]	2113
minecraft:tripwire[attached=false,disarmed=false,east=false,north=true,powered=true,south=true,west=true]	2113
minecraft:tripwire[attached=false,disarmed=false,east=true,north=false,powered=false,south=false,west=false]	2112
minecraft:tripwire[attached=false,disarmed=false,east=true,north=false,powered=false,south=false,west=true]	2112
minecraft:tripwire[attached=false,disarmed=false,east=true,north=false,powered=false,south=true,west=false]	2112
minecraft:tripwire[attached=false,disarmed=false,east=true,north=false,powered=false,south=true,west=true]	2112
minecraft:tripwire[attached=false,disarmed=false,east=true,north=false,powered=true,south=false,west=false]	2113
minecraft:tripwire[attached=false,disarmed=false,east=true,north=false,powered=true,south=false,west=true]	2113
minecraft:tripwire[attached=false,disarmed=false,east=true,north=false,powered=true,south=true,west=false]	2113
minecraft:tripwire[attached=false,disarmed=false,east=true,north=false,powered=true,south=true,west=true]	2113
minecraft:tripwire[attached=false,disarmed=false,east=true,north=true,powered=false,south=false,west=false]	2112
minecraft:tripwire[attached=false,disarmed=false,east=true,north=true,powered=false,south=false,west=true]	2112
minecraft:tripwire[attached=false,disarmed=false,east=true,north=true,powered=false,south=true,west=false]	2112
minecraft:tripwire[attached=false,disarmed=false,east=true,north=true,powered=false,south=true,west=true]	2112
minecraft:tripwire[attached=false,disarmed=false,east=true,north=true,powered=true,south=false,west=false]	2113
minecraft:tripwire[attached=false,disarmed=false,east=true,north=true,powered=true,south=false,west=true]	2113
minecraft:tripwire[attached=false,disarmed=false,east=true,north=true,powered=true,south=true,west=false]	2113
minecraft:tripwire[attached=false,disarmed=false,east=true,north=true,powered=true,south=true,west=true]	2113
minecraft:tripwire[attached=false,disarmed=true,east=false,north=false,powered=false,south=false,west=false]	2120
minecraft:tripwire[attached=false,disarmed=true,east=false,north=false,powered=false,south=false,west=true]	2120
minecraft:tripwire[attached=false,disarmed=true,east=false,north=false,powered=false,south=true,west=false]	2120
minecraft:tripwire[attached=false,disarmed=true,east=false,north=false,powered=false,south=true,west=true]	2120
minecraft:tripwire[attached=false,disarmed=true,east=false,north=false,powered=true,south=false,west=false]	2121
minecraft:tripwire[attached=false,disarmed=true,east=false,north=false,powered=true,south=false,west=true]	2121
minecraft:tripwire[attached=false,disarmed=true,east=false,north=false,powered=true,south=true,west=false]	2121
minecraft:tripwire[attached=false,disarmed=true,east=false,north=false,powered=true,south=true,west=true]	2121
minecraft:tripwire[attached=false,disarmed=true,east=false,north=true,powered=false,south=false,west=false]	2120
minecraft:tripwire[attached=false,disarmed=true,east=false,north=true,powered=false,south=false,west=true]	2120
minecraft:tripwire[attached=false,disarmed=true,east=false,north=true,powered=false,south=true,west=false]	2120
minecraft:tripwire[attached=false,disarmed=true,east=false,north=true,powered=false,south=true,west=true]	2120
minecraft:tripwire[attached=false,disarmed=true,east=false,north=true,powered=true,south=false,west=false]	2121
minecraft:tripwire[attached=false,disarmed=true,east=false,north=true,powered=true,south=false,west=true]	2121
minecraft:tripwire[attached=false,disarmed=true,east=false,north=true,powered=true,south=true,west=false]	2121
minecraft:tripwire[attached=false,disarmed=true,east=false,north=true,powered=true,south=true,west=true]	2121
minecraft:tripwire[attached=false,disarmed=true,east=true,north=false,powered=false,south=false,west=false]	2120
minecraft:tripwire[attached=false,disarmed=true,east=true,north=false,powered=false,south=false,west=true]	2120
minecraft:tripwire[attached=false,disarmed=true,east=true,north=false,powered=false,south=true,west=false]	2120
minecraft:tripwire[attached=false,disarmed=true,east=true,north=false,powered=false,south=true,west=true]	2120
minecraft:tripwire[attached=false,disarmed=true,east=true,north=false,powered=true,south=false,west=false]	2121
minecraft:tripwire[attached=false,disarmed=true,east=true,north=false,powered=true,south=false,west=true]	2121
minecraft:tripwire[attached=false,disarmed=true,east=true,north=false,powered=true,south=true,west=false]	2121
minecraft:tripwire[attached=false,disarmed=true,east=true,north=false,powered=true,south=true,west=true]	2121
minecraft:tripwire[attached=false,disarmed=true,east=true,north=true,powered=false,south=false,west=false]	2120
minecraft:tripwire[attached=false,disarmed=true,east=true,north=true,powered=false,south=false,west=true]	2120
minecraft:tripwire[attached=false,disarmed=true,east=true,north=true,powered=false,south=true,west=false]	2120
minecraft:tripwire[attached=false,disarmed=true,east=true,north=true,powered=false,south=true,west=true]	2120
minecraft:tripwire[attached=false,disarmed=true,east=true,north=true,powered=true,south=false,west=false]	2121
minecraft:tripwire[attached=false,disarmed=true,east=true,north=true,powered=true,south=false,west=true]	2121
minecraft:tripwire[attached=false,disarmed=true,east=true,north=true,powered=true,south=true,west=false]	2121
minecraft:tripwire[attached=false,disarmed=true,east=true,north=true,powered=true,south=true,west=true]	2121
minecraft:tripwire[attached=true,disarmed=false,east=false,north=false,powered=false,south=false,west=false]	2116
minecraft:tripwire[attached=true,disarmed=false,east=false,north=false,powered=false,south=false,west=true]	2116
minecraft:tripwire[attached=true,disarmed=false,east=false,north=false,powered=false,south=true,west=false]	2116
minecraft:tripwire[attached=true,disarmed=false,east=false,north=false,powered=false,south=true,west=true]	2116
minecraft:tripwire[attached=true,disarmed=false,east=false,north=false,powered=true,south=false,west=false]	2117
minecraft:tripwire[attached=true,disarmed=false,east=false,north=false,powered=true,south=false,west=true]	2117
minecraft:tripwire[attached=true,disarmed=false,east=false,north=false,powered=true,south=true,west=false]	2117
minecraft:tripwire[attached=true,disarmed=false,east=false,north=false,powered=true,south=true,west=true]	2117
minecraft:tripwire[attached=true,disarmed=false,east=false,north=true,powered=false,south=false,west=false]	2116
minecraft:tripwire[attached=true,disarmed=false,east=false,north=true,powered=false,south=false,west=true]	2116
minecraft:tripwire[attached=true,disarmed=false,east=false,north=true,powered=false,south=true,west=false]	2116
minecraft:tripwire[attached=true,disarmed=false,east=false,north=true,powered=false,south=true,west=true]	2116
minecraft:tripwire[attached=true,disarmed=false,east=false,north=true,powered=true,south=false,west=false]	2117
minecraft:tripwire[attached=true,disarmed=false,east=false,north=true,powered=true,south=false,west=true]	2117
minecraft:tripwire[attached=true,disarmed=false,east=false,north=true,powered=true,south=true,west=false]	2117
minecraft:tripwire[attached=true,disarmed=false,east=false,north=true,powered=true,south=true,west=true]	2117
minecraft:tripwire[attached=true,disarmed=false,east=true,north=false,powered=false,south=false,west=false]	2116
minecraft:tripwire[attached=true,disarmed=false,east=true,north=false,powered=false,south=false,west=true]	2116
minecraft:tripwire[attached=true,disarmed=false,east=true,north=false,powered=false,south=true,west=false]	2116
minecraft:tripwire[attached=true,disarmed=false,east=true,north=false,powered=false,south=true,west=true]	2116
minecraft:tripwire[attached=true,disarmed=false,east=true,north=false,powered=true,south=false,west=false]	2117
minecraft:tripwire[attached=true,disarmed=false,east=true,north=false,powered=true,south=false,west=true]	2117
minecraft:tripwire[attached=true,disarmed=false,east=true,north=false,powered=true,south=true,west=false]	2117
minecraft:tripwire[attached=true,disarmed=false,east=true,north=false,powered=true,south=true,west=true]	2117
minecraft:tripwire[attached=true,disarmed=false,east=true,north=true,powered=false,south=false,west=false]	2116
minecraft:tripwire[attached=true,disarmed=false,east=true,north=true,powered=false,south=false,west=true]	2116
minecraft:tripwire[attached=true,disarmed=false,east=true,north=true,powered=false,south=true,west=false]	2116
minecraft:tripwire[attached=true,disarmed=false,east=true,north=true,powered=false,south=true,west=true]	2116
minecraft:tripwire[attached=true,disarmed=false,east=true,north=true,powered=true,south=false,west=false]	2117
minecraft:tripwire[attached=true,disarmed=false,east=true,north=true,powered=true,south=false,west=true]	2117
minecraft:tripwire[attached=true,disarmed=false,east=true,north=true,powered=true,south=true,west=false]	2117
minecraft:tripwire[attached=true,disarmed=false,east=true,north=true,powered=true,south=true,west=true]	2117
minecraft:tripwire[attached=true,disarmed=true,east=false,north=false,powered=false,south=false,west=false]	2124
minecraft:tripwire[attached=true,disarmed=true,east=false,north=false,powered=false,south=false,west=true]	2124
minecraft:tripwire[attached=true,disarmed=true,east=false,north=false,powered=false,south=true,west=false]	2124
minecraft:tripwire[attached=true,disarmed=true,east=false,north=false,powered=false,south=true,west=true]	2124
minecraft:tripwire[attached=true,disarmed=true,east=false,north=false,powered=true,south=false,west=false]	2125
minecraft:tripwire[attached=true,disarmed=true,east=false,north=false,powered=true,south=false,west=true]	2125
minecraft:tripwire[attached=true,disarmed=true,east=false,north=false,powered=true,south=true,west=false]	2125
minecraft:tripwire[attached=true,disarmed=true,east=false,north=false,powered=true,south=true,west=true]	2125
minecraft:tripwire[attached=true,disarmed=true,east=false,north=true,powered=false,south=false,west=false]	2124
minecraft:tripwire[attached=true,disarmed=true,east=false,north=true,powered=false,south=false,west=true]	2124
minecraft:tripwire[attached=true,disarmed=true,east=false,north=true,powered=false,south=true,west=false]	2124
minecraft:tripwire[attached=true,disarmed=true,east=false,north=true,powered=false,south=true,west=true]	2124
minecraft:tripwire[attached=true,disarmed=true,east=false,north=true,powered=true,south=false,west=false]	2125
minecraft:tripwire[attached=true,disarmed=true,east=false,north=true,powered=true,south=false,west=true]	2125
minecraft:tripwire[attached=true,disarmed=true,east=false,north=true,powered=true,south=true,west=false]	2125
minecraft:tripwire[attached=true,disarmed=true,east=false,north=true,powered=true,south=true,west=true]	2125
minecraft:tripwire[attached=true,disarmed=true,east=true,north=false,powered=false,south=false,west=false]	2124
minecraft:tripwire[attached=true,disarmed=true,east=true,north=false,powered=false,south=false,west=true]	2124
minecraft:tripwire[attached=true,disarmed=true,east=true,north=false,powered=false,south=true,west=false]	2124
minecraft:tripwire[attached=true,disarmed=true,east=true,north=false,powered=false,south=true,west=true]	2124
minecraft:tripwire[attached=true,disarmed=true,east=true,north=false,powered=true,south=false,west=false]	2125
minecraft:tripwire[attached=true,disarmed=true,east=true,north=false,powered=true,south=false,west=true]	2125
minecraft:tripwire[attached=true,disarmed=true,east=true,north=false,powered=true,south=true,west=false]	2125
minecraft:tripwire[attached=true,disarmed=true,east=true,north=false,powered=true,south=true,west=true]	2125
minecraft:tripwire[attached=true,disarmed=true,east=true,north=true,powered=false,south=false,west=false]	2124
minecraft:tripwire[attached=true,disarmed=true,east=true,north=true,powered=false,south=false,west=true]	2124
minecraft:tripwire[attached=true,disarmed=true,east=true,north=true,powered=false,south=true,west=false]	2124
minecraft:tripwire[attached=true,disarmed=true,east=true,north=true,powered=false,south=true,west=true]	2124
minecraft:tripwire[attached=true,disarmed=true,east=true,north=true,powered=true,south=false,west=false]	2125
minecraft:tripwire[attached=true,disarmed=true,east=true,north=true,powered=true,south=false,west=true]	2125
minecraft:tripwire[attached=true,disarmed=true,east=true,north=true,powered=true,south=true,west=false]	2125
minecraft:tripwire[attached=true,disarmed=true,east=true,north=true,powered=true,south=true,west=true]	2125
minecraft:tripwire_hook[attached=false,facing=east,powered=false]	2099
minecraft:tripwire_hook[attached=false,facing=east,powered=true]	2107
minecraft:tripwire_hook[attached=false,facing=north,powered=false]	2098
minecraft:tripwire_hook[attached=false,facing=north,powered=true]	2106
minecraft:tripwire_hook[attached=false,facing=south,powered=false]	2096
minecraft:tripwire_hook[attached=false,facing=south,powered=true]	2104
minecraft:tripwire_hook[attached=false,facing=west,powered=false]	2097
minecraft:tripwire_hook[attached=false,facing=west,powered=true]	2105
minecraft:tripwire_hook[attached=true,facing=east,powered=false]	2103
minecraft:tripwire_hook[attached=true,facing=east,powered=true]	2111
minecraft:tripwire_hook[attached=true,facing=north,powered=false]	2102
minecraft:tripwire_hook[attached=true,facing=north,powered=true]	2110
minecraft:tripwire_hook[attached=true,facing=south,powered=false]	2100
minecraft:tripwire_hook[attached=true,facing=south,powered=true]	2108
minecraft:tripwire_hook[attached=true,facing=west,powered=false]	2101
minecraft:tripwire_hook[attached=true,facing=west,powered=true]	2109
minecraft:unlit_redstone_torch[facing=east]	1201
minecraft:unlit_redstone_torch[facing=north]	1204
minecraft:unlit_redstone_torch[facing=south]	1203
minecraft:unlit_redstone_torch[facing=up]	1205
minecraft:unlit_redstone_torch[facing=west]	1202
minecraft:unpowered_comparator[facing=east,mode=compare,powered=false]	2387
minecraft:unpowered_comparator[facing=east,mode=compare,powered=true]	2395
minecraft:unpowered_comparator[facing=east,mode=subtract,powered=false]	2391
minecraft:unpowered_comparator[facing=east,mode=subtract,powered=true]	2399
minecraft:unpowered_comparator[facing=north,mode=compare,powered=false]	2386
minecraft:unpowered_comparator[facing=north,mode=compare,powered=true]	2394
minecraft:unpowered_comparator[facing=north,mode=subtract,powered=false]	2390
minecraft:unpowered_comparator[facing=north,mode=subtract,powered=true]	2398
minecraft:unpowered_comparator[facing=south,mode=compare,powered=false]	2384
minecraft:unpowered_comparator[facing=south,mode=compare,powered=true]	2392
minecraft:unpowered_comparator[facing=south,mode=subtract,powered=false]	2388
minecraft:unpowered_comparator[facing=south,mode=subtract,powered=true]	2396
minecraft:unpowered_comparator[facing=west,mode=compare,powered=false]	2385
minecraft:unpowered_comparator[facing=west,mode=compare,powered=true]	2393
minecraft:unpowered_comparator[facing=west,mode=subtract,powered=false]	2389
minecraft:unpowered_comparator[facing=west,mode=subtract,powered=true]	2397
minecraft:unpowered_repeater[delay=1,facing=east,locked=false]	1491
minecraft:unpowered_repeater[delay=1,facing=east,locked=true]	1491
minecraft:unpowered_repeater[delay=1,facing=north,locked=false]	1490
minecraft:unpowered_repeater[delay=1,facing=north,locked=true]	1490
minecraft:unpowered_repeater[delay=1,facing=south,locked=false]	1488
minecraft:unpowered_repeater[delay=1,facing=south,locked=true]	1488
minecraft:unpowered_repeater[delay=1,facing=west,locked=false]	1489
minecraft:unpowered_repeater[delay=1,facing=west,locked=true]	1489
minecraft:unpowered_repeater[delay=2,facing=east,locked=false]	1495
minecraft:unpowered_repeater[delay=2,facing=east,locked=true]	1495
minecraft:unpowered_repeater[delay=2,facing=north,locked=false]	1494
minecraft:unpowered_repeater[delay=2,facing=north,locked=true]	1494
minecraft:unpowered_repeater[delay=2,facing=south,locked=false]	1492
minecraft:unpowered_repeater[delay=2,facing=south,locked=true]	1492
minecraft:unpowered_repeater[delay=2,facing=west,locked=false]	1493
minecraft:unpowered_repeater[delay=2,facing=west,locked=true]	1493
minecraft:unpowered_repeater[delay=3,facing=east,locked=false]	1499
minecraft:unpowered_repeater[delay=3,facing=east,locked=true]	1499
minecraft:unpowered_repeater[delay=3,facing=north,locked=false]	1498
minecraft:unpowered_repeater[delay=3,facing=north,locked=true]	1498
minecraft:unpowered_repeater[delay=3,facing=south,locked=false]	1496
minecraft:unpowered_repeater[delay=3,facing=south,locked=true]	1496
minecraft:unpowered_repeater[delay=3,facing=west,locked=false]	1497
minecraft:unpowered_repeater[delay=3,facing=west,locked=true]	1497
minecraft:unpowered_repeater[delay=4,facing=east,locked=false]	1503
minecraft:unpowered_repeater[delay=4,facing=east,locked=true]	1503
minecraft:unpowered_repeater[delay=4,facing=north,locked=false]	1502
minecraft:unpowered_repeater[delay=4,facing=north,locked=true]	1502
minecraft:unpowered_repeater[delay=4,facing=south,locked=false]	1500
minecraft:unpowered_repeater[delay=4,facing=south,locked=true]	1500
minecraft:unpowered_repeater[delay=4,facing=west,locked=false]	1501
minecraft:unpowered_repeater[delay=4,facing=west,locked=true]	1501
minecraft:vine[east=false,north=false,south=false,up=false,west=false]	1696
minecraft:vine[east=false,north=false,south=false,up=false,west=true]	1698
minecraft:vine[east=false,north=false,south=false,up=true,west=false]	1696
minecraft:vine[east=false,north=false,south=false,up=true,west=true]	1698
minecraft:vine[east=false,north=false,south=true,up=false,west=false]	1697
minecraft:vine[east=false,north=false,south=true,up=false,west=true]	1699
minecraft:vine[east=false,north=false,south=true,up=true,west=false]	1697
minecraft:vine[east=false,north=false,south=true,up=true,west=true]	1699
minecraft:vine[east=false,north=true,south=false,up=false,west=false]	1700
minecraft:vine[east=false,north=true,south=false,up=false,west=true]	1702
minecraft:vine[east=false,north=true,south=false,up=true,west=false]	1700
minecraft:vine[east=false,north=true,south=false,up=true,west=true]	1702
minecraft:vine[east=false,north=true,south=true,up=false,west=false]	1701
minecraft:vine[east=false,north=true,south=true,up=false,west=true]	1703
minecraft:vine[east=false,north=true,south=true,up=true,west=false]	1701
minecraft:vine[east=false,north=true,south=true,up=true,west=true]	1703
minecraft:vine[east=true,north=false,south=false,up=false,west=false]	1704
minecraft:vine[east=true,north=false,south=false,up=false,west=true]	1706
minecraft:vine[east=true,north=false,south=false,up=true,west=false]	1704
minecraft:vine[east=true,north=false,south=false,up=true,west=true]	1706
minecraft:vine[east=true,north=false,south=true,up=false,west=false]	1705
minecraft:vine[east=true,north=false,south=true,up=false,west=true]	1707
minecraft:vine[east=true,north=false,south=true,up=true,west=false]	1705
minecraft:vine[east=true,north=false,south=true,up=true,west=true]	1707
minecraft:vine[east=true,north=true,south=false,up=false,west=false]	1708
minecraft:vine[east=true,north=true,south=false,up=false,west=true]	1710
minecraft:vine[east=true,north=true,south=false,up=true,west=false]	1708
minecraft:vine[east=true,north=true,south=false,up=true,west=true]	1710
minecraft:vine[east=true,north=true,south=true,up=false,west=false]	1709
minecraft:vine[east=true,north=true,south=true,up=false,west=true]	1711
minecraft:vine[east=true,north=true,south=true,up=true,west=false]	1709
minecraft:vine[east=true,north=true,south=true,up=true,west=true]	1711
minecraft:wall_banner[facing=east]	2837
minecraft:wall_banner[facing=north]	2834
minecraft:wall_banner[facing=south]	2835
minecraft:wall_banner[facing=west]	2836
minecraft:wall_sign[facing=east]	1093
minecraft:wall_sign[facing=north]	1090
minecraft:wall_sign[facing=south]	1091
minecraft:wall_sign[facing=west]	1092
minecraft:water[level=0]	144
minecraft:water[level=10]	154
minecraft:water[level=11]	155
minecraft:water[level=12]	156
minecraft:water[level=13]	157
minecraft:water[level=14]	158
minecraft:water[level=15]	159
minecraft:water[level=1]	145
minecraft:water[level=2]	146
minecraft:water[level=3]	147
minecraft:water[level=4]	148
minecraft:water[level=5]	149
minecraft:water[level=6]	150
minecraft:water[level=7]	151
minecraft:water[level=8]	152
minecraft:water[level=9]	153
minecraft:waterlily	1776
minecraft:web	480
minecraft:wheat[age=0]	944
minecraft:wheat[age=1]	945
minecraft:wheat[age=2]	946
minecraft:wheat[age=3]	947
minecraft:wheat[age=4]	948
minecraft:wheat[age=5]	949
minecraft:wheat[age=6]	950
minecraft:wheat[age=7]	951
minecraft:white_glazed_terracotta[facing=east]	3763
minecraft:white_glazed_terracotta[facing=north]	3762
minecraft:white_glazed_terracotta[facing=south]	3760
minecraft:white_glazed_terracotta[facing=west]	3761
minecraft:white_shulker_box[facing=down]	3504
minecraft:white_shulker_box[facing=east]	3509
minecraft:white_shulker_box[facing=north]	3506
minecraft:white_shulker_box[facing=south]	3507
minecraft:white_shulker_box[facing=up]	3505
minecraft:white_shulker_box[facing=west]	3508
minecraft:wooden_button[facing=down,powered=false]	2288
minecraft:wooden_button[facing=down,powered=true]	2296
minecraft:wooden_button[facing=east,powered=false]	2289
minecraft:wooden_button[facing=east,powered=true]	2297
minecraft:wooden_button[facing=north,powered=false]	2292
minecraft:wooden_button[facing=north,powered=true]	2300
minecraft:wooden_button[facing=south,powered=false]	2291
minecraft:wooden_button[facing=south,powered=true]	2299
minecraft:wooden_button[facing=up,powered=false]	2293
minecraft:wooden_button[facing=up,powered=true]	2301
minecraft:wooden_button[facing=west,powered=false]	2290
minecraft:wooden_button[facing=west,powered=true]	2298
minecraft:wooden_door[facing=east,half=lower,hinge=left,open=false,powered=false]	1024
minecraft:wooden_door[facing=east,half=lower,hinge=left,open=false,powered=true]	1024
minecraft:wooden_door[facing=east,half=lower,hinge=left,open=true,powered=false]	1028
minecraft:wooden_door[facing=east,half=lower,hinge=left,open=true,powered=true]	1028
minecraft:wooden_door[facing=east,half=lower,hinge=right,open=false,powered=false]	1024
minecraft:wooden_door[facing=east,half=lower,hinge=right,open=false,powered=true]	1024
minecraft:wooden_door[facing=east,half=lower,hinge=right,open=true,powered=false]	1028
minecraft:wooden_door[facing=east,half=lower,hinge=right,open=true,powered=true]	1028
minecraft:wooden_door[facing=east,half=upper,hinge=left,open=false,powered=false]	1032
minecraft:wooden_door[facing=east,half=upper,hinge=left,open=false,powered=true]	1034
minecraft:wooden_door[facing=east,half=upper,hinge=left,open=true,powered=false]	1032
minecraft:wooden_door[facing=east,half=upper,hinge=left,open=true,powered=true]	1034
minecraft:wooden_door[facing=east,half=upper,hinge=right,open=false,powered=false]	1033
minecraft:wooden_door[facing=east,half=upper,hinge=right,open=false,powered=true]	1035
minecraft:wooden_door[facing=east,half=upper,hinge=right,open=true,powered=false]	1033
minecraft:wooden_door[facing=east,half=upper,hinge=right,open=true,powered=true]	1035
minecraft:wooden_door[facing=north,half=lower,hinge=left,open=false,powered=false]	1027
minecraft:wooden_door[facing=north,half=lower,hinge=left,open=false,powered=true]	1027
minecraft:wooden_door[facing=north,half=lower,hinge=left,open=true,powered=false]	1031
minecraft:wooden_door[facing=north,half=lower,hinge=left,open=true,powered=true]	1031
minecraft:wooden_door[facing=north,half=lower,hinge=right,open=false,powered=false]	1027
minecraft:wooden_door[facing=north,half=lower,hinge=right,open=false,powered=true]	1027
minecraft:wooden_door[facing=north,half=lower,hinge=right,open=true,powered=false]	1031
minecraft:wooden_door[facing=north,half=lower,hinge=right,open=true,powered=true]	1031
minecraft:wooden_door[facing=north,half=upper,hinge=left,open=false,powered=false]	1032
minecraft:wooden_door[facing=north,half=upper,hinge=left,open=false,powered=true]	1034
minecraft:wooden_door[facing=north,half=upper,hinge=left,open=true,powered=false]	1032
minecraft:wooden_door[facing=north,half=upper,hinge=left,open=true,powered=true]	1034
minecraft:wooden_door[facing=north,half=upper,hinge=right,open=false,powered=false]	1033
minecraft:wooden_door[facing=north,half=upper,hinge=right,open=false,powered=true]	1035
minecraft:wooden_door[facing=north,half=upper,hinge=right,open=true,powered=false]	1033
minecraft:wooden_door[facing=north,half=upper,hinge=right,open=true,powered=true]	1035
minecraft:wooden_door[facing=south,half=lower,hinge=left,open=false,powered=false]	1025
minecraft:wooden_door[facing=south,half=lower,hinge=left,open=false,powered=true]	1025
minecraft:wooden_door[facing=south,half=lower,hinge=left,open=true,powered=false]	1029
minecraft:wooden_door[facing=south,half=lower,hinge=left,open=true,powered=true]	1029
minecraft:wooden_door[facing=south,half=lower,hinge=right,open=false,powered=false]	1025
minecraft:wooden_door[facing=south,half=lower,hinge=right,open=false,powered=true]	1025
minecraft:wooden_door[facing=south,half=lower,hinge=right,open=true,powered=false]	1029
minecraft:wooden_door[facing=south,half=lower,hinge=right,open=true,powered=true]	1029
minecraft:wooden_door[facing=south,half=upper,hinge=left,open=false,powered=false]	1032
minecraft:wooden_door[facing=south,half=upper,hinge=left,open=false,powered=true]	1034
minecraft:wooden_door[facing=south,half=upper,hinge=left,open=true,powered=false]	1032
minecraft:wooden_door[facing=south,half=upper,hinge=left,open=true,powered=true]	1034
minecraft:wooden_door[facing=south,half=upper,hinge=right,open=false,powered=false]	1033
minecraft:wooden_door[facing=south,half=upper,hinge=right,open=false,powered=true]	1035
minecraft:wooden_door[facing=south,half=upper,hinge=right,open=true,powered=false]	1033
minecraft:wooden_door[facing=south,half=upper,hinge=right,open=true,powered=true]	1035
minecraft:wooden_door[facing=west,half=lower,hinge=left,open=false,powered=false]	1026
minecraft:wooden_door[facing=west,half=lower,hinge=left,open=false,powered=true]	1026
minecraft:wooden_door[facing=west,half=lower,hinge=left,open=true,powered=false]	1030
minecraft:wooden_door[facing=west,half=lower,hinge=left,open=true,powered=true]	1030
minecraft:wooden_door[facing=west,half=lower,hinge=right,open=false,powered=false]	1026
minecraft:wooden_door[facing=west,half=lower,hinge=right,open=false,powered=true]	1026
minecraft:wooden_door[facing=west,half=lower,hinge=right,open=true,powered=false]	1030
minecraft:wooden_door[facing=west,half=lower,hinge=right,open=true,powered=true]	1030
minecraft:wooden_door[facing=west,half=upper,hinge=left,open=false,powered=false]	1032
minecraft:wooden_door[facing=west,half=upper,hinge=left,open=false,powered=true]	1034
minecraft:wooden_door[facing=west,half=upper,hinge=left,open=true,powered=false]	1032
minecraft:wooden_door[facing=west,half=upper,hinge=left,open=true,powered=true]	1034
minecraft:wooden_door[facing=west,half=upper,hinge=right,open=false,powered=false]	1033
minecraft:wooden_door[facing=west,half=upper,hinge=right,open=false,powered=true]	1035
minecraft:wooden_door[facing=west,half=upper,hinge=right,open=true,powered=false]	1033
minecraft:wooden_door[facing=west,half=upper,hinge=right,open=true,powered=true]	1035
minecraft:wooden_pressure_plate[powered=false]	1152
minecraft:wooden_pressure_plate[powered=true]	1153
minecraft:wooden_slab[half=bottom,variant=acacia]	2020
minecraft:wooden_slab[half=bottom,variant=birch]	2018
minecraft:wooden_slab[half=bottom,variant=dark_oak]	2021
minecraft:wooden_slab[half=bottom,variant=jungle]	2019
minecraft:wooden_slab[half=bottom,variant=oak]	2016
minecraft:wooden_slab[half=bottom,variant=spruce]	2017
minecraft:wooden_slab[half=top,variant=acacia]	2028
minecraft:wooden_slab[half=top,variant=birch]	2026
minecraft:wooden_slab[half=top,variant=dark_oak]	2029
minecraft:wooden_slab[half=top,variant=jungle]	2027
minecraft:wooden_slab[half=top,variant=oak]	2024
minecraft:wooden_slab[half=top,variant=spruce]	2025
minecraft:wool[color=black]	575
minecraft:wool[color=blue]	571
minecraft:wool[color=brown]	572
minecraft:wool[color=cyan]	569
minecraft:wool[color=gray]	567
minecraft:wool[color=green]	573
minecraft:wool[color=light_blue]	563
minecraft:wool[color=lime]	565
minecraft:wool[color=magenta]	562
minecraft:wool[color=orange]	561
minecraft:wool[color=pink]	566
minecraft:wool[color=purple]	570
minecraft:wool[color=red]	574
minecraft:wool[color=silver]	568
minecraft:wool[color=white]	560
minecraft:wool[color=yellow]	564
minecraft:yellow_flower[type=dandelion]	592
minecraft:yellow_glazed_terracotta[facing=east]	3827
minecraft:yellow_glazed_terracotta[facing=north]	3826
minecraft:yellow_glazed_terracotta[facing=south]	3824
minecraft:yellow_glazed_terracotta[facing=west]	3825
minecraft:yellow_shulker_box[facing=down]	3568
minecraft:yellow_shulker_box[facing=east]	3573
minecraft:yellow_shulker_box[facing=north]	3570
minecraft:yellow_shulker_box[facing=south]	3571
minecraft:yellow_shulker_box[facing=up]	3569
minecraft:yellow_shulker_box[facing=west]	3572
